{"Nose": {"frame": [28, 29, 30, 31, 32, 33, 34, 35, 37], "x": [484.38, 486.354, 490.294, 492.223, 494.301, 503.991, 507.986, 511.908, 0], "y": [331.597, 331.589, 327.66, 335.555, 345.307, 355.121, 378.581, 376.626, 0], "conf": [0.783784, 0.800311, 0.762438, 0.805822, 0.717775, 0.544218, 0.502698, 0.811885, 0]}, "Neck": {"frame": [28, 29, 30, 31, 32, 33, 34, 35, 37], "x": [462.832, 462.962, 462.947, 466.745, 474.623, 478.545, 484.429, 492.205, 480.567], "y": [353.2, 355.094, 353.252, 362.889, 368.806, 382.477, 392.297, 398.117, 408.028], "conf": [0.920815, 0.900269, 0.888188, 0.858855, 0.935246, 0.950238, 0.832083, 0.940678, 0.838597]}, "RShoulder": {"frame": [28, 29, 30, 31, 32, 33, 34, 35, 37], "x": [447.119, 449.125, 456.933, 460.796, 460.912, 466.755, 470.672, 474.609, 507.956], "y": [357.109, 359.03, 360.972, 366.764, 370.818, 384.516, 396.214, 396.17, 400.124], "conf": [0.859381, 0.839202, 0.812182, 0.908833, 0.901172, 0.875709, 0.85036, 0.839165, 0.930613]}, "RElbow": {"frame": [28, 29, 30, 31, 32, 33, 34, 35, 37], "x": [462.778, 462.853, 462.795, 462.874, 460.914, 451.13, 445.167, 445.259, 541.273], "y": [394.291, 396.279, 398.176, 404.09, 413.954, 421.703, 417.76, 394.27, 384.568], "conf": [0.901528, 0.933285, 0.918881, 0.914439, 0.920187, 0.820635, 0.91159, 0.75583, 0.870703]}, "RWrist": {"frame": [28, 29, 30, 31, 32, 33, 34, 35, 37], "x": [482.447, 482.419, 486.377, 494.148, 480.472, 455.016, 431.547, 453.091, 556.938], "y": [370.825, 380.603, 384.548, 404.047, 441.306, 460.819, 447.238, 400.187, 366.781], "conf": [0.846651, 0.855651, 0.864894, 0.90531, 0.884581, 0.909052, 0.959625, 0.52572, 0.812544]}, "LShoulder": {"frame": [28, 29, 30, 31, 32, 33, 34, 35, 37], "x": [478.528, 478.608, 476.545, 478.46, 484.376, 492.233, 500.058, 507.924, 460.81], "y": [351.202, 353.12, 351.251, 355.17, 366.814, 376.666, 386.422, 398.249, 415.795], "conf": [0.854549, 0.869905, 0.868629, 0.872996, 0.843115, 0.851813, 0.852167, 0.908623, 0.907274]}, "LElbow": {"frame": [28, 29, 30, 31, 32, 33, 34, 35, 37], "x": [500.066, 498.126, 490.275, 478.625, 492.154, 507.888, 513.781, 523.533, 449.155], "y": [368.886, 374.708, 374.678, 384.552, 384.5, 380.572, 378.612, 423.632, 449.204], "conf": [0.486222, 0.488835, 0.375063, 0.720346, 0.691293, 0.752709, 0.591412, 0.804046, 0.82078]}, "LWrist": {"frame": [28, 29, 30, 31, 32, 33, 34, 35, 37], "x": [541.307, 523.554, 496.13, 498.147, 507.975, 523.649, 525.627, 519.621, 460.794], "y": [384.474, 398.196, 372.77, 390.382, 384.556, 382.521, 372.71, 411.916, 476.473], "conf": [0.40725, 0.137623, 0.429908, 0.703851, 0.825815, 0.857362, 0.734244, 0.590244, 0.827488]}, "MidHip": {"frame": [28, 29, 30, 31, 32, 33, 34, 35, 37], "x": [476.616, 478.482, 476.505, 474.627, 474.597, 476.525, 474.622, 478.445, 486.382], "y": [415.856, 413.885, 415.88, 423.693, 431.441, 443.238, 449.208, 460.816, 464.803], "conf": [0.844743, 0.866414, 0.856446, 0.847132, 0.90648, 0.912096, 0.866352, 0.929256, 0.813874]}, "RHip": {"frame": [28, 29, 30, 31, 32, 33, 34, 35, 37], "x": [464.882, 466.81, 462.959, 462.876, 462.769, 464.848, 462.923, 468.706, 498.147], "y": [425.603, 419.745, 423.692, 429.455, 431.601, 445.173, 451.109, 458.935, 462.895], "conf": [0.792849, 0.788504, 0.816477, 0.895774, 0.894618, 0.888796, 0.861024, 0.835802, 0.802578]}, "RKnee": {"frame": [28, 29, 30, 31, 32, 33, 34, 35, 37], "x": [470.679, 474.573, 476.463, 474.646, 476.541, 478.575, 492.204, 498.108, 502.069], "y": [478.453, 476.59, 476.514, 478.518, 478.593, 488.286, 486.377, 486.395, 507.927], "conf": [0.861258, 0.8862, 0.902936, 0.91346, 0.953027, 0.866253, 0.852532, 0.7659, 0.827363]}, "RAnkle": {"frame": [28, 29, 30, 31, 32, 33, 34, 35, 37], "x": [460.812, 460.825, 460.812, 458.942, 458.965, 460.834, 462.825, 509.83, 492.219], "y": [539.238, 539.223, 539.215, 539.231, 539.25, 539.322, 539.289, 529.515, 539.289], "conf": [0.919579, 0.910562, 0.905855, 0.89492, 0.905053, 0.930817, 0.857965, 0.788335, 0.598853]}, "LHip": {"frame": [28, 29, 30, 31, 32, 33, 34, 35, 37], "x": [486.364, 490.253, 482.427, 480.551, 482.457, 480.526, 478.628, 488.284, 474.584], "y": [411.853, 406.014, 413.809, 417.801, 429.492, 439.374, 449.151, 460.9, 466.792], "conf": [0.722302, 0.767771, 0.803214, 0.837881, 0.87679, 0.837256, 0.879476, 0.846715, 0.785366]}, "LKnee": {"frame": [28, 29, 30, 31, 32, 33, 34, 35, 37], "x": [509.843, 511.917, 525.46, 525.522, 521.668, 502.022, 500.103, 496.156, 492.133], "y": [374.689, 370.796, 396.28, 435.447, 462.835, 486.392, 488.32, 498.13, 505.931], "conf": [0.844884, 0.824591, 0.896234, 0.887026, 0.927458, 0.836428, 0.791552, 0.747298, 0.793724]}, "LAnkle": {"frame": [28, 29, 30, 31, 32, 33, 34, 35, 37], "x": [552.996, 527.594, 502.017, 494.233, 515.763, 539.326, 525.613, 464.89, 492.271], "y": [384.591, 413.856, 449.11, 482.442, 521.614, 525.458, 523.479, 535.328, 541.152], "conf": [0.834413, 0.876032, 0.871931, 0.883416, 0.818482, 0.965059, 0.843949, 0.807787, 0.577976]}, "REye": {"frame": [28, 29, 30, 31, 32, 33, 34, 35, 37], "x": [478.643, 480.514, 484.402, 490.263, 494.162, 498.132, 507.876, 509.891, 0], "y": [323.832, 325.697, 323.725, 333.53, 339.441, 353.158, 370.774, 370.773, 0], "conf": [0.826161, 0.834321, 0.776749, 0.739416, 0.793975, 0.63531, 0.580408, 0.879904, 0]}, "LEye": {"frame": [28, 29, 30, 31, 32, 33, 34, 35, 37], "x": [0, 0, 0, 0, 0, 0, 0, 0, 0], "y": [0, 0, 0, 0, 0, 0, 0, 0, 0], "conf": [0, 0, 0, 0, 0, 0, 0, 0, 0]}, "REar": {"frame": [28, 29, 30, 31, 32, 33, 34, 35, 37], "x": [470.674, 470.713, 474.618, 478.549, 484.379, 492.149, 496.189, 498.143, 490.222], "y": [327.697, 329.623, 327.688, 335.436, 341.431, 355.102, 370.795, 374.668, 382.42], "conf": [0.806088, 0.821374, 0.841177, 0.885303, 0.832354, 0.864931, 0.83368, 0.823449, 0.761127]}, "LEar": {"frame": [28, 29, 30, 31, 32, 33, 34, 35, 37], "x": [0, 0, 0, 0, 0, 0, 0, 0, 462.896], "y": [0, 0, 0, 0, 0, 0, 0, 0, 384.528], "conf": [0, 0, 0, 0, 0, 0, 0, 0, 0.820013]}, "LBigToe": {"frame": [28, 29, 30, 31, 32, 33, 34, 35, 37], "x": [570.523, 543.201, 513.798, 507.991, 539.327, 562.794, 552.919, 480.49, 509.894], "y": [372.704, 409.978, 464.788, 507.909, 539.251, 523.492, 517.735, 549.059, 543.243], "conf": [0.682454, 0.585126, 0.802911, 0.847923, 0.843058, 0.777764, 0.738269, 0.690673, 0.29857]}, "LSmallToe": {"frame": [28, 29, 30, 31, 32, 33, 34, 35, 37], "x": [566.686, 541.257, 515.746, 509.836, 541.152, 558.875, 547.087, 478.602, 507.951], "y": [368.866, 409.916, 462.813, 504.026, 535.311, 519.658, 513.8, 545.14, 543.156], "conf": [0.723916, 0.586073, 0.745742, 0.789402, 0.792555, 0.780042, 0.70619, 0.660614, 0.296859]}, "LHeel": {"frame": [28, 29, 30, 31, 32, 33, 34, 35, 37], "x": [556.837, 527.488, 494.115, 490.208, 507.989, 541.151, 525.589, 460.83, 480.497], "y": [398.232, 417.863, 453.095, 482.463, 525.545, 531.444, 525.608, 537.247, 543.144], "conf": [0.688444, 0.731442, 0.760513, 0.756966, 0.822286, 0.794376, 0.790164, 0.825654, 0.411833]}, "RBigToe": {"frame": [28, 29, 30, 31, 32, 33, 34, 35, 37], "x": [484.424, 484.408, 484.422, 482.481, 480.465, 480.493, 482.464, 523.626, 509.882], "y": [545.148, 545.114, 545.105, 543.26, 545.121, 545.159, 549.044, 535.373, 545.172], "conf": [0.842783, 0.841318, 0.794925, 0.81212, 0.848361, 0.832141, 0.766915, 0.474465, 0.442473]}, "RSmallToe": {"frame": [28, 29, 30, 31, 32, 33, 34, 35, 37], "x": [476.55, 476.547, 476.545, 476.479, 474.56, 476.506, 476.622, 521.572, 507.925], "y": [551.024, 550.996, 550.992, 550.998, 549.089, 551.009, 552.892, 539.274, 549.037], "conf": [0.861513, 0.855083, 0.804175, 0.80248, 0.766635, 0.818127, 0.821539, 0.49883, 0.437735]}, "RHeel": {"frame": [28, 29, 30, 31, 32, 33, 34, 35, 37], "x": [451.068, 451.07, 449.192, 449.135, 449.168, 449.19, 456.947, 509.796, 480.505], "y": [543.177, 543.161, 541.326, 541.33, 541.289, 543.16, 541.249, 539.207, 541.275], "conf": [0.811539, 0.792853, 0.799248, 0.832191, 0.819116, 0.847903, 0.856717, 0.701877, 0.526575]}, "Background": {"frame": [], "x": [], "y": [], "conf": []}}