{"Nose": {"frame": [1, 2, 3, 5], "x": [697.946, 697.981, 699.951, 707.743], "y": [194.542, 196.342, 196.329, 196.33], "conf": [0.928757, 0.958158, 0.9216, 0.914811]}, "Neck": {"frame": [1, 2, 3, 5], "x": [719.508, 717.566, 715.646, 719.501], "y": [227.683, 227.697, 227.711, 227.871], "conf": [0.897015, 0.900449, 0.913514, 0.881279]}, "RShoulder": {"frame": [1, 2, 3, 5], "x": [682.201, 680.373, 680.341, 682.219], "y": [227.714, 227.729, 227.793, 231.649], "conf": [0.933504, 0.9307, 0.918118, 0.881377]}, "RElbow": {"frame": [1, 2, 3, 5], "x": [664.666, 664.684, 664.715, 668.615], "y": [288.519, 288.545, 288.568, 292.467], "conf": [0.929591, 0.931173, 0.935238, 0.843562]}, "RWrist": {"frame": [1, 2, 3, 5], "x": [658.776, 660.729, 662.71, 672.5], "y": [341.391, 339.47, 339.439, 349.226], "conf": [0.810639, 0.836734, 0.88279, 0.857272]}, "LShoulder": {"frame": [1, 2, 3, 5], "x": [758.666, 758.635, 758.591, 758.686], "y": [225.853, 225.861, 225.837, 227.736], "conf": [0.919186, 0.918106, 0.908464, 0.920429]}, "LElbow": {"frame": [1, 2, 3, 5], "x": [762.676, 766.497, 764.542, 776.261], "y": [280.657, 280.68, 282.607, 280.665], "conf": [0.782517, 0.772305, 0.745315, 0.809365]}, "LWrist": {"frame": [1, 2, 3, 5], "x": [774.355, 776.255, 774.448, 788.082], "y": [323.781, 323.733, 325.692, 329.602], "conf": [0.832775, 0.855529, 0.769569, 0.791529]}, "MidHip": {"frame": [1, 2, 3, 5], "x": [727.216, 725.385, 725.365, 725.414], "y": [335.463, 335.455, 335.473, 335.521], "conf": [0.841353, 0.838112, 0.840376, 0.850396]}, "RHip": {"frame": [1, 2, 3, 5], "x": [698.028, 697.997, 698.019, 698.061], "y": [335.58, 335.569, 335.566, 337.436], "conf": [0.820236, 0.825953, 0.819927, 0.808175]}, "RKnee": {"frame": [1, 2, 3, 5], "x": [711.562, 711.627, 711.683, 713.636], "y": [417.764, 417.808, 417.775, 417.846], "conf": [0.874495, 0.878309, 0.879504, 0.874403]}, "RAnkle": {"frame": [1, 2, 3, 5], "x": [715.558, 717.51, 719.524, 725.351], "y": [496.128, 496.141, 496.209, 496.14], "conf": [0.8691, 0.842924, 0.812802, 0.842373]}, "LHip": {"frame": [1, 2, 3, 5], "x": [745.074, 745.043, 745.009, 745.077], "y": [333.519, 333.53, 333.573, 335.462], "conf": [0.810966, 0.824007, 0.838171, 0.825609]}, "LKnee": {"frame": [1, 2, 3, 5], "x": [762.636, 758.771, 750.864, 745.001], "y": [411.891, 413.834, 415.791, 415.879], "conf": [0.859946, 0.927739, 0.84811, 0.879679]}, "LAnkle": {"frame": [1, 2, 3, 5], "x": [776.243, 772.345, 762.605, 745.046], "y": [490.314, 496.197, 502.042, 502.052], "conf": [0.885853, 0.826462, 0.81649, 0.802799]}, "REye": {"frame": [1, 2, 3, 5], "x": [696.034, 696.023, 697.858, 699.873], "y": [186.655, 188.611, 188.613, 190.536], "conf": [0.627879, 0.781899, 0.854523, 0.871818]}, "LEye": {"frame": [1, 2, 3, 5], "x": [705.772, 707.719, 711.545, 713.549], "y": [190.546, 190.568, 190.502, 188.595], "conf": [0.819981, 0.855246, 0.876404, 0.889587]}, "REar": {"frame": [1, 2, 3, 5], "x": [0, 0, 0, 695.913], "y": [0, 0, 0, 192.479], "conf": [0, 0, 0, 0.0899541]}, "LEar": {"frame": [1, 2, 3, 5], "x": [727.221, 727.223, 727.273, 727.409], "y": [192.432, 192.442, 192.415, 190.565], "conf": [0.882118, 0.87741, 0.864912, 0.858498]}, "LBigToe": {"frame": [1, 2, 3, 5], "x": [782.167, 774.266, 760.677, 741.014], "y": [511.831, 519.7, 521.631, 521.638], "conf": [0.797507, 0.798667, 0.819973, 0.725518]}, "LSmallToe": {"frame": [1, 2, 3, 5], "x": [792.073, 784.134, 774.438, 752.792], "y": [507.948, 515.72, 519.636, 521.586], "conf": [0.862714, 0.786222, 0.797009, 0.699689]}, "LHeel": {"frame": [1, 2, 3, 5], "x": [772.353, 766.541, 760.638, 746.902], "y": [494.305, 507.832, 509.83, 509.807], "conf": [0.721289, 0.664368, 0.721983, 0.697339]}, "RBigToe": {"frame": [1, 2, 3, 5], "x": [711.691, 711.729, 713.65, 715.585], "y": [517.672, 517.68, 517.704, 517.71], "conf": [0.827173, 0.823184, 0.794657, 0.758114]}, "RSmallToe": {"frame": [1, 2, 3, 5], "x": [699.898, 699.966, 703.835, 709.684], "y": [511.852, 511.851, 511.89, 511.848], "conf": [0.837721, 0.815833, 0.779062, 0.801534]}, "RHeel": {"frame": [1, 2, 3, 5], "x": [725.352, 727.266, 727.355, 729.215], "y": [504.013, 505.899, 507.855, 507.811], "conf": [0.798081, 0.798494, 0.802582, 0.65376]}, "Background": {"frame": [], "x": [], "y": [], "conf": []}}