{"Nose": {"frame": [1, 2, 3, 4, 5, 6, 7, 8, 9, 10, 11, 12, 13, 14, 15, 16, 17, 18, 19, 20, 21], "x": [302.168, 304.098, 304.251, 306.096, 306.193, 308.114, 312.012, 315.947, 319.747, 319.842, 319.911, 321.761, 321.81, 321.796, 321.849, 321.816, 321.744, 321.733, 319.884, 319.844, 319.871], "y": [331.59, 333.472, 333.507, 333.534, 333.529, 333.487, 333.5, 333.532, 333.588, 335.397, 335.42, 335.482, 335.473, 335.472, 335.442, 335.453, 335.469, 335.522, 335.528, 337.394, 337.537], "conf": [0.884128, 0.921433, 0.947281, 0.923893, 0.908592, 0.875493, 0.857506, 0.873956, 0.911853, 0.940372, 0.94189, 0.952066, 0.943323, 0.940425, 0.926488, 0.935304, 0.950533, 0.959659, 0.942056, 0.912524, 0.908644]}, "Neck": {"frame": [1, 2, 3, 4, 5, 6, 7, 8, 9, 10, 11, 12, 13, 14, 15, 16, 17, 18, 19, 20, 21], "x": [315.945, 311.994, 308.128, 308.059, 306.162, 306.147, 306.199, 308.074, 310.031, 313.971, 317.798, 317.86, 317.903, 317.907, 317.908, 317.899, 317.861, 317.851, 317.812, 317.821, 317.904], "y": [362.967, 362.905, 359.062, 359.035, 357.103, 357.087, 359.018, 357.112, 360.969, 362.903, 362.885, 362.933, 362.945, 362.955, 362.935, 362.967, 362.96, 364.854, 362.921, 360.949, 361.006], "conf": [0.860609, 0.852529, 0.883673, 0.897876, 0.915579, 0.919283, 0.908549, 0.896472, 0.877063, 0.870254, 0.883132, 0.904913, 0.914442, 0.917167, 0.914921, 0.915957, 0.906863, 0.915159, 0.886197, 0.858644, 0.870702]}, "RShoulder": {"frame": [1, 2, 3, 4, 5, 6, 7, 8, 9, 10, 11, 12, 13, 14, 15, 16, 17, 18, 19, 20, 21], "x": [290.536, 290.438, 288.571, 288.488, 288.388, 286.564, 288.456, 288.503, 290.365, 290.444, 290.512, 292.378, 292.407, 292.409, 292.413, 292.403, 292.385, 292.402, 292.432, 294.349, 294.42], "y": [362.919, 362.896, 360.979, 359.056, 359.007, 359.012, 360.977, 359.048, 360.992, 361.004, 360.943, 361.009, 361.004, 362.888, 360.994, 362.898, 362.887, 361.015, 357.108, 355.156, 357.077], "conf": [0.878285, 0.903392, 0.919553, 0.909685, 0.884996, 0.875912, 0.894174, 0.906484, 0.908636, 0.906966, 0.892367, 0.878961, 0.874344, 0.874303, 0.873065, 0.876631, 0.876569, 0.873412, 0.86557, 0.841464, 0.832457]}, "RElbow": {"frame": [1, 2, 3, 4, 5, 6, 7, 8, 9, 10, 11, 12, 13, 14, 15, 16, 17, 18, 19, 20, 21], "x": [288.514, 288.38, 282.614, 276.799, 276.74, 276.735, 276.726, 278.686, 286.462, 286.512, 288.4, 288.439, 288.477, 288.48, 288.481, 288.452, 288.459, 288.53, 288.48, 290.42, 286.519], "y": [398.247, 398.164, 396.245, 398.107, 398.1, 398.124, 398.178, 396.214, 398.124, 398.162, 398.147, 398.137, 398.118, 398.144, 398.129, 398.19, 398.104, 396.281, 396.208, 388.415, 388.38], "conf": [0.911278, 0.885496, 0.821771, 0.855399, 0.855012, 0.865139, 0.886109, 0.833626, 0.856658, 0.880473, 0.896879, 0.912523, 0.91713, 0.92686, 0.918398, 0.91859, 0.907856, 0.882656, 0.811286, 0.486036, 0.770341]}, "RWrist": {"frame": [1, 2, 3, 4, 5, 6, 7, 8, 9, 10, 11, 12, 13, 14, 15, 16, 17, 18, 19, 20, 21], "x": [292.476, 290.393, 288.453, 288.439, 288.391, 288.417, 288.426, 288.493, 290.365, 290.438, 290.436, 290.418, 290.382, 290.39, 290.385, 290.412, 288.513, 288.422, 290.502, 290.533, 294.382], "y": [427.517, 423.683, 419.797, 423.646, 423.631, 423.646, 423.646, 421.695, 423.679, 425.59, 423.693, 423.675, 423.639, 423.646, 421.731, 423.706, 419.801, 417.868, 411.882, 398.174, 386.464], "conf": [0.801682, 0.856198, 0.880426, 0.873897, 0.849889, 0.852279, 0.855703, 0.894731, 0.88506, 0.859212, 0.873062, 0.877564, 0.881942, 0.87645, 0.876116, 0.864341, 0.894126, 0.85529, 0.683063, 0.420038, 0.714047]}, "LShoulder": {"frame": [1, 2, 3, 4, 5, 6, 7, 8, 9, 10, 11, 12, 13, 14, 15, 16, 17, 18, 19, 20, 21], "x": [335.551, 335.405, 333.534, 333.499, 329.656, 329.64, 329.671, 333.513, 335.416, 335.551, 337.415, 337.456, 337.504, 337.509, 337.511, 337.504, 337.453, 337.421, 335.567, 335.554, 337.416], "y": [364.828, 362.966, 360.997, 360.939, 357.081, 357.037, 357.071, 358.985, 360.986, 362.904, 360.986, 361.011, 362.902, 362.906, 362.897, 362.93, 362.929, 364.88, 364.873, 362.968, 364.832], "conf": [0.896192, 0.873589, 0.855952, 0.852521, 0.852946, 0.859671, 0.851315, 0.857338, 0.875219, 0.902112, 0.896686, 0.895863, 0.893168, 0.893713, 0.893188, 0.895528, 0.89942, 0.917511, 0.92396, 0.894584, 0.90132]}, "LElbow": {"frame": [1, 2, 3, 4, 5, 6, 7, 8, 9, 10, 11, 12, 13, 14, 15, 16, 17, 18, 19, 20, 21], "x": [351.14, 349.243, 347.243, 345.282, 343.317, 343.353, 345.292, 347.225, 349.211, 351.1, 351.15, 351.192, 351.218, 351.21, 351.216, 351.21, 351.204, 353.066, 351.246, 351.201, 351.139], "y": [402.089, 400.212, 400.163, 400.18, 400.154, 400.14, 400.137, 400.132, 400.132, 400.154, 400.21, 400.231, 400.234, 400.266, 400.259, 400.274, 400.259, 400.269, 400.226, 400.191, 400.21], "conf": [0.917478, 0.917554, 0.907854, 0.905816, 0.911663, 0.914271, 0.914185, 0.914503, 0.944732, 0.952437, 0.943686, 0.94785, 0.947579, 0.943626, 0.946612, 0.943915, 0.946322, 0.941902, 0.944008, 0.939023, 0.940159]}, "LWrist": {"frame": [1, 2, 3, 4, 5, 6, 7, 8, 9, 10, 11, 12, 13, 14, 15, 16, 17, 18, 19, 20, 21], "x": [321.785, 321.711, 317.882, 317.845, 317.843, 317.84, 317.848, 317.886, 319.871, 319.908, 319.914, 321.751, 321.75, 321.74, 321.755, 321.738, 321.722, 321.788, 321.818, 319.91, 319.92], "y": [429.594, 429.535, 429.514, 429.51, 429.48, 427.63, 429.462, 429.511, 427.627, 429.44, 429.459, 429.443, 429.439, 429.45, 427.627, 429.439, 427.599, 421.683, 413.879, 404.076, 400.205], "conf": [0.929259, 0.919914, 0.899746, 0.903576, 0.905386, 0.893933, 0.891478, 0.909022, 0.91069, 0.900026, 0.904287, 0.899949, 0.892814, 0.897269, 0.896048, 0.899863, 0.899072, 0.852676, 0.895769, 0.814285, 0.868241]}, "MidHip": {"frame": [1, 2, 3, 4, 5, 6, 7, 8, 9, 10, 11, 12, 13, 14, 15, 16, 17, 18, 19, 20, 21], "x": [317.86, 313.956, 310.035, 308.112, 308.075, 308.09, 308.159, 310.06, 311.976, 312.028, 313.955, 315.902, 315.954, 315.947, 315.926, 315.923, 315.951, 315.895, 312.006, 315.941, 319.83], "y": [443.289, 443.273, 445.134, 441.334, 441.329, 443.192, 443.221, 443.227, 443.198, 441.312, 443.2, 443.282, 443.284, 443.294, 445.119, 445.132, 443.296, 443.277, 435.466, 431.471, 431.486], "conf": [0.840553, 0.824676, 0.862185, 0.852377, 0.860169, 0.858266, 0.849704, 0.843961, 0.827642, 0.816087, 0.820643, 0.835091, 0.838585, 0.838477, 0.839653, 0.841035, 0.844029, 0.831224, 0.814291, 0.871453, 0.912827]}, "RHip": {"frame": [1, 2, 3, 4, 5, 6, 7, 8, 9, 10, 11, 12, 13, 14, 15, 16, 17, 18, 19, 20, 21], "x": [302.21, 298.308, 294.406, 292.472, 292.44, 292.455, 294.35, 294.401, 296.324, 296.357, 298.303, 300.258, 302.157, 302.15, 302.119, 300.257, 302.151, 302.136, 300.26, 304.142, 306.168], "y": [445.127, 443.27, 445.134, 443.194, 443.207, 443.221, 443.248, 443.249, 443.205, 441.305, 443.189, 443.269, 443.273, 443.28, 443.29, 445.125, 443.287, 443.258, 435.403, 429.611, 431.474], "conf": [0.840131, 0.822504, 0.839552, 0.825006, 0.839889, 0.839696, 0.82882, 0.829432, 0.815231, 0.797935, 0.805812, 0.831047, 0.841649, 0.841856, 0.835777, 0.83431, 0.846993, 0.834093, 0.815203, 0.902043, 0.862334]}, "RKnee": {"frame": [1, 2, 3, 4, 5, 6, 7, 8, 9, 10, 11, 12, 13, 14, 15, 16, 17, 18, 19, 20, 21], "x": [294.351, 292.426, 292.391, 292.441, 292.467, 294.352, 294.397, 296.324, 298.286, 298.309, 300.197, 300.232, 302.149, 302.134, 302.136, 300.24, 294.411, 292.433, 292.454, 290.454, 300.227], "y": [498.125, 496.24, 500.05, 498.122, 498.121, 498.154, 498.163, 500.064, 498.084, 498.112, 498.171, 500.09, 500.117, 500.108, 502.009, 500.11, 500.065, 496.241, 496.184, 486.337, 494.294], "conf": [0.846907, 0.862944, 0.864039, 0.866171, 0.855377, 0.845432, 0.840312, 0.823962, 0.846083, 0.840194, 0.832723, 0.838584, 0.844876, 0.842364, 0.840857, 0.8345, 0.835206, 0.870618, 0.867331, 0.833412, 0.824897]}, "RAnkle": {"frame": [1, 2, 3, 4, 5, 6, 7, 8, 9, 10, 11, 12, 13, 14, 15, 16, 17, 18, 19, 20, 21],