{"Nose": {"frame": [2, 4, 5, 6, 7, 8, 9, 10, 11, 12, 13], "x": [523.615, 0, 0, 0, 0, 0, 0, 0, 0, 0, 0], "y": [382.456, 0, 0, 0, 0, 0, 0, 0, 0, 0, 0], "conf": [0.14799, 0, 0, 0, 0, 0, 0, 0, 0, 0, 0]}, "Neck": {"frame": [2, 4, 5, 6, 7, 8, 9, 10, 11, 12, 13], "x": [552.948, 635.265, 668.617, 698.037, 719.514, 729.404, 742.927, 744.89, 744.91, 743.036, 741.011], "y": [402.122, 376.677, 361.007, 347.279, 331.596, 310.075, 296.318, 280.695, 259.184, 241.533, 225.838], "conf": [0.904774, 0.899095, 0.847664, 0.890692, 0.826862, 0.881964, 0.894886, 0.899888, 0.95098, 0.956856, 0.906249]}, "RShoulder": {"frame": [2, 4, 5, 6, 7, 8, 9, 10, 11, 12, 13], "x": [568.623, 660.683, 696.076, 727.416, 748.934, 762.686, 776.286, 780.218, 784.127, 782.189, 778.278], "y": [400.1, 372.726, 357.061, 343.351, 327.662, 308.076, 292.46, 278.664, 259.076, 241.451, 225.729], "conf": [0.938032, 0.843651, 0.882181, 0.882355, 0.830548, 0.884933, 0.900033, 0.849606, 0.881382, 0.862168, 0.869822]}, "RElbow": {"frame": [2, 4, 5, 6, 7, 8, 9, 10, 11, 12, 13], "x": [580.424, 674.462, 713.595, 744.932, 766.535, 778.336, 791.96, 797.903, 805.662, 805.713, 807.609], "y": [435.409, 415.805, 400.229, 386.462, 378.576, 362.929, 349.249, 335.597, 319.893, 304.215, 288.543], "conf": [0.826566, 0.890025, 0.960601, 0.965374, 0.833669, 0.864143, 0.950511, 0.903672, 0.959078, 0.973137, 0.937161]}, "RWrist": {"frame": [2, 4, 5, 6, 7, 8, 9, 10, 11, 12, 13], "x": [553, 649.019, 684.277, 715.567, 742.943, 756.699, 762.578, 766.535, 776.355, 772.383, 805.707], "y": [455.004, 431.549, 421.734, 407.999, 396.259, 382.501, 366.786, 353.207, 337.398, 302.228, 274.831], "conf": [0.492497, 0.503826, 0.630871, 0.670515, 0.580525, 0.611323, 0.572069, 0.628725, 0.519548, 0.126928, 0.111084]}, "LShoulder": {"frame": [2, 4, 5, 6, 7, 8, 9, 10, 11, 12, 13], "x": [537.295, 617.53, 648.916, 674.454, 692.033, 697.976, 707.719, 709.686, 707.706, 699.978, 696.011], "y": [406.017, 378.64, 364.874, 349.237, 333.533, 313.992, 298.303, 284.557, 261.049, 243.373, 225.89], "conf": [0.864917, 0.87541, 0.894905, 0.861508, 0.857322, 0.881976, 0.824966, 0.845358, 0.860987, 0.877337, 0.908467]}, "LElbow": {"frame": [2, 4, 5, 6, 7, 8, 9, 10, 11, 12, 13], "x": [541.172, 617.679, 647.045, 666.574, 680.207, 686.173, 695.943, 695.907, 692.033, 682.363, 678.391], "y": [445.231, 417.853, 404.076, 396.199, 384.429, 368.734, 351.115, 335.512, 319.878, 304.222, 290.395], "conf": [0.915631, 0.876606, 0.849332, 0.895862, 0.889363, 0.869192, 0.904063, 0.916261, 0.890541, 0.929962, 0.895611]}, "LWrist": {"frame": [2, 4, 5, 6, 7, 8, 9, 10, 11, 12, 13], "x": [513.79, 598.054, 629.378, 649.054, 670.552, 695.993, 711.722, 713.576, 715.571, 713.6, 707.776], "y": [449.216, 425.648, 413.806, 398.228, 384.439, 370.757, 364.909, 353.159, 321.77, 302.19, 288.424], "conf": [0.843803, 0.811594, 0.811919, 0.872647, 0.4334, 0.266627, 0.354273, 0.498895, 0.177945, 0.153257, 0.143749]}, "MidHip": {"frame": [2, 4, 5, 6, 7, 8, 9, 10, 11, 12, 13], "x": [556.995, 639.228, 674.455, 701.912, 725.304, 733.194, 743.022, 744.91, 743.087, 743.056, 742.968], "y": [478.587, 460.838, 447.142, 433.452, 423.684, 407.99, 398.15, 384.501, 370.797, 357.084, 345.285], "conf": [0.851954, 0.812871, 0.816998, 0.793973, 0.765723, 0.755065, 0.841567, 0.822597, 0.783521, 0.75857, 0.733118]}, "RHip": {"frame": [2, 4, 5, 6, 7, 8, 9, 10, 11, 12, 13], "x": [570.547, 654.831, 692.036, 721.47, 742.981, 756.686, 762.593, 768.458, 768.501, 768.502, 766.496], "y": [478.57, 460.825, 447.153, 433.465, 425.618, 408.016, 398.185, 384.526, 370.757, 357.037, 343.35], "conf": [0.847911, 0.802149, 0.810128, 0.77546, 0.790154, 0.748816, 0.779897, 0.73541, 0.699562, 0.67919, 0.673698]}, "RKnee": {"frame": [2, 4, 5, 6, 7, 8, 9, 10, 11, 12, 13], "x": [541.215, 633.275, 668.594, 699.888, 727.239, 739.11, 748.893, 758.607, 760.653, 760.698, 764.555], "y": [539.221, 523.581, 517.714, 509.813, 498.112, 490.207, 480.5, 476.497, 462.9, 451.144, 447.11], "conf": [0.957402, 0.963988, 0.857985, 0.899673, 0.87064, 0.839003, 0.840859, 0.885803, 0.892436, 0.853935, 0.836097]}, "RAnkle": {"frame": [2, 4, 5, 6, 7, 8, 9, 10, 11, 12, 13], "x": [588.257, 650.964, 666.666, 697.889, 721.451, 735.143, 746.944, 756.707, 762.576, 772.32, 774.361], "y": [584.258, 572.68, 586.287, 584.26, 574.561, 570.579, 570.529, 566.716, 564.697, 554.885, 541.241], "conf": [0.864653, 0.892151, 0.890107, 0.873073, 0.796544, 0.82303, 0.843599, 0.786054, 0.805249, 0.787064, 0.83191]}, "LHip": {"frame": [2, 4, 5, 6, 7, 8, 9, 10, 11, 12, 13], "x": [552.893, 627.432, 658.771, 684.303, 701.889, 713.628, 719.529, 723.37, 717.567, 715.647, 713.727], "y": [478.585, 460.862, 447.134, 433.476, 425.59, 407.995, 398.128, 384.491, 370.819, 358.996, 345.32], "conf": [0.832909, 0.795724, 0.797864, 0.78211, 0.766993, 0.777602, 0.749183, 0.732972, 0.699009, 0.691321, 0.69786]}, "LKnee": {"frame": [2, 4, 5, 6, 7, 8, 9, 10, 11, 12, 13], "x": [517.713, 611.716, 641.154, 654.896, 668.542, 682.367, 697.973, 709.67, 713.676, 715.611, 715.544], "y": [537.293, 523.659, 511.874, 496.224, 482.475, 472.608, 466.751, 464.789, 462.821, 451.11, 447.128], "conf": [0.85614, 0.85109, 0.802007, 0.819196, 0.849717, 0.85889, 0.862311, 0.837152, 0.870321, 0.822892, 0.86225]}, "LAnkle": {"frame": [2, 4, 5, 6, 7, 8, 9, 10, 11, 12, 13], "x": [523.57, 615.628, 648.939, 674.467, 690.094, 695.967, 698.043, 699.902, 711.566, 711.741, 713.685], "y": [603.89, 598.054, 588.175, 574.513, 556.856, 552.925, 554.856, 554.829, 549.053, 543.199, 545.119], "conf": [0.908917, 0.823853, 0.883643, 0.815142, 0.836843, 0.863905, 0.874466, 0.875102, 0.841854, 0.879869, 0.860765]}, "REye": {"frame": [2, 4, 5, 6, 7, 8, 9, 10, 11, 12, 13], "x": [0, 0, 0, 0, 0, 0, 0, 0, 0, 0, 760.572], "y": [0, 0, 0, 0, 0, 0, 0, 0, 0, 0, 178.81], "conf": [0, 0, 0, 0, 0, 0, 0, 0, 0, 0, 0.109084]}, "LEye": {"frame": [2, 4, 5, 6, 7, 8, 9, 10, 11, 12, 13], "x": [523.64, 0, 0, 0, 0, 0, 0, 0, 0, 0, 0], "y": [374.691, 0, 0, 0, 0, 0, 0, 0, 0, 0, 0], "conf": [0.198829, 0, 0, 0, 0, 0, 0, 0, 0, 0, 0]}, "REar": {"frame": [2, 4, 5, 6, 7, 8, 9, 10, 11, 12, 13], "x": [552.955, 637.29, 680.227, 709.69, 729.289, 744.882, 754.723, 758.7, 760.62, 758.661, 756.666], "y": [372.737, 345.314, 329.637, 311.975, 292.438, 274.695, 257.176, 241.524, 221.838, 196.495, 180.763], "conf": [0.228773, 0.65783, 0.700281, 0.644509, 0.797364, 0.676134, 0.683047, 0.837816, 0.820794, 0.900697, 0.895716]}, "LEar": {"frame": [2, 4, 5, 6, 7, 8, 9, 10, 11, 12, 13], "x": [529.465, 617.554, 650.873, 680.336, 698.035, 713.531, 723.443, 727.265, 727.335, 727.294, 725.369], "y": [380.517, 349.263, 333.513, 315.881, 292.491, 274.741, 257.222, 241.505, 219.889, 198.366, 182.712], "conf": [0.826217, 0.877256, 0.854261, 0.833933, 0.758075, 0.873611, 0.850568, 0.856942, 0.705375, 0.490591, 0.385704]}, "LBigToe": {"frame": [2, 4, 5, 6, 7, 8, 9, 10, 11, 12, 13], "x": [492.309, 588.172, 619.602, 648.951, 666.578, 668.572, 674.464, 680.288, 690.092, 695.934, 696.019], "y": [605.84, 602.039, 592.17, 586.255, 574.496, 564.76, 556.874, 549.079, 541.228, 541.174, 543.192], "conf": [0.782841, 0.80213, 0.773668, 0.805907, 0.717309, 0.732564, 0.772846, 0.715843, 0.640761, 0.661223, 0.658989]}, "LSmallToe": {"frame": [2, 4, 5, 6, 7, 8, 9, 10, 11, 12, 13], "x": [500.072, 592.196, 625.492, 652.875, 666.61, 674.418, 678.349, 680.225, 686.217, 693.962, 695.908], "y": [613.686, 605.879, 599.94, 588.25, 574.519, 568.607, 560.808, 554.939, 547.099, 545.116, 550.986], "conf": [0.778246, 0.806036, 0.78171, 0.839685, 0.782495, 0.795574, 0.81808, 0.861547, 0.735656, 0.765215, 0.784648]}, "LHeel": {"frame": [2, 4, 5, 6, 7, 8, 9, 10, 11, 12, 13], "x": [529.432, 619.601, 652.914, 682.211, 696.017, 699.961, 709.698, 707.76, 713.606, 715.625, 721.454], "y": [611.77, 603.925, 596.064, 586.219, 566.696, 556.939, 560.841, 562.758, 556.982, 555.008, 556.88], "conf": [0.804771, 0.853188, 0.829022, 0.846242, 0.782664, 0.841702, 0.80351, 0.780407, 0.850303, 0.847211, 0.862985]},