{"Nose": {"frame": [28, 29, 30, 31, 32, 33, 34, 35, 36, 38, 39, 40, 41, 42, 43, 44, 45, 46, 47], "x": [476.537, 476.517, 476.549, 476.578, 478.5, 486.345, 494.262, 505.928, 502.068, 0, 447.25, 437.417, 429.595, 0, 0, 0, 0, 0, 0], "y": [331.587, 331.57, 325.757, 331.626, 337.499, 353.086, 366.917, 378.633, 368.856, 0, 398.165, 398.276, 384.589, 0, 0, 0, 0, 0, 0], "conf": [0.811602, 0.797102, 0.762505, 0.660035, 0.728199, 0.562036, 0.610009, 0.685797, 0.814335, 0, 0.0656872, 0.149638, 0.0730468, 0, 0, 0, 0, 0, 0]}, "Neck": {"frame": [28, 29, 30, 31, 32, 33, 34, 35, 36, 38, 39, 40, 41, 42, 43, 44, 45, 46, 47], "x": [447.25, 453.039, 451.13, 451.115, 456.968, 462.838, 474.602, 478.465, 478.625, 478.513, 474.59, 462.875, 458.97, 451.14, 445.273, 439.342, 431.589, 429.554, 413.933], "y": [355.106, 355.165, 353.254, 355.166, 366.761, 380.521, 388.383, 398.212, 398.136, 415.928, 415.756, 411.934, 400.178, 392.337, 388.447, 384.601, 388.444, 392.34, 396.25], "conf": [0.898103, 0.849953, 0.862234, 0.857211, 0.892004, 0.920897, 0.872661, 0.936788, 0.909596, 0.929796, 0.897835, 0.846739, 0.885545, 0.822386, 0.892894, 0.876189, 0.865154, 0.8892, 0.912208]}, "RShoulder": {"frame": [28, 29, 30, 31, 32, 33, 34, 35, 36, 38, 39, 40, 41, 42, 43, 44, 45, 46, 47], "x": [433.496, 433.526, 435.457, 443.184, 445.128, 449.142, 460.8, 460.904, 462.916, 502.002, 490.265, 474.638, 468.744, 466.813, 464.795, 460.821, 447.292, 443.302, 427.565], "y": [357.114, 360.94, 358.993, 362.954, 368.782, 382.555, 398.118, 400.207, 398.277, 409.969, 411.944, 411.93, 400.102, 386.443, 384.444, 372.766, 378.607, 378.646, 384.539], "conf": [0.83967, 0.825042, 0.821059, 0.837476, 0.927639, 0.88985, 0.888527, 0.902697, 0.885481, 0.844366, 0.831991, 0.811504, 0.831184, 0.851784, 0.931359, 0.85019, 0.874213, 0.849435, 0.87983]}, "RElbow": {"frame": [28, 29, 30, 31, 32, 33, 34, 35, 36, 38, 39, 40, 41, 42, 43, 44, 45, 46, 47], "x": [445.246, 447.145, 447.266, 445.307, 447.118, 445.157, 439.322, 429.591, 431.442, 539.224, 507.962, 476.567, 478.643, 476.585, 478.466, 464.853, 460.822, 447.163, 431.528], "y": [398.197, 398.202, 398.232, 404.099, 415.784, 427.579, 431.439, 415.842, 398.284, 398.215, 431.582, 443.216, 445.16, 423.641, 413.792, 372.734, 366.808, 408.009, 427.538], "conf": [0.934634, 0.902726, 0.924842, 0.908982, 0.956595, 0.885858, 0.882975, 0.924471, 0.863413, 0.898712, 0.17322, 0.667093, 0.808691, 0.287421, 0.351216, 0.330558, 0.712913, 0.108775, 0.203287]}, "RWrist": {"frame": [28, 29, 30, 31, 32, 33, 34, 35, 36, 38, 39, 40, 41, 42, 43, 44, 45, 46, 47], "x": [468.774, 472.677, 476.52, 478.557, 478.508, 451.092, 429.577, 427.618, 449.208, 554.888, 0, 464.788, 478.473, 445.27, 451.098, 0, 433.532, 0, 417.824], "y": [384.428, 386.481, 384.408, 398.269, 431.538, 462.842, 464.882, 449.174, 396.222, 378.624, 0, 447.128, 480.549, 431.575, 429.564, 0, 355.132, 0, 445.144], "conf": [0.849471, 0.81107, 0.911434, 0.941031, 0.91394, 0.890948, 0.949204, 0.848056, 0.768337, 0.80018, 0, 0.646599, 0.890489, 0.356994, 0.0692579, 0, 0.606637, 0, 0.239629]}, "LShoulder": {"frame": [28, 29, 30, 31, 32, 33, 34, 35, 36, 38, 39, 40, 41, 42, 43, 44, 45, 46, 47], "x": [462.821, 470.731, 466.747, 462.96, 466.778, 476.569, 486.394, 494.237, 496.139, 458.926, 458.887, 456.929, 447.118, 435.47, 427.571, 415.94, 415.811, 415.831, 402.123], "y": [353.202, 353.233, 353.122, 353.145, 359.03, 372.751, 382.434, 394.279, 396.217, 429.49, 417.817, 411.896, 400.171, 396.263, 396.266, 398.261, 402.177, 404.088, 402.113], "conf": [0.885156, 0.84986, 0.847556, 0.897305, 0.789272, 0.820014, 0.836654, 0.806602, 0.814102, 0.896416, 0.871379, 0.875106, 0.906993, 0.865279, 0.887214, 0.920974, 0.882614, 0.870216, 0.874917]}, "LElbow": {"frame": [28, 29, 30, 31, 32, 33, 34, 35, 36, 38, 39, 40, 41, 42, 43, 44, 45, 46, 47], "x": [476.594, 494.146, 484.381, 466.799, 476.567, 492.226, 505.956, 504.008, 494.205, 460.843, 462.941, 449.125, 453.078, 443.283, 433.437, 433.537, 433.497, 429.441, 411.924], "y": [386.458, 370.802, 382.602, 384.497, 380.526, 384.517, 378.583, 382.565, 419.73, 468.742, 466.795, 441.285, 413.871, 421.711, 443.206, 447.178, 447.283, 451.118, 449.157], "conf": [0.39428, 0.736137, 0.292163, 0.529876, 0.630489, 0.409216, 0.680712, 0.484859, 0.587551, 0.712722, 0.849595, 0.816079, 0.794183, 0.666578, 0.823642, 0.879705, 0.843505, 0.853238, 0.733857]}, "LWrist": {"frame": [28, 29, 30, 31, 32, 33, 34, 35, 36, 38, 39, 40, 41, 42, 43, 44, 45, 46, 47], "x": [486.341, 525.506, 488.305, 490.218, 494.255, 511.818, 523.531, 511.898, 507.979, 462.778, 441.335, 435.465, 445.254, 439.331, 423.683, 439.33, 431.538, 411.898, 415.823], "y": [382.495, 394.269, 382.53, 384.492, 382.515, 386.422, 378.603, 370.857, 427.608, 476.563, 482.427, 433.509, 433.457, 435.449, 437.395, 427.581, 443.236, 431.542, 443.189], "conf": [0.486928, 0.306775, 0.217354, 0.604514, 0.774448, 0.378771, 0.785782, 0.50299, 0.777758, 0.32416, 0.821183, 0.732594, 0.875139, 0.676758, 0.235202, 0.302323, 0.357864, 0.794046, 0.517659]}, "MidHip": {"frame": [28, 29, 30, 31, 32, 33, 34, 35, 36, 38, 39, 40, 41, 42, 43, 44, 45, 46, 47], "x": [460.894, 464.773, 462.959, 460.88, 460.877, 462.818, 462.942, 472.648, 482.441, 492.301, 505.963, 507.884, 507.827, 505.926, 500.089, 496.166, 492.262, 478.599, 460.944], "y": [427.527, 419.774, 417.854, 425.646, 429.625, 443.235, 456.941, 462.921, 472.609, 472.614, 454.999, 445.262, 439.378, 435.415, 431.507, 431.573, 435.473, 445.179, 447.274], "conf": [0.824661, 0.775038, 0.812718, 0.863445, 0.939008, 0.900901, 0.867229, 0.84598, 0.790883, 0.865397, 0.787578, 0.85555, 0.821855, 0.803304, 0.825465, 0.849668, 0.835937, 0.832598, 0.835205]}, "RHip": {"frame": [28, 29, 30, 31, 32, 33, 34, 35, 36, 38, 39, 40, 41, 42, 43, 44, 45, 46, 47], "x": [447.284, 455.048, 456.926, 447.25, 447.268, 451.122, 458.919, 462.802, 476.615, 507.835, 517.746, 519.697, 513.831, 511.82, 507.963, 505.979, 500.078, 482.477, 462.901], "y": [431.451, 429.479, 427.565, 429.536, 431.571, 445.214, 458.929, 464.838, 472.677, 466.748, 447.271, 441.279, 431.534, 429.498, 425.602, 427.551, 429.571, 439.331, 447.149], "conf": [0.854592, 0.776217, 0.775774, 0.884165, 0.871524, 0.856566, 0.864225, 0.86789, 0.830801, 0.830629, 0.75966, 0.733137, 0.796543, 0.80032, 0.785518, 0.804936, 0.799438, 0.725318, 0.758117]}, "RKnee": {"frame": [28, 29, 30, 31, 32, 33, 34, 35, 36, 38, 39, 40, 41, 42, 43, 44, 45, 46, 47], "x": [458.94, 460.831, 460.864, 460.844, 460.884, 464.872, 476.605, 490.289, 498.157, 509.797, 521.587, 553.003, 566.685, 570.635, 564.693, 539.259, 496.172, 449.104, 415.841], "y": [490.247, 486.35, 486.336, 486.34, 490.209, 490.218, 496.179, 505.944, 513.782, 509.864, 478.511, 484.378, 458.962, 431.584, 431.605, 451.079, 462.88, 480.487, 490.321], "conf": [0.861592, 0.857614, 0.865873, 0.884205, 0.905435, 0.872936, 0.912271, 0.874903, 0.725725, 0.879985, 0.635593, 0.669605, 0.848698, 0.859116, 0.830679, 0.853397, 0.735027, 0.870824, 0.866181]}, "RAnkle": {"frame": [28, 29, 30, 31, 32, 33, 34, 35, 36, 38, 39, 40, 41, 42, 43, 44, 45, 46, 47], "x": [445.242, 445.284, 445.267, 445.197, 445.17, 445.247, 449.107, 456.964, 476.499, 503.988, 525.494, 537.252, 582.349, 617.601, 631.301, 586.199, 511.8, 431.603, 394.293], "y": [555.02, 554.961, 554.839, 552.895, 547.115, 551.01, 552.986, 551.027, 543.159, 541.291, 500.068, 453.081, 413.784, 413.924, 429.569, 462.896, 494.247, 531.426, 551.016], "conf": [0.921588, 0.907507, 0.885557, 0.871416, 0.859789, 0.882474, 0.878326, 0.838749, 0.726489, 0.747371, 0.750813, 0.267018, 0.712245, 0.67576, 0.824249, 0.878458, 0.762503, 0.872314, 0.759924]}, "LHip": {"frame": [28, 29, 30, 31, 32, 33, 34, 35, 36, 38, 39, 40, 41, 42, 43, 44, 45, 46, 47], "x": [470.686, 476.632, 476.578, 470.714, 472.635, 474.617, 474.63, 478.562, 492.238, 478.562, 492.295, 494.24, 496.127, 494.273, 492.307, 492.153, 484.421, 478.511, 460.899],