{"Nose": {"frame": [31, 32, 33, 34, 35, 36, 37, 38, 39, 40, 41, 42, 43, 44, 45, 46, 47, 49, 50, 51, 52, 53], "x": [494.24, 498.115, 507.856, 509.88, 505.877, 474.553, 0, 0, 435.41, 0, 0, 0, 0, 0, 0, 0, 0, 353.233, 362.945, 360.954, 364.896, 364.926], "y": [321.858, 337.392, 349.243, 351.269, 351.191, 366.844, 0, 0, 370.86, 0, 0, 0, 0, 0, 0, 0, 0, 327.69, 310.068, 302.207, 296.34, 304.209], "conf": [0.607926, 0.794408, 0.688908, 0.852003, 0.849505, 0.501654, 0, 0, 0.429445, 0, 0, 0, 0, 0, 0, 0, 0, 0.868324, 0.862728, 0.871707, 0.871199, 0.915655]}, "Neck": {"frame": [31, 32, 33, 34, 35, 36, 37, 38, 39, 40, 41, 42, 43, 44, 45, 46, 47, 49, 50, 51, 52, 53], "x": [474.629, 478.448, 488.276, 488.347, 482.439, 488.31, 478.51, 470.705, 460.943, 451.129, 443.291, 433.514, 429.507, 425.595, 417.775, 411.871, 398.279, 378.641, 374.734, 372.708, 372.732, 372.707], "y": [349.253, 362.966, 368.784, 372.781, 378.635, 384.593, 398.18, 394.302, 386.448, 380.496, 374.686, 368.855, 368.74, 366.791, 368.78, 366.909, 366.884, 355.15, 341.417, 333.558, 333.473, 337.389], "conf": [0.902823, 0.920296, 0.899511, 0.85081, 0.846373, 0.847931, 0.94807, 0.839456, 0.869794, 0.800368, 0.876756, 0.895574, 0.924029, 0.865557, 0.870639, 0.878593, 0.946305, 0.87987, 0.859875, 0.905809, 0.873091, 0.913012]}, "RShoulder": {"frame": [31, 32, 33, 34, 35, 36, 37, 38, 39, 40, 41, 42, 43, 44, 45, 46, 47, 49, 50, 51, 52, 53], "x": [460.894, 462.929, 472.6, 472.637, 468.738, 464.836, 498.143, 486.4, 472.61, 462.892, 460.803, 449.108, 445.147, 433.519, 429.591, 417.789, 404.092, 366.826, 355.098, 353.091, 351.227, 351.125], "y": [351.147, 366.829, 376.666, 380.584, 382.489, 398.229, 384.523, 386.504, 386.439, 378.616, 368.919, 366.755, 357.094, 351.263, 357.108, 357.044, 360.993, 362.92, 351.092, 335.586, 335.541, 339.45], "conf": [0.937096, 0.934025, 0.82286, 0.846046, 0.849375, 0.760521, 0.885306, 0.820055, 0.798495, 0.801695, 0.88816, 0.891943, 0.841617, 0.880206, 0.847693, 0.832222, 0.816174, 0.876643, 0.89933, 0.981529, 0.97645, 0.912294]}, "RElbow": {"frame": [31, 32, 33, 34, 35, 36, 37, 38, 39, 40, 41, 42, 43, 44, 45, 46, 47, 49, 50, 51, 52, 53], "x": [462.804, 460.943, 449.106, 445.117, 439.35, 458.89, 525.475, 509.939, 476.458, 476.573, 476.486, 458.919, 447.261, 451.088, 456.94, 447.227, 402.155, 370.771, 362.883, 353.156, 349.226, 339.433], "y": [398.182, 413.826, 413.857, 396.171, 382.555, 439.319, 372.731, 411.884, 421.677, 421.698, 411.871, 388.4, 392.309, 382.48, 384.399, 386.424, 398.184, 400.193, 386.506, 378.568, 378.591, 382.613], "conf": [0.94123, 0.937139, 0.931583, 0.889812, 0.853912, 0.717755, 0.743219, 0.328735, 0.644926, 0.756991, 0.336078, 0.248574, 0.248373, 0.137841, 0.0997677, 0.193847, 0.781093, 0.904404, 0.853133, 0.917138, 0.849831, 0.918592]}, "RWrist": {"frame": [31, 32, 33, 34, 35, 36, 37, 38, 39, 40, 41, 42, 43, 44, 45, 46, 47, 49, 50, 51, 52, 53], "x": [492.213, 472.606, 445.107, 445.155, 462.859, 470.703, 541.239, 523.637, 464.786, 474.576, 474.576, 447.103, 445.241, 0, 0, 0, 376.653, 355.18, 353.14, 351.129, 347.248, 349.145], "y": [413.968, 447.205, 447.138, 429.516, 366.939, 460.975, 355.171, 423.674, 427.594, 458.861, 445.244, 415.844, 417.856, 0, 0, 0, 411.926, 433.454, 421.683, 411.866, 411.955, 415.943], "conf": [0.928824, 0.894138, 0.964831, 0.899173, 0.769105, 0.699991, 0.575511, 0.135705, 0.587536, 0.822097, 0.415909, 0.241047, 0.281288, 0, 0, 0, 0.832573, 0.888127, 0.915787, 0.924226, 0.889573, 0.905645]}, "LShoulder": {"frame": [31, 32, 33, 34, 35, 36, 37, 38, 39, 40, 41, 42, 43, 44, 45, 46, 47, 49, 50, 51, 52, 53], "x": [486.382, 492.183, 503.987, 504.022, 496.208, 507.819, 460.802, 453.035, 451.089, 443.181, 425.655, 417.86, 413.91, 413.84, 411.837, 400.121, 392.298, 388.429, 396.189, 396.234, 398.165, 398.17], "y": [345.335, 355.182, 360.989, 366.938, 370.829, 380.527, 409.909, 398.259, 386.415, 378.597, 378.601, 376.622, 378.571, 378.587, 380.527, 374.723, 370.756, 353.107, 337.463, 325.739, 323.825, 333.558], "conf": [0.795151, 0.827149, 0.81764, 0.846759, 0.812081, 0.701022, 0.876702, 0.905853, 0.879727, 0.850803, 0.838447, 0.846241, 0.864549, 0.846992, 0.840764, 0.868111, 0.87305, 0.904442, 0.920815, 0.874105, 0.904718, 0.918312]}, "LElbow": {"frame": [31, 32, 33, 34, 35, 36, 37, 38, 39, 40, 41, 42, 43, 44, 45, 46, 47, 49, 50, 51, 52, 53], "x": [490.302, 507.958, 525.562, 519.638, 503.948, 523.541, 462.836, 462.874, 449.116, 447.28, 445.117, 431.597, 431.5, 429.447, 419.776, 413.793, 404.103, 402.184, 413.775, 415.76, 415.934, 419.745], "y": [372.718, 366.912, 357.046, 357.045, 400.129, 362.963, 453.054, 445.151, 415.8, 394.244, 392.356, 398.195, 404.083, 413.881, 415.936, 415.916, 415.751, 392.294, 374.714, 366.799, 364.835, 366.752], "conf": [0.701311, 0.385904, 0.662167, 0.537802, 0.418725, 0.647402, 0.822123, 0.874026, 0.831406, 0.801995, 0.816452, 0.902402, 0.865093, 0.87463, 0.858359, 0.900768, 0.932293, 0.872686, 0.876404, 0.933606, 0.891663, 0.882705]}, "LWrist": {"frame": [31, 32, 33, 34, 35, 36, 37, 38, 39, 40, 41, 42, 43, 44, 45, 46, 47, 49, 50, 51, 52, 53], "x": [507.953, 527.535, 539.164, 537.319, 517.716, 486.389, 474.584, 445.244, 443.221, 441.264, 441.322, 435.454, 441.293, 435.411, 427.558, 411.876, 400.135, 400.125, 402.202, 413.944, 417.85, 429.51], "y": [386.483, 368.789, 353.225, 353.065, 402.139, 360.997, 454.989, 462.85, 429.467, 417.765, 415.941, 429.456, 433.516, 445.159, 451.118, 449.111, 447.177, 429.493, 408.031, 400.252, 400.204, 408.001], "conf": [0.478449, 0.419201, 0.694076, 0.557355, 0.472249, 0.605641, 0.245889, 0.898103, 0.815482, 0.829988, 0.834319, 0.856891, 0.851935, 0.816078, 0.84196, 0.848699, 0.916968, 0.941108, 0.808783, 0.90643, 0.888521, 0.86219]}, "MidHip": {"frame": [31, 32, 33, 34, 35, 36, 37, 38, 39, 40, 41, 42, 43, 44, 45, 46, 47, 49, 50, 51, 52, 53], "x": [476.465, 476.542, 478.44, 484.422, 494.12, 498.118, 494.28, 500.107, 505.918, 503.987, 494.29, 494.159, 492.194, 486.385, 478.53, 462.827, 437.373, 402.096, 396.277, 386.461, 382.538, 376.687], "y": [415.794, 427.534, 435.447, 445.257, 447.139, 451.074, 445.274, 429.532, 421.693, 413.884, 411.901, 408.003, 407.96, 409.931, 413.789, 419.728, 431.49, 425.662, 413.934, 407.993, 404.086, 413.874], "conf": [0.915779, 0.891334, 0.884391, 0.860927, 0.886243, 0.773124, 0.880856, 0.809596, 0.792725, 0.825112, 0.79659, 0.807737, 0.819984, 0.79076, 0.840808, 0.784552, 0.813894, 0.871335, 0.902965, 0.850317, 0.875674, 0.853032]}, "RHip": {"frame": [31, 32, 33, 34, 35, 36, 37, 38, 39, 40, 41, 42, 43, 44, 45, 46, 47, 49, 50, 51, 52, 53], "x": [462.815, 464.782, 468.742, 476.61, 488.279, 494.265, 509.81, 511.872, 513.805, 511.858, 505.989, 502.061, 496.154, 492.304, 484.37, 464.804, 431.492, 392.319, 384.409, 376.624, 366.895, 362.93], "y": [415.944, 429.537, 439.344, 447.108, 447.224, 454.98, 443.218, 423.683, 415.765, 406.016, 400.209, 398.258, 398.26, 400.128, 404.085, 415.882, 431.507, 427.571, 413.96, 408.028, 404.1, 413.846], "conf": [0.885826, 0.887802, 0.801455, 0.92593, 0.819941, 0.700783, 0.859227, 0.755975, 0.780108, 0.765257, 0.774465, 0.806139, 0.811327, 0.834981, 0.741294, 0.726371, 0.793179, 0.859121, 0.929766, 0.841356, 0.88295, 0.85913]}, "RKnee": {"frame": [31, 32, 33, 34, 35, 36, 37, 38, 39, 40, 41, 42, 43, 44, 45, 46, 47, 49, 50, 51, 52, 53], "x": [478.62, 484.389, 492.215, 496.187, 505.923, 502.011, 511.886, 525.509, 554.938, 562.805, 568.594, 560.805, 543.213, 515.768, 462.929, 425.588, 398.124, 366.788, 366.866, 355.166, 351.109, 337.466], "y": [470.665, 472.639, 476.624, 490.208, 494.131, 492.28, 480.543, 460.934, 453.074, 427.615, 404.107, 404.125, 421.708, 445.122, 462.819, 460.943, 468.742, 470.721, 464.868, 460.818, 458.969, 462.767], "conf": [0.864347, 0.841564, 0.903943, 0.846413, 0.876869, 0.777161, 0.824082, 0.817512, 0.798274, 0.827154, 0.792208, 0.734517, 0.771028, 0.816156, 0.822857, 0.830404, 0.868362, 0.886401, 0.913117, 0.912644, 0.906354, 0.948792]},