{"Nose": {"frame": [0, 1, 2, 3, 4, 5, 6, 7, 8, 9, 10, 11, 12, 13, 14, 15, 16, 17, 18], "x": [809.676, 813.545, 819.328, 821.32, 823.241, 0, 0, 0, 0, 0, 0, 0, 0, 819.437, 815.471, 817.426, 821.288, 821.45, 823.36], "y": [163.186, 163.098, 164.978, 165.023, 164.988, 0, 0, 0, 0, 0, 0, 0, 0, 165.102, 165.136, 165.11, 165.091, 165.138, 165.175], "conf": [0.887566, 0.858856, 0.420334, 0.0692238, 0.0569711, 0, 0, 0, 0, 0, 0, 0, 0, 0.248591, 0.850971, 0.878335, 0.93656, 0.950087, 0.947449]}, "Neck": {"frame": [0, 1, 2, 3, 4, 5, 6, 7, 8, 9, 10, 11, 12, 13, 14, 15, 16, 17, 18], "x": [866.384, 866.406, 866.453, 868.33, 868.339, 868.31, 866.438, 868.292, 866.456, 866.368, 864.507, 864.45, 864.484, 866.44, 866.445, 868.284, 868.308, 868.346, 868.358], "y": [216.009, 215.97, 214.107, 216.022, 214.09, 214.084, 212.192, 214.079, 214.12, 216.014, 216.043, 215.986, 215.996, 216.016, 216.002, 216.048, 216.05, 217.947, 219.895], "conf": [0.810677, 0.804925, 0.805392, 0.80569, 0.806045, 0.811018, 0.80187, 0.816336, 0.80437, 0.79006, 0.788059, 0.775009, 0.772962, 0.799141, 0.792551, 0.797252, 0.797339, 0.809507, 0.818017]}, "RShoulder": {"frame": [0, 1, 2, 3, 4, 5, 6, 7, 8, 9, 10, 11, 12, 13, 14, 15, 16, 17, 18], "x": [882.092, 882.044, 882.054, 883.973, 882.077, 882.104, 880.142, 882.124, 882.133, 882.09, 882.075, 880.134, 880.128, 882.082, 880.154, 882.09, 882.1, 884.01, 884.024], "y": [212.135, 212.1, 212.086, 212.147, 212.045, 212.054, 210.17, 212.026, 212.047, 212.11, 212.153, 212.091, 212.116, 212.138, 212.137, 212.171, 212.167, 214.01, 214.079], "conf": [0.798425, 0.78034, 0.776752, 0.788193, 0.775749, 0.784171, 0.75691, 0.792995, 0.798251, 0.795188, 0.789714, 0.773307, 0.769627, 0.775617, 0.745688, 0.750121, 0.761885, 0.77256, 0.759488]}, "RElbow": {"frame": [0, 1, 2, 3, 4, 5, 6, 7, 8, 9, 10, 11, 12, 13, 14, 15, 16, 17, 18], "x": [0, 870.365, 0, 870.353, 870.383, 868.413, 868.408, 868.427, 870.357, 866.426, 876.213, 868.403, 0, 868.367, 862.536, 0, 0, 882.101, 888.012], "y": [0, 290.418, 0, 292.429, 292.419, 292.397, 292.431, 292.436, 292.383, 292.408, 288.483, 290.463, 0, 296.302, 300.197, 0, 0, 292.42, 304.12], "conf": [0, 0.0524335, 0, 0.0778889, 0.0798473, 0.0623665, 0.0853274, 0.090225, 0.069401, 0.0681815, 0.0564276, 0.0581711, 0, 0.0584419, 0.0586513, 0, 0, 0.0520536, 0.08158]}, "RWrist": {"frame": [0, 1, 2, 3, 4, 5, 6, 7, 8, 9, 10, 11, 12, 13, 14, 15, 16, 17, 18], "x": [0, 0, 0, 837.023, 0, 0, 0, 0, 0, 0, 0, 0, 0, 0, 0, 0, 0, 0, 0], "y": [0, 0, 0, 327.661, 0, 0, 0, 0, 0, 0, 0, 0, 0, 0, 0, 0, 0, 0, 0], "conf": [0, 0, 0, 0.0997536, 0, 0, 0, 0, 0, 0, 0, 0, 0, 0, 0, 0, 0, 0, 0]}, "LShoulder": {"frame": [0, 1, 2, 3, 4, 5, 6, 7, 8, 9, 10, 11, 12, 13, 14, 15, 16, 17, 18], "x": [850.702, 852.621, 852.705, 852.778, 854.668, 852.789, 852.771, 852.733, 852.655, 850.696, 848.83, 848.828, 850.725, 852.641, 852.705, 852.653, 852.703, 852.681, 852.683], "y": [221.889, 221.855, 219.942, 219.953, 219.891, 219.9, 217.969, 219.925, 221.871, 221.906, 221.914, 221.861, 221.839, 221.842, 219.953, 221.854, 219.957, 219.942, 221.893], "conf": [0.788638, 0.79758, 0.80998, 0.809749, 0.806188, 0.810102, 0.807753, 0.813844, 0.804153, 0.782097, 0.789683, 0.788373, 0.7933, 0.801711, 0.810112, 0.805933, 0.808646, 0.805639, 0.821049]}, "LElbow": {"frame": [0, 1, 2, 3, 4, 5, 6, 7, 8, 9, 10, 11, 12, 13, 14, 15, 16, 17, 18], "x": [856.656, 858.582, 860.562, 866.371, 868.385, 868.364, 868.304, 866.407, 860.545, 856.674, 854.783, 854.74, 854.68, 854.737, 854.714, 854.63, 852.803, 852.813, 854.625], "y": [306.047, 304.238, 304.192, 304.215, 304.2, 304.077, 302.183, 304.09, 302.229, 304.098, 304.14, 304.13, 304.213, 304.202, 304.19, 304.222, 304.2, 304.218, 304.224], "conf": [0.896268, 0.888152, 0.889306, 0.90809, 0.960844, 0.937895, 0.908701, 0.913587, 0.866387, 0.906212, 0.925644, 0.941983, 0.961263, 0.938365, 0.937605, 0.935045, 0.934434, 0.943402, 0.947093]}, "LWrist": {"frame": [0, 1, 2, 3, 4, 5, 6, 7, 8, 9, 10, 11, 12, 13, 14, 15, 16, 17, 18], "x": [821.343, 821.343, 821.3, 823.286, 823.443, 823.356, 823.316, 823.31, 821.402, 819.444, 817.485, 817.474, 815.506, 815.531, 817.418, 809.677, 809.662, 809.696, 813.549], "y": [351.124, 349.171, 349.259, 349.262, 347.261, 347.284, 347.235, 349.162, 345.322, 347.23, 347.294, 347.27, 347.277, 347.249, 345.328, 347.276, 347.284, 349.143, 343.328], "conf": [0.873623, 0.85048, 0.865042, 0.872075, 0.847301, 0.85277, 0.848927, 0.871656, 0.853672, 0.84221, 0.83106, 0.840051, 0.82912, 0.829871, 0.814935, 0.836839, 0.833589, 0.841975, 0.794635]}, "MidHip": {"frame": [0, 1, 2, 3, 4, 5, 6, 7, 8, 9, 10, 11, 12, 13, 14, 15, 16, 17, 18], "x": [876.231, 874.306, 872.38, 876.258, 878.201, 880.103, 878.157, 876.248, 874.29, 872.348, 870.431, 870.329, 868.441, 868.416, 868.362, 868.333, 868.327, 868.295, 868.303], "y": [368.86, 368.826, 368.829, 366.909, 368.788, 368.779, 366.836, 366.904, 366.84, 366.904, 366.866, 366.863, 366.897, 366.85, 366.866, 368.795, 368.769, 366.899, 368.778], "conf": [0.65309, 0.657049, 0.655594, 0.662407, 0.665972, 0.675859, 0.660458, 0.664306, 0.672595, 0.682019, 0.694297, 0.710735, 0.696861, 0.681076, 0.672322, 0.697201, 0.694729, 0.685904, 0.681736]}, "RHip": {"frame": [0, 1, 2, 3, 4, 5, 6, 7, 8, 9, 10, 11, 12, 13, 14, 15, 16, 17, 18], "x": [889.944, 888.018, 886.022, 888.035, 889.933, 889.965, 888.04, 888.039, 887.97, 886.066, 885.99, 884.061, 884.026, 883.997, 882.1, 882.12, 882.122, 882.095, 882.074], "y": [366.871, 366.844, 366.851, 366.819, 366.861, 366.843, 364.91, 366.794, 364.882, 366.82, 364.915, 364.917, 364.916, 364.874, 364.903, 366.835, 366.805, 364.927, 366.815], "conf": [0.570743, 0.566261, 0.557714, 0.588273, 0.578432, 0.585367, 0.578603, 0.583293, 0.596612, 0.611954, 0.610366, 0.610491, 0.587509, 0.573293, 0.560569, 0.604627, 0.600544, 0.593648, 0.586397]}, "RKnee": {"frame": [0, 1, 2, 3, 4, 5, 6, 7, 8, 9, 10, 11, 12, 13, 14, 15, 16, 17, 18], "x": [868.379, 866.441, 866.455, 870.367, 870.361, 870.357, 870.392, 872.279, 872.315, 870.454, 870.388, 870.299, 870.266, 868.458, 868.442, 868.435, 868.425, 864.503, 856.702], "y": [492.259, 490.298, 490.31, 492.242, 490.307, 488.275, 488.296, 490.282, 490.274, 490.272, 490.249, 488.33, 490.227, 488.324, 490.213, 488.304, 490.212, 486.357, 488.311], "conf": [0.739503, 0.67086, 0.692929, 0.861787, 0.840272, 0.816242, 0.820677, 0.82647, 0.82428, 0.833466, 0.833433, 0.805659, 0.80342, 0.788588, 0.803213, 0.800724, 0.80198, 0.724638, 0.724644]}, "RAnkle": {"frame": [0, 1, 2, 3, 4, 5, 6, 7, 8, 9, 10, 11, 12, 13, 14, 15, 16, 17, 18], "x": [884.07, 884.015, 882.073, 882.146, 882.127, 880.169, 882.063, 882.105, 882.083, 880.148, 880.139, 880.135, 878.17, 880.096, 880.102, 876.268, 878.153, 876.239, 878.188], "y": [607.827, 603.885, 603.981, 605.837, 605.888, 603.946, 603.951, 603.896, 603.884, 603.927, 603.893, 601.962, 603.85, 601.964, 601.976, 601.985, 601.964, 601.99, 601.92], "conf": [0.652862, 0.588178, 0.574793, 0.715212, 0.74316, 0.718194, 0.756673, 0.759094, 0.750018, 0.754045, 0.733143, 0.72391, 0.745558, 0.712466, 0.731654, 0.728097, 0.722346, 0.722054, 0.753343]}, "LHip": {"frame": [0, 1, 2, 3, 4, 5, 6, 7, 8, 9, 10, 11, 12, 13, 14, 15, 16, 17, 18], "x": [866.403, 866.379, 866.418, 866.446, 868.336, 868.351, 866.468, 866.433, 866.364, 862.517, 860.536, 858.577, 854.76, 854.741, 854.697, 852.792, 852.778, 852.751, 852.761], "y": [372.749, 370.809, 370.814, 368.832, 368.858, 368.862, 366.894, 368.851, 368.771, 368.834, 368.804, 368.797, 368.861, 368.802, 368.801, 370.764, 368.868, 368.852, 368.866], "conf": [0.6544, 0.641571, 0.650833, 0.669376, 0.685694, 0.691161, 0.67196, 0.673022, 0.660129, 0.654095, 0.659972, 0.672395, 0.669451, 0.660321, 0.659048, 0.66685, 0.673376, 0.675138, 0.673047]}, "LKnee": {"frame": [0, 1, 2, 3, 4, 5, 6, 7, 8, 9, 10, 11, 12, 13, 14, 15, 16, 17, 18], "x": [854.779, 854.766, 854.636, 852.641, 848.791, 846.831, 848.775, 852.758, 854.608, 854.621, 854.619, 852.799, 852.79, 852.805, 852.746, 852.716, 852.731, 852.738, 852.672],