{"Nose": {"frame": [27, 28, 29, 30, 31, 32, 33, 34, 35, 36, 37, 38, 39, 40, 41, 42, 43, 44, 45, 46, 47, 48, 49], "x": [541.29, 543.147, 543.254, 550.964, 556.843, 570.5, 574.507, 537.31, 0, 0, 0, 0, 0, 0, 0, 0, 0, 0, 0, 427.616, 417.868, 419.73, 417.79], "y": [290.506, 292.386, 302.183, 306.108, 323.809, 341.36, 351.075, 353.079, 0, 0, 0, 0, 0, 0, 0, 0, 0, 0, 0, 331.595, 321.838, 315.892, 304.176], "conf": [0.506137, 0.426011, 0.38492, 0.595856, 0.418525, 0.551849, 0.777621, 0.607226, 0, 0, 0, 0, 0, 0, 0, 0, 0, 0, 0, 0.215649, 0.306451, 0.273886, 0.313299]}, "Neck": {"frame": [27, 28, 29, 30, 31, 32, 33, 34, 35, 36, 37, 38, 39, 40, 41, 42, 43, 44, 45, 46, 47, 48, 49], "x": [521.656, 521.64, 523.499, 523.671, 531.458, 543.182, 553.001, 554.866, 549.073, 543.198, 531.421, 523.483, 511.899, 507.817, 496.176, 494.276, 494.302, 490.282, 474.626, 458.933, 447.217, 443.275, 441.334], "y": [321.825, 323.779, 329.6, 337.4, 353.148, 366.938, 372.743, 382.421, 398.15, 398.274, 396.237, 380.562, 364.914, 351.097, 337.487, 343.383, 355.103, 353.247, 353.251, 357.036, 355.074, 351.117, 337.511], "conf": [0.899478, 0.860695, 0.853685, 0.965657, 0.906295, 0.936895, 0.873743, 0.870394, 0.86663, 0.903883, 0.849119, 0.90235, 0.88249, 0.911822, 0.927156, 0.87543, 0.903425, 0.891853, 0.88823, 0.800841, 0.864554, 0.874291, 0.8823]}, "RShoulder": {"frame": [27, 28, 29, 30, 31, 32, 33, 34, 35, 36, 37, 38, 39, 40, 41, 42, 43, 44, 45, 46, 47, 48, 49], "x": [498.088, 503.942, 505.993, 507.885, 511.858, 523.656, 529.443, 570.657, 572.657, 570.526, 549.044, 537.325, 539.161, 533.384, 525.482, 521.614, 521.56, 507.823, 484.41, 460.863, 447.249, 433.504, 431.433], "y": [323.809, 327.688, 335.422, 341.435, 362.889, 376.619, 382.444, 382.493, 384.556, 386.428, 394.273, 376.618, 355.073, 337.52, 321.876, 329.652, 341.368, 341.391, 345.336, 353.059, 351.193, 347.27, 333.573], "conf": [0.856878, 0.820659, 0.901192, 0.861642, 0.846177, 0.860449, 0.840945, 0.886273, 0.867673, 0.865882, 0.803415, 0.816653, 0.900261, 0.869781, 0.908373, 0.84028, 0.834796, 0.858456, 0.823558, 0.84906, 0.833531, 0.790378, 0.855591]}, "RElbow": {"frame": [27, 28, 29, 30, 31, 32, 33, 34, 35, 36, 37, 38, 39, 40, 41, 42, 43, 44, 45, 46, 47, 48, 49], "x": [511.825, 509.861, 509.858, 509.809, 507.975, 496.122, 490.248, 568.641, 601.973, 586.281, 539.159, 552.962, 562.752, 570.51, 562.764, 558.904, 554.86, 541.173, 515.777, 458.965, 443.279, 415.758, 404.048], "y": [368.872, 376.631, 382.507, 396.264, 413.775, 413.881, 384.413, 415.819, 353.147, 384.405, 443.295, 417.796, 382.571, 359.003, 323.767, 321.841, 333.577, 351.142, 378.566, 400.225, 398.25, 382.537, 366.813], "conf": [0.883991, 0.87643, 0.946984, 0.925404, 0.91501, 0.930885, 0.929646, 0.159848, 0.853627, 0.661143, 0.849771, 0.271002, 0.782425, 0.887534, 0.853786, 0.92249, 0.902546, 0.887647, 0.768293, 0.253943, 0.386155, 0.907562, 0.907402]}, "RWrist": {"frame": [27, 28, 29, 30, 31, 32, 33, 34, 35, 36, 37, 38, 39, 40, 41, 42, 43, 44, 45, 46, 47, 48, 49], "x": [539.248, 541.23, 547.07, 543.15, 521.66, 490.32, 480.524, 0, 560.816, 566.682, 507.975, 545.187, 541.178, 553.005, 547.072, 556.813, 556.838, 552.946, 523.566, 441.303, 417.835, 382.449, 370.794], "y": [347.279, 358.992, 374.665, 413.771, 456.984, 454.995, 415.9, 0, 355.156, 384.443, 464.878, 451.114, 396.264, 380.525, 323.828, 308.094, 313.96, 341.368, 404.057, 421.725, 427.526, 400.236, 380.571], "conf": [0.776022, 0.797728, 0.804963, 0.882939, 0.884591, 0.878297, 0.858171, 0, 0.775127, 0.107888, 0.899823, 0.379221, 0.0963802, 0.423607, 0.397853, 0.939486, 0.865118, 0.799434, 0.544689, 0.407734, 0.514382, 0.887874, 0.88299]}, "LShoulder": {"frame": [27, 28, 29, 30, 31, 32, 33, 34, 35, 36, 37, 38, 39, 40, 41, 42, 43, 44, 45, 46, 47, 48, 49], "x": [541.299, 539.216, 539.163, 541.172, 552.93, 566.657, 572.549, 535.351, 523.551, 523.49, 515.719, 507.866, 492.274, 478.463, 474.554, 474.561, 476.519, 474.56, 462.776, 455.002, 447.209, 447.175, 449.132], "y": [319.908, 321.878, 323.751, 333.48, 349.184, 359.037, 366.903, 382.431, 406.039, 411.854, 398.142, 382.525, 368.815, 355.119, 353.059, 359.039, 370.763, 368.82, 366.824, 364.901, 361.01, 351.256, 345.315], "conf": [0.806226, 0.778106, 0.85004, 0.896048, 0.850683, 0.820576, 0.897905, 0.795481, 0.848695, 0.886692, 0.893403, 0.960509, 0.941321, 0.893555, 0.917705, 0.850347, 0.908289, 0.871003, 0.912817, 0.836242, 0.854265, 0.932214, 0.84982]}, "LElbow": {"frame": [27, 28, 29, 30, 31, 32, 33, 34, 35, 36, 37, 38, 39, 40, 41, 42, 43, 44, 45, 46, 47, 48, 49], "x": [555.013, 558.817, 539.248, 545.164, 570.572, 590.213, 601.977, 494.256, 511.828, 523.618, 511.84, 519.7, 500.045, 492.162, 484.441, 478.61, 474.604, 462.835, 456.972, 453.096, 455.015, 460.905, 464.859], "y": [353.217, 355.109, 359.057, 364.861, 364.82, 358.998, 353.092, 380.496, 453.036, 462.8, 441.291, 404.069, 396.257, 390.342, 400.095, 404.053, 425.64, 419.73, 413.849, 409.951, 406.017, 398.166, 388.387], "conf": [0.588911, 0.32918, 0.374366, 0.815256, 0.823026, 0.760448, 0.806734, 0.735223, 0.840347, 0.914249, 0.835579, 0.862496, 0.822242, 0.862039, 0.897729, 0.880443, 0.841119, 0.852595, 0.892465, 0.825128, 0.841525, 0.966798, 0.870775]}, "LWrist": {"frame": [27, 28, 29, 30, 31, 32, 33, 34, 35, 36, 37, 38, 39, 40, 41, 42, 43, 44, 45, 46, 47, 48, 49], "x": [533.386, 547.088, 556.928, 572.588, 598.065, 617.575, 609.811, 525.639, 527.553, 545.112, 509.834, 496.229, 505.875, 505.968, 507.822, 492.266, 476.507, 447.165, 431.508, 429.632, 431.456, 445.247, 447.255], "y": [357.069, 353.117, 360.965, 374.717, 374.73, 364.893, 364.836, 357.031, 478.636, 472.673, 464.786, 433.445, 429.63, 429.549, 441.3, 445.227, 439.338, 425.626, 427.506, 431.459, 435.404, 429.583, 427.61], "conf": [0.354565, 0.162457, 0.444917, 0.833234, 0.786395, 0.846879, 0.703227, 0.757284, 0.785937, 0.454489, 0.331559, 0.871889, 0.894402, 0.895093, 0.860869, 0.910174, 0.21648, 0.735156, 0.841729, 0.918663, 0.899219, 0.942866, 0.893142]}, "MidHip": {"frame": [27, 28, 29, 30, 31, 32, 33, 34, 35, 36, 37, 38, 39, 40, 41, 42, 43, 44, 45, 46, 47, 48, 49], "x": [537.225, 535.351, 535.341, 529.441, 539.142, 527.554, 539.201, 552.935, 556.885, 568.574, 572.664, 572.654, 560.839, 554.951, 553.001, 556.814, 545.153, 525.567, 500.061, 478.503, 470.708, 460.969, 453.063], "y": [400.146, 402.147, 406.063, 417.82, 429.578, 441.305, 455.038, 462.882, 462.789, 447.261, 435.418, 429.518, 423.687, 415.78, 407.966, 413.834, 423.684, 427.593, 433.505, 439.369, 431.574, 429.516, 419.774], "conf": [0.811197, 0.796511, 0.789437, 0.83724, 0.892497, 0.839734, 0.85046, 0.822039, 0.868443, 0.815787, 0.78868, 0.816514, 0.765968, 0.835907, 0.797238, 0.841463, 0.753493, 0.786962, 0.77609, 0.820812, 0.77934, 0.893832, 0.800703]}, "RHip": {"frame": [27, 28, 29, 30, 31, 32, 33, 34, 35, 36, 37, 38, 39, 40, 41, 42, 43, 44, 45, 46, 47, 48, 49], "x": [523.555, 523.581, 523.541, 519.648, 525.487, 519.635, 527.492, 562.801, 572.588, 584.315, 588.243, 586.343, 572.637, 570.537, 566.642, 570.516, 554.885, 525.565, 492.216, 466.811, 476.585, 449.222, 445.173], "y": [409.918, 411.937, 413.813, 423.651, 431.5, 443.255, 457, 462.913, 460.886, 445.268, 431.504, 419.725, 413.907, 404.048, 398.119, 400.2, 415.8, 421.731, 433.451, 437.352, 431.516, 427.618, 417.775], "conf": [0.811976, 0.825516, 0.845262, 0.789187, 0.871699, 0.833165, 0.831416, 0.772869, 0.853866, 0.836265, 0.836575, 0.794649, 0.823126, 0.7682, 0.789608, 0.773528, 0.749554, 0.648565, 0.733581, 0.73305, 0.72347, 0.785817, 0.851013]}, "RKnee": {"frame": [27, 28, 29, 30, 31, 32, 33, 34, 35, 36, 37, 38, 39, 40, 41, 42, 43, 44, 45, 46, 47, 48, 49], "x": [525.495, 525.621, 529.484, 531.445, 539.189, 541.293, 554.927, 566.715, 580.428, 590.269, 619.588, 635.361, 643.071, 637.256, 607.879, 513.836, 492.233, 464.883, 447.096, 429.572, 470.711, 417.782, 423.66],