{"Nose": {"frame": [0, 1, 2, 3, 4, 5, 6, 7, 8, 9, 10, 11, 12, 13, 14, 15, 16, 17, 18, 19, 21, 22, 23], "x": [782.198, 782.163, 780.245, 780.249, 780.244, 780.274, 782.177, 784.126, 784.144, 786.093, 788.108, 788.09, 789.935, 789.972, 788.069, 788.055, 788.085, 788.067, 789.926, 788.1, 790.076, 790.084, 790.058], "y": [276.8, 276.702, 274.884, 274.893, 274.89, 276.735, 276.768, 276.788, 276.801, 278.699, 280.64, 278.732, 280.669, 278.697, 276.816, 276.799, 276.753, 278.718, 280.643, 282.624, 284.578, 284.603, 284.532], "conf": [0.850518, 0.872842, 0.891599, 0.887368, 0.886485, 0.87293, 0.86368, 0.860415, 0.858331, 0.850592, 0.857433, 0.870191, 0.866139, 0.883573, 0.884091, 0.889138, 0.902277, 0.875643, 0.878587, 0.879527, 0.915605, 0.920943, 0.906771]}, "Neck": {"frame": [0, 1, 2, 3, 4, 5, 6, 7, 8, 9, 10, 11, 12, 13, 14, 15, 16, 17, 18, 19, 21, 22, 23], "x": [791.916, 791.907, 791.938, 791.942, 791.978, 792.005, 791.983, 792.03, 792.067, 793.945, 793.969, 793.947, 795.877, 795.922, 795.894, 793.995, 793.997, 795.921, 797.837, 795.952, 799.846, 801.793, 801.812], "y": [292.461, 292.417, 292.404, 292.403, 292.412, 292.438, 294.351, 294.343, 294.385, 296.318, 294.418, 296.327, 296.36, 296.303, 294.405, 294.424, 294.416, 296.347, 298.276, 298.273, 300.28, 300.247, 298.297], "conf": [0.897384, 0.90732, 0.918033, 0.914938, 0.914726, 0.903236, 0.884401, 0.880874, 0.874448, 0.854475, 0.853218, 0.856252, 0.832863, 0.833767, 0.84495, 0.856126, 0.856834, 0.834549, 0.827413, 0.82372, 0.818237, 0.819719, 0.813229]}, "RShoulder": {"frame": [0, 1, 2, 3, 4, 5, 6, 7, 8, 9, 10, 11, 12, 13, 14, 15, 16, 17, 18, 19, 21, 22, 23], "x": [756.655, 756.646, 756.68, 756.669, 756.719, 758.579, 756.751, 758.576, 758.622, 758.657, 758.638, 758.643, 758.695, 758.7, 758.742, 758.693, 758.678, 760.56, 758.767, 760.575, 760.686, 762.62, 762.658], "y": [292.48, 292.447, 292.431, 292.439, 292.441, 292.449, 292.494, 294.388, 296.317, 298.261, 298.253, 298.314, 300.215, 296.37, 298.295, 298.315, 298.303, 300.227, 300.279, 300.233, 302.179, 302.198, 302.125], "conf": [0.84099, 0.844219, 0.860148, 0.858876, 0.867329, 0.881423, 0.871147, 0.862553, 0.86291, 0.861644, 0.870136, 0.868814, 0.874842, 0.86992, 0.864309, 0.868899, 0.86919, 0.867599, 0.877445, 0.875764, 0.88737, 0.865272, 0.844562]}, "RElbow": {"frame": [0, 1, 2, 3, 4, 5, 6, 7, 8, 9, 10, 11, 12, 13, 14, 15, 16, 17, 18, 19, 21, 22, 23], "x": [735.178, 735.199, 737.118, 737.106, 739.049, 739.059, 739.077, 739.11, 739.118, 739.121, 740.987, 740.996, 741.043, 741.075, 741.057, 741.058, 741.049, 741.064, 741.083, 742.929, 744.896, 744.927, 744.972], "y": [331.552, 331.538, 329.618, 329.621, 329.643, 331.555, 331.574, 331.552, 331.581, 331.566, 331.596, 333.481, 333.505, 333.517, 333.551, 333.541, 333.502, 333.566, 333.566, 335.469, 335.516, 335.504, 333.588], "conf": [0.825282, 0.821631, 0.824219, 0.822448, 0.824124, 0.829896, 0.833502, 0.829981, 0.837543, 0.8285, 0.837643, 0.850245, 0.867344, 0.876773, 0.880609, 0.878202, 0.864533, 0.884342, 0.887305, 0.925237, 0.940332, 0.947687, 0.931806]}, "RWrist": {"frame": [0, 1, 2, 3, 4, 5, 6, 7, 8, 9, 10, 11, 12, 13, 14, 15, 16, 17, 18, 19, 21, 22, 23], "x": [737.163, 739.116, 740.967, 739.127, 741.025, 741.041, 741.058, 742.896, 742.911, 742.928, 742.932, 742.937, 742.971, 742.986, 742.968, 742.978, 742.95, 742.975, 742.969, 743.001, 743.097, 744.929, 744.973], "y": [370.751, 370.813, 370.792, 370.813, 372.739, 372.753, 372.764, 372.747, 372.758, 376.631, 374.728, 378.58, 372.777, 374.714, 376.652, 374.679, 374.668, 376.667, 376.675, 376.668, 378.595, 378.627, 378.619], "conf": [0.832748, 0.834248, 0.849152, 0.838289, 0.826169, 0.830977, 0.830141, 0.842956, 0.843286, 0.832035, 0.83317, 0.839388, 0.846573, 0.844352, 0.846692, 0.847448, 0.845083, 0.847289, 0.849091, 0.855053, 0.879913, 0.880964, 0.881495]}, "LShoulder": {"frame": [0, 1, 2, 3, 4, 5, 6, 7, 8, 9, 10, 11, 12, 13, 14, 15, 16, 17, 18, 19, 21, 22, 23], "x": [827.226, 827.259, 827.286, 827.291, 829.211, 829.235, 829.219, 831.167, 831.197, 833.142, 835.046, 833.142, 835.071, 836.98, 835.087, 835.032, 835.046, 835.104, 836.999, 836.979, 837.103, 837.084, 837.08], "y": [292.43, 292.378, 292.375, 290.563, 292.382, 292.422, 294.36, 292.46, 292.466, 294.365, 294.347, 292.49, 294.366, 294.369, 292.462, 292.449, 292.444, 294.355, 294.389, 296.297, 298.285, 296.361, 296.329], "conf": [0.837044, 0.838732, 0.838435, 0.838366, 0.835309, 0.827335, 0.807582, 0.813505, 0.812809, 0.805866, 0.817278, 0.806107, 0.813119, 0.820369, 0.81514, 0.822976, 0.82914, 0.807945, 0.813341, 0.798018, 0.817494, 0.80816, 0.816752]}, "LElbow": {"frame": [0, 1, 2, 3, 4, 5, 6, 7, 8, 9, 10, 11, 12, 13, 14, 15, 16, 17, 18, 19, 21, 22, 23], "x": [868.419, 868.479, 868.471, 870.294, 870.417, 872.293, 870.429, 872.273, 872.348, 872.388, 874.277, 874.278, 874.318, 874.283, 874.324, 876.201, 876.199, 876.258, 878.165, 880.127, 880.178, 880.178, 882.033], "y": [319.907, 319.828, 319.822, 319.885, 321.726, 319.898, 319.855, 319.926, 321.749, 321.706, 321.718, 321.777, 321.762, 321.734, 321.718, 321.705, 319.925, 321.753, 321.8, 321.825, 321.8, 321.784, 321.778], "conf": [0.954178, 0.944572, 0.9424, 0.943803, 0.933983, 0.930841, 0.935666, 0.925188, 0.924928, 0.919031, 0.918894, 0.909914, 0.913947, 0.918322, 0.909923, 0.913029, 0.915238, 0.899976, 0.901987, 0.906163, 0.914162, 0.912308, 0.917177]}, "LWrist": {"frame": [0, 1, 2, 3, 4, 5, 6, 7, 8, 9, 10, 11, 12, 13, 14, 15, 16, 17, 18, 19, 21, 22, 23], "x": [868.282, 868.303, 868.298, 868.306, 868.289, 868.365, 868.413, 868.449, 870.268, 870.276, 870.288, 870.296, 870.359, 870.416, 870.423, 870.385, 870.384, 870.447, 870.436, 870.456, 872.319, 874.242, 872.391], "y": [366.755, 364.933, 366.806, 366.885, 368.756, 366.881, 366.813, 366.889, 366.846, 366.865, 366.892, 366.911, 366.944, 366.943, 368.76, 366.945, 366.907, 368.741, 368.756, 368.737, 368.749, 366.92, 368.736], "conf": [0.905169, 0.89953, 0.921572, 0.931411, 0.922402, 0.937858, 0.939309, 0.951519, 0.953013, 0.94652, 0.957318, 0.960682, 0.95957, 0.947799, 0.937347, 0.947176, 0.951848, 0.935139, 0.941974, 0.933791, 0.901045, 0.872413, 0.877702]}, "MidHip": {"frame": [0, 1, 2, 3, 4, 5, 6, 7, 8, 9, 10, 11, 12, 13, 14, 15, 16, 17, 18, 19, 21, 22, 23], "x": [805.594, 805.607, 805.642, 805.647, 805.663, 805.705, 805.764, 805.718, 807.581, 807.584, 807.625, 807.619, 807.671, 807.74, 809.597, 807.739, 807.729, 809.647, 809.655, 811.547, 813.547, 815.472, 813.523], "y": [351.263, 351.239, 353.091, 353.085, 353.133, 353.108, 353.061, 351.26, 351.252, 351.25, 353.064, 353.092, 353.097, 351.253, 353.08, 353.09, 353.063, 353.108, 353.156, 353.22, 353.174, 353.181, 353.16], "conf": [0.879177, 0.884642, 0.900375, 0.90013, 0.901577, 0.913369, 0.91251, 0.903486, 0.906153, 0.90637, 0.899658, 0.893955, 0.894101, 0.881704, 0.876939, 0.88087, 0.885471, 0.865979, 0.863635, 0.842643, 0.847825, 0.843654, 0.851355]}, "RHip": {"frame": [0, 1, 2, 3, 4, 5, 6, 7, 8, 9, 10, 11, 12, 13, 14, 15, 16, 17, 18, 19, 21, 22, 23], "x": [778.264, 778.269, 778.334, 778.324, 778.341, 780.274, 782.215, 782.153, 784.128, 784.151, 784.175, 784.16, 786.099, 788.011, 788.078, 788.004, 786.137, 789.944, 789.941, 789.979, 790.077, 791.926, 790.069], "y": [351.256, 351.224, 353.062, 351.249, 353.1, 353.082, 351.245, 353.063, 351.259, 351.248, 353.059, 353.084, 353.074, 351.235, 353.068, 353.086, 353.067, 353.088, 353.125, 353.153, 353.136, 353.14, 353.116], "conf": [0.852936, 0.857669, 0.85372, 0.853929, 0.851274, 0.844142, 0.838525, 0.836069, 0.839231, 0.842457, 0.841743, 0.842162, 0.846748, 0.849493, 0.872718, 0.854845, 0.843727, 0.878207, 0.871832, 0.861685, 0.883654, 0.882393, 0.8856]}, "RKnee": {"frame": [0, 1, 2, 3, 4, 5, 6, 7, 8, 9, 10, 11, 12, 13, 14, 15, 16, 17, 18, 19, 21, 22, 23], "x": [729.381, 729.401, 731.246, 731.239, 729.402, 731.259, 731.232, 731.261, 731.293, 733.182, 731.326, 731.329, 733.236, 735.149, 733.21, 733.229, 733.2, 733.215, 733.191, 733.24, 737.135, 739.048, 739.089],