{"Nose": {"frame": [34, 35, 36, 37, 38, 39, 40, 41, 42, 43, 44, 45, 46, 47, 48, 49, 50, 51, 52, 53, 54, 55, 56], "x": [488.283, 492.154, 496.184, 505.955, 507.953, 494.225, 0, 0, 431.608, 415.86, 0, 0, 0, 0, 0, 0, 337.411, 321.739, 308.154, 304.181, 306.178, 306.159, 304.1], "y": [306.095, 317.828, 335.572, 349.217, 351.208, 345.274, 0, 0, 380.603, 370.84, 0, 0, 0, 0, 0, 0, 351.194, 349.196, 333.488, 317.813, 304.122, 292.472, 292.38], "conf": [0.445089, 0.45573, 0.400767, 0.638386, 0.557505, 0.499994, 0, 0, 0.0792933, 0.500004, 0, 0, 0, 0, 0, 0, 0.245143, 0.85559, 0.853893, 0.903825, 0.939626, 0.913537, 0.941289]}, "Neck": {"frame": [34, 35, 36, 37, 38, 39, 40, 41, 42, 43, 44, 45, 46, 47, 48, 49, 50, 51, 52, 53, 54, 55, 56], "x": [462.78, 462.867, 470.697, 478.548, 478.601, 478.609, 478.567, 476.583, 458.966, 447.149, 439.339, 429.576, 421.707, 413.946, 406.033, 398.21, 380.545, 353.217, 339.473, 329.658, 329.637, 325.766, 321.779], "y": [337.507, 351.172, 366.767, 372.755, 380.514, 378.567, 394.249, 398.266, 398.173, 384.505, 374.692, 364.938, 355.187, 364.88, 368.801, 372.741, 368.843, 368.796, 359.02, 341.403, 331.605, 323.719, 325.697], "conf": [0.95001, 0.95934, 0.895303, 0.894122, 0.854757, 0.761858, 0.877948, 0.941465, 0.852882, 0.858108, 0.839246, 0.936874, 0.845376, 0.919156, 0.888944, 0.880296, 0.864838, 0.87217, 0.845937, 0.846347, 0.853968, 0.902952, 0.906677]}, "RShoulder": {"frame": [34, 35, 36, 37, 38, 39, 40, 41, 42, 43, 44, 45, 46, 47, 48, 49, 50, 51, 52, 53, 54, 55, 56], "x": [447.101, 447.229, 453.033, 460.81, 462.821, 478.541, 507.88, 498.114, 466.766, 458.909, 458.887, 447.254, 443.224, 431.475, 417.772, 411.918, 384.403, 349.248, 329.603, 310.034, 306.147, 306.06, 302.17], "y": [345.307, 355.163, 370.746, 380.604, 384.429, 382.53, 380.505, 386.518, 396.255, 384.462, 368.817, 353.227, 341.413, 343.354, 351.137, 355.15, 360.954, 368.772, 359.058, 343.317, 333.553, 323.763, 325.707], "conf": [0.881689, 0.887058, 0.855077, 0.896417, 0.883501, 0.769822, 0.85546, 0.830739, 0.754944, 0.773556, 0.883951, 0.913834, 0.841717, 0.860928, 0.903276, 0.843511, 0.833795, 0.806183, 0.803472, 0.82891, 0.917118, 0.931128, 0.849965]}, "RElbow": {"frame": [34, 35, 36, 37, 38, 39, 40, 41, 42, 43, 44, 45, 46, 47, 48, 49, 50, 51, 52, 53, 54, 55, 56], "x": [449.104, 447.091, 445.174, 429.62, 431.51, 445.153, 541.163, 509.852, 462.786, 478.521, 478.522, 464.864, 462.87, 455.004, 445.209, 441.263, 411.942, 366.837, 335.566, 317.815, 306.128, 302.171, 292.4], "y": [394.285, 400.229, 415.95, 413.847, 388.423, 380.598, 355.105, 413.866, 445.27, 421.743, 407.977, 396.256, 349.16, 331.551, 339.463, 384.561, 394.307, 411.948, 400.146, 382.597, 368.865, 366.845, 368.76], "conf": [0.90786, 0.974513, 0.909525, 0.929032, 0.681883, 0.79042, 0.752004, 0.159521, 0.770059, 0.45683, 0.500203, 0.303878, 0.771276, 0.776549, 0.854965, 0.295788, 0.20717, 0.39445, 0.932319, 0.918738, 0.955116, 0.913534, 0.935031]}, "RWrist": {"frame": [34, 35, 36, 37, 38, 39, 40, 41, 42, 43, 44, 45, 46, 47, 48, 49, 50, 51, 52, 53, 54, 55, 56], "x": [488.34, 476.481, 447.181, 415.901, 429.471, 460.842, 549.027, 0, 443.186, 470.678, 476.597, 449.131, 445.173, 447.227, 435.416, 417.81, 400.177, 366.935, 321.759, 304.119, 296.32, 288.534, 274.827], "y": [388.441, 425.595, 460.798, 447.229, 370.801, 353.097, 339.429, 0, 466.788, 441.268, 456.974, 419.76, 351.188, 321.8, 321.91, 431.544, 431.491, 435.436, 439.362, 413.882, 400.221, 400.147, 409.936], "conf": [0.841859, 0.885071, 0.880845, 0.938676, 0.554055, 0.695008, 0.506555, 0, 0.6965, 0.534735, 0.52175, 0.21471, 0.175588, 0.807237, 0.833959, 0.130568, 0.171466, 0.497996, 0.891921, 0.947887, 0.895393, 0.962227, 0.89515]}, "LShoulder": {"frame": [34, 35, 36, 37, 38, 39, 40, 41, 42, 43, 44, 45, 46, 47, 48, 49, 50, 51, 52, 53, 54, 55, 56], "x": [476.612, 478.507, 490.21, 500.091, 498.114, 482.455, 449.193, 453.027, 447.173, 437.408, 419.745, 411.844, 400.216, 398.203, 392.34, 384.568, 372.717, 364.873, 353.253, 349.172, 351.188, 351.101, 343.38], "y": [335.431, 341.416, 355.104, 366.885, 368.845, 370.824, 408.018, 408.005, 398.256, 384.549, 380.536, 370.757, 370.835, 382.546, 388.386, 388.413, 382.444, 368.866, 357.077, 339.489, 329.593, 321.911, 323.833], "conf": [0.892068, 0.842891, 0.855976, 0.873387, 0.691308, 0.57882, 0.829543, 0.8175, 0.929483, 0.900487, 0.86695, 0.86291, 0.881235, 0.901904, 0.824824, 0.852479, 0.852754, 0.901167, 0.85935, 0.855583, 0.866856, 0.899588, 0.847737]}, "LElbow": {"frame": [34, 35, 36, 37, 38, 39, 40, 41, 42, 43, 44, 45, 46, 47, 48, 49, 50, 51, 52, 53, 54, 55, 56], "x": [478.538, 478.593, 513.788, 525.589, 521.615, 443.269, 445.219, 455.004, 449.156, 455.038, 443.221, 427.533, 419.756, 419.806, 415.888, 411.845, 398.293, 384.606, 382.599, 380.527, 382.534, 382.439, 372.7], "y": [366.932, 384.528, 366.922, 359.038, 366.823, 380.555, 449.173, 460.907, 435.459, 404.082, 396.251, 394.267, 408.033, 417.874, 429.552, 431.522, 423.699, 408.012, 398.166, 376.676, 364.874, 361.007, 362.916], "conf": [0.690779, 0.595259, 0.858156, 0.653915, 0.268937, 0.170092, 0.909742, 0.751954, 0.769998, 0.869519, 0.873799, 0.840629, 0.845511, 0.849195, 0.93413, 0.903128, 0.883427, 0.871411, 0.955904, 0.850155, 0.92547, 0.893064, 0.849962]}, "LWrist": {"frame": [34, 35, 36, 37, 38, 39, 40, 41, 42, 43, 44, 45, 46, 47, 48, 49, 50, 51, 52, 53, 54, 55, 56], "x": [494.286, 519.651, 537.243, 541.303, 529.483, 0, 458.939, 460.97, 447.161, 437.378, 437.359, 429.58, 431.573, 437.378, 431.608, 423.675, 406.065, 390.374, 382.518, 370.743, 368.749, 364.922, 366.763], "y": [368.758, 394.277, 372.769, 353.113, 368.841, 0, 478.478, 460.959, 460.89, 429.599, 429.557, 427.566, 443.237, 453.069, 462.894, 464.777, 458.879, 447.197, 433.486, 417.766, 404.124, 400.089, 400.222], "conf": [0.783211, 0.421789, 0.723841, 0.684708, 0.26694, 0, 0.880939, 0.495307, 0.617649, 0.903133, 0.857016, 0.895427, 0.883639, 0.825523, 0.862822, 0.842786, 0.82118, 0.865135, 0.897478, 0.882393, 0.876672, 0.890837, 0.867091]}, "MidHip": {"frame": [34, 35, 36, 37, 38, 39, 40, 41, 42, 43, 44, 45, 46, 47, 48, 49, 50, 51, 52, 53, 54, 55, 56], "x": [466.749, 462.89, 466.796, 470.673, 478.509, 486.376, 492.135, 494.294, 507.823, 507.899, 498.128, 494.158, 490.212, 480.56, 476.56, 456.936, 429.448, 396.276, 380.554, 364.872, 355.092, 347.298, 337.376], "y": [415.799, 423.698, 431.58, 445.224, 456.937, 460.911, 455.014, 445.256, 431.456, 427.52, 415.922, 415.81, 411.883, 413.812, 415.811, 429.595, 435.426, 431.583, 427.603, 413.825, 400.223, 398.258, 402.182], "conf": [0.864114, 0.857591, 0.852722, 0.874731, 0.838318, 0.790815, 0.811091, 0.875616, 0.856307, 0.826127, 0.784781, 0.818902, 0.810575, 0.861391, 0.827128, 0.757944, 0.79856, 0.87507, 0.851648, 0.866515, 0.868716, 0.862224, 0.878935]}, "RHip": {"frame": [34, 35, 36, 37, 38, 39, 40, 41, 42, 43, 44, 45, 46, 47, 48, 49, 50, 51, 52, 53, 54, 55, 56], "x": [456.941, 451.127, 458.945, 458.972, 474.592, 494.203, 507.89, 511.834, 521.598, 519.64, 509.887, 505.898, 494.254, 492.246, 478.528, 449.183, 415.905, 382.584, 366.78, 351.183, 341.378, 333.572, 321.747], "y": [419.74, 429.494, 435.449, 447.139, 460.792, 460.916, 449.118, 443.251, 427.554, 415.912, 411.85, 406.029, 400.098, 400.22, 409.929, 429.485, 435.407, 433.447, 429.489, 413.876, 400.213, 398.249, 402.177], "conf": [0.804595, 0.841706, 0.81611, 0.893467, 0.854752, 0.801869, 0.826667, 0.826177, 0.775344, 0.798502, 0.793711, 0.719467, 0.795806, 0.841713, 0.780774, 0.655902, 0.712249, 0.838324, 0.888617, 0.919546, 0.873436, 0.890233, 0.887883]}, "RKnee": {"frame": [34, 35, 36, 37, 38, 39, 40, 41, 42, 43, 44, 45, 46, 47, 48, 49, 50, 51, 52, 53, 54, 55, 56], "x": [474.524, 476.518, 478.516, 490.281, 494.319, 503.977, 519.664, 523.503, 537.265, 566.715, 572.669, 570.532, 545.129, 496.167, 439.379, 398.147, 370.796, 353.149, 347.298, 335.586, 321.788, 304.209, 288.461],