{"Nose": {"frame": [37, 38, 39, 40, 41, 42, 43, 44, 46], "x": [0, 0, 0, 0, 0, 0, 0, 0, 0], "y": [0, 0, 0, 0, 0, 0, 0, 0, 0], "conf": [0, 0, 0, 0, 0, 0, 0, 0, 0]}, "Neck": {"frame": [37, 38, 39, 40, 41, 42, 43, 44, 46], "x": [498.148, 492.243, 484.404, 478.49, 472.664, 462.782, 456.958, 449.109, 431.453], "y": [402.187, 398.246, 386.491, 374.709, 366.934, 366.789, 362.953, 366.765, 368.746], "conf": [0.852346, 0.939195, 0.840238, 0.884327, 0.909593, 0.951221, 0.874644, 0.919298, 0.957832]}, "RShoulder": {"frame": [37, 38, 39, 40, 41, 42, 43, 44, 46], "x": [523.644, 509.799, 498.117, 494.305, 494.227, 486.371, 478.539, 472.632, 445.27], "y": [398.094, 394.305, 388.393, 370.761, 364.887, 353.181, 351.104, 351.238, 366.752], "conf": [0.910528, 0.87583, 0.81178, 0.882565, 0.901669, 0.87949, 0.927554, 0.873819, 0.900426]}, "RElbow": {"frame": [37, 38, 39, 40, 41, 42, 43, 44, 46], "x": [560.826, 525.605, 496.181, 482.478, 523.489, 509.929, 505.955, 494.2, 443.234], "y": [382.602, 423.698, 421.739, 406.019, 388.45, 353.066, 337.441, 339.45, 402.173], "conf": [0.779268, 0.278395, 0.350072, 0.270241, 0.793547, 0.889899, 0.855672, 0.89223, 0.222801]}, "RWrist": {"frame": [37, 38, 39, 40, 41, 42, 43, 44, 46], "x": [588.19, 0, 488.298, 460.808, 496.129, 509.904, 492.2, 476.633, 413.859], "y": [366.8, 0, 433.432, 415.769, 400.174, 339.502, 319.732, 317.917, 415.885], "conf": [0.639943, 0, 0.301488, 0.406565, 0.127339, 0.771009, 0.862247, 0.9163, 0.259508]}, "LShoulder": {"frame": [37, 38, 39, 40, 41, 42, 43, 44, 46], "x": [476.543, 474.612, 470.718, 460.944, 447.127, 437.369, 431.467, 429.544, 415.92], "y": [413.958, 400.271, 384.584, 378.576, 368.856, 372.745, 372.718, 378.578, 368.918], "conf": [0.925787, 0.902248, 0.882912, 0.86734, 0.919928, 0.834154, 0.904843, 0.903933, 0.899453]}, "LElbow": {"frame": [37, 38, 39, 40, 41, 42, 43, 44, 46], "x": [476.614, 478.489, 474.638, 460.935, 443.296, 433.539, 435.454, 441.329, 413.904], "y": [460.836, 445.246, 409.91, 398.239, 398.246, 415.761, 415.782, 427.536, 415.848], "conf": [0.866372, 0.840607, 0.836678, 0.85082, 0.877676, 0.834973, 0.885298, 0.864589, 0.915318]}, "LWrist": {"frame": [37, 38, 39, 40, 41, 42, 43, 44, 46], "x": [478.551, 460.976, 458.975, 447.183, 445.121, 445.226, 449.155, 460.941, 388.458], "y": [476.458, 466.804, 429.471, 419.754, 425.586, 441.261, 441.312, 429.572, 423.665], "conf": [0.384326, 0.549443, 0.893697, 0.875055, 0.853199, 0.829478, 0.862897, 0.557022, 0.774441]}, "MidHip": {"frame": [37, 38, 39, 40, 41, 42, 43, 44, 46], "x": [513.762, 523.494, 523.658, 519.642, 513.798, 507.869, 502.018, 494.152, 451.066], "y": [460.969, 443.247, 433.454, 429.604, 425.646, 427.55, 429.552, 429.564, 445.212], "conf": [0.834368, 0.842919, 0.849189, 0.830282, 0.77005, 0.839445, 0.848263, 0.883266, 0.83182]}, "RHip": {"frame": [37, 38, 39, 40, 41, 42, 43, 44, 46], "x": [527.559, 537.256, 539.188, 527.553, 525.594, 519.661, 511.866, 505.911, 445.234], "y": [460.81, 437.396, 429.58, 421.749, 415.802, 415.796, 417.818, 421.696, 445.179], "conf": [0.829269, 0.764746, 0.852753, 0.769644, 0.819528, 0.81318, 0.801177, 0.745836, 0.804187]}, "RKnee": {"frame": [37, 38, 39, 40, 41, 42, 43, 44, 46], "x": [533.409, 543.216, 570.662, 586.266, 586.292, 568.665, 523.525, 464.886, 411.875], "y": [505.956, 482.45, 470.722, 445.228, 417.798, 429.557, 447.209, 462.834, 482.489], "conf": [0.771977, 0.698038, 0.859364, 0.923645, 0.794312, 0.836339, 0.578997, 0.831241, 0.854698]}, "RAnkle": {"frame": [37, 38, 39, 40, 41, 42, 43, 44, 46], "x": [523.549, 545.124, 576.511, 0, 639.168, 617.595, 527.508, 433.527, 409.947], "y": [539.171, 504.014, 456.97, 0, 413.852, 445.124, 462.896, 507.944, 550.964], "conf": [0.739869, 0.628184, 0.497971, 0, 0.708756, 0.852078, 0.653266, 0.90554, 0.815744]}, "LHip": {"frame": [37, 38, 39, 40, 41, 42, 43, 44, 46], "x": [498.102, 507.951, 509.952, 507.931, 505.906, 494.208, 490.316, 484.427, 460.8], "y": [462.928, 447.116, 441.257, 437.406, 433.441, 433.529, 437.395, 433.516, 445.259], "conf": [0.769018, 0.870726, 0.818153, 0.811222, 0.796523, 0.837295, 0.802928, 0.77453, 0.843216]}, "LKnee": {"frame": [37, 38, 39, 40, 41, 42, 43, 44, 46], "x": [511.833, 521.56, 519.637, 519.703, 515.778, 511.875, 509.895, 507.84, 470.682], "y": [494.227, 494.199, 494.118, 492.187, 490.312, 492.16, 494.124, 492.304, 507.827], "conf": [0.810675, 0.845819, 0.852075, 0.877432, 0.857195, 0.893662, 0.883283, 0.894038, 0.867679]}, "LAnkle": {"frame": [37, 38, 39, 40, 41, 42, 43, 44, 46], "x": [519.7, 531.419, 533.366, 535.31, 537.254, 535.351, 535.324, 531.427, 513.767], "y": [541.229, 549.021, 547.091, 545.172, 547.094, 549.049, 552.914, 552.904, 541.33], "conf": [0.758755, 0.778154, 0.800734, 0.821243, 0.828285, 0.816364, 0.781319, 0.826538, 0.865508]}, "REye": {"frame": [37, 38, 39, 40, 41, 42, 43, 44, 46], "x": [0, 0, 0, 0, 0, 0, 0, 0, 0], "y": [0, 0, 0, 0, 0, 0, 0, 0, 0], "conf": [0, 0, 0, 0, 0, 0, 0, 0, 0]}, "LEye": {"frame": [37, 38, 39, 40, 41, 42, 43, 44, 46], "x": [0, 0, 0, 0, 0, 0, 0, 0, 0], "y": [0, 0, 0, 0, 0, 0, 0, 0, 0], "conf": [0, 0, 0, 0, 0, 0, 0, 0, 0]}, "REar": {"frame": [37, 38, 39, 40, 41, 42, 43, 44, 46], "x": [500.094, 494.201, 490.199, 478.465, 478.436, 468.698, 460.904, 447.289, 431.564], "y": [380.54, 374.664, 368.744, 351.271, 341.381, 335.506, 331.601, 333.526, 335.554], "conf": [0.82483, 0.47131, 0.725362, 0.551184, 0.760849, 0.671171, 0.820083, 0.617451, 0.676701]}, "LEar": {"frame": [37, 38, 39, 40, 41, 42, 43, 44, 46], "x": [476.526, 474.639, 464.791, 458.93, 453.054, 445.236, 433.486, 429.483, 411.868], "y": [384.554, 382.467, 368.849, 353.179, 345.329, 337.499, 335.55, 337.436, 337.489], "conf": [0.911415, 0.927944, 0.752791, 0.87492, 0.842051, 0.942436, 0.929445, 0.897279, 0.877863]}, "LBigToe": {"frame": [37, 38, 39, 40, 41, 42, 43, 44, 46], "x": [537.268, 529.5, 523.637, 523.564, 529.439, 531.429, 525.55, 517.682, 509.794], "y": [554.956, 549.081, 547.115, 547.105, 547.121, 549.086, 556.906, 556.855, 556.859], "conf": [0.400974, 0.455888, 0.369016, 0.430221, 0.363162, 0.432963, 0.473756, 0.605527, 0.663128]}, "LSmallToe": {"frame": [37, 38, 39, 40, 41, 42, 43, 44, 46], "x": [529.467, 525.494, 523.534, 523.492, 525.501, 525.583, 525.54, 523.516, 515.73], "y": [554.87, 554.839, 552.999, 552.985, 554.843, 554.884, 558.853, 558.866, 555.005], "conf": [0.338196, 0.59705, 0.523968, 0.594494, 0.513556, 0.594424, 0.597732, 0.675617, 0.701941]}, "LHeel": {"frame": [37, 38, 39, 40, 41, 42, 43, 44, 46], "x": [515.766, 537.268, 539.219, 539.264, 541.136, 539.242, 541.203, 539.326, 523.65], "y": [547.129, 554.93, 554.88, 554.873, 554.939, 554.977, 556.886, 556.807, 543.231], "conf": [0.512088, 0.775595, 0.781096, 0.805334, 0.770575, 0.852377, 0.780058, 0.818383, 0.843169]}, "RBigToe": {"frame": [37, 38, 39, 40, 41, 42, 43, 44, 46], "x": [533.378, 539.246, 584.284, 0, 0, 625.466, 537.278, 413.922, 382.514], "y": [554.942, 527.506, 464.821, 0, 0, 427.563, 478.477, 496.235, 556.895], "conf": [0.594284, 0.314427, 0.273653, 0, 0, 0.479671, 0.405135, 0.779614, 0.816166]}, "RSmallToe": {"frame": [37, 38, 39, 40, 41, 42, 43, 44, 46], "x": [535.322, 0, 574.523, 0, 0, 631.284, 535.294, 415.921, 384.441], "y": [554.885, 0, 468.717, 0, 0, 433.449, 476.564, 496.153, 554.915], "conf": [0.559537, 0, 0.279927, 0, 0, 0.595702, 0.410092, 0.752691, 0.811096]}, "RHeel": {"frame": [37, 38, 39, 40, 41, 42, 43, 44, 46], "x": [517.686, 550.995, 582.364, 0, 645.045, 619.617, 531.422, 435.403, 413.944], "y": [541.192, 505.917, 453.041, 0, 413.838, 447.136, 464.79, 515.72, 555.014], "conf": [0.599381, 0.513787, 0.445939, 0, 0.53131, 0.759012, 0.547641, 0.78407, 0.877989]}, "Background": {"frame": [], "x": [], "y": [], "conf": []}}