{"Nose": {"frame": [25, 27, 28, 29, 30, 31], "x": [494.105, 494.141, 494.211, 496.132, 498.091, 505.946], "y": [302.15, 304.194, 304.154, 304.211, 306.133, 313.991], "conf": [0.756348, 0.471983, 0.663616, 0.672069, 0.570359, 0.570049]}, "Neck": {"frame": [25, 27, 28, 29, 30, 31], "x": [466.748, 468.722, 474.611, 476.486, 476.635, 478.621], "y": [325.733, 327.709, 333.483, 335.424, 335.511, 339.474], "conf": [0.858128, 0.807226, 0.836622, 0.895917, 0.945103, 0.91024]}, "RShoulder": {"frame": [25, 27, 28, 29, 30, 31], "x": [453.048, 455.017, 458.888, 460.841, 462.828, 464.843], "y": [327.705, 333.511, 333.58, 337.384, 337.422, 347.239], "conf": [0.816284, 0.840956, 0.875181, 0.920731, 0.940834, 0.860542]}, "RElbow": {"frame": [25, 27, 28, 29, 30, 31], "x": [455.029, 462.818, 464.8, 464.868, 464.775, 464.853], "y": [368.765, 370.846, 372.71, 378.631, 382.477, 394.299], "conf": [0.863696, 0.913726, 0.861188, 0.871597, 0.936192, 0.839666]}, "RWrist": {"frame": [25, 27, 28, 29, 30, 31], "x": [488.299, 492.196, 494.134, 494.181, 496.16, 494.21], "y": [355.149, 353.186, 353.189, 360.97, 380.548, 415.848], "conf": [0.844482, 0.931864, 0.91119, 0.882334, 0.910583, 0.87867]}, "LShoulder": {"frame": [25, 27, 28, 29, 30, 31], "x": [480.466, 482.443, 490.279, 490.246, 492.13, 494.216], "y": [323.824, 323.82, 329.619, 333.467, 335.408, 337.472], "conf": [0.868944, 0.783554, 0.783576, 0.769259, 0.840696, 0.899258]}, "LElbow": {"frame": [25, 27, 28, 29, 30, 31], "x": [498.121, 505.905, 507.975, 507.855, 492.181, 496.187], "y": [364.907, 353.173, 349.244, 359.006, 362.959, 362.921], "conf": [0.776761, 0.298245, 0.329342, 0.305638, 0.519063, 0.646358]}, "LWrist": {"frame": [25, 27, 28, 29, 30, 31], "x": [509.935, 503.996, 539.237, 507.844, 507.836, 523.657], "y": [345.277, 349.221, 364.902, 353.23, 366.834, 366.771], "conf": [0.71494, 0.29935, 0.103115, 0.301414, 0.659771, 0.630873]}, "MidHip": {"frame": [25, 27, 28, 29, 30, 31], "x": [474.603, 478.572, 488.274, 482.463, 480.462, 478.446], "y": [400.142, 398.192, 396.205, 398.171, 400.216, 409.909], "conf": [0.871868, 0.83246, 0.763785, 0.821645, 0.87163, 0.887222]}, "RHip": {"frame": [25, 27, 28, 29, 30, 31], "x": [462.783, 468.767, 476.54, 474.646, 472.602, 464.831], "y": [402.17, 404.058, 400.216, 402.086, 404.086, 413.787], "conf": [0.864585, 0.763893, 0.834423, 0.836261, 0.794061, 0.869604]}, "RKnee": {"frame": [25, 27, 28, 29, 30, 31], "x": [472.625, 476.567, 478.517, 478.643, 478.504, 478.594], "y": [462.838, 462.817, 462.772, 460.958, 462.911, 462.832], "conf": [0.856625, 0.919796, 0.918678, 0.891971, 0.91208, 0.93158]}, "RAnkle": {"frame": [25, 27, 28, 29, 30, 31], "x": [462.816, 462.878, 462.923, 462.873, 462.867, 462.825], "y": [525.652, 525.653, 525.611, 525.572, 525.596, 525.584], "conf": [0.88384, 0.896244, 0.892104, 0.917665, 0.924375, 0.936308]}, "LHip": {"frame": [25, 27, 28, 29, 30, 31], "x": [482.481, 492.215, 496.161, 494.171, 492.276, 492.137], "y": [398.139, 388.396, 384.558, 390.375, 398.241, 402.184], "conf": [0.829496, 0.766351, 0.776417, 0.807941, 0.876483, 0.86143]}, "LKnee": {"frame": [25, 27, 28, 29, 30, 31], "x": [537.258, 525.535, 523.486, 531.421, 539.227, 533.376], "y": [400.207, 362.889, 351.112, 368.735, 413.827, 441.272], "conf": [0.904035, 0.870705, 0.887317, 0.867241, 0.897433, 0.837197]}, "LAnkle": {"frame": [25, 27, 28, 29, 30, 31], "x": [541.249, 570.584, 543.234, 511.823, 504.028, 521.558], "y": [462.924, 380.576, 386.44, 429.496, 460.8, 496.19], "conf": [0.916735, 0.829244, 0.852535, 0.936469, 0.884424, 0.866704]}, "REye": {"frame": [25, 27, 28, 29, 30, 31], "x": [492.199, 494.105, 494.114, 494.22, 494.296, 501.999], "y": [294.348, 302.171, 300.262, 302.147, 304.104, 308.149], "conf": [0.745741, 0.518291, 0.677164, 0.698143, 0.615085, 0.616884]}, "LEye": {"frame": [25, 27, 28, 29, 30, 31], "x": [0, 0, 0, 0, 0, 0], "y": [0, 0, 0, 0, 0, 0], "conf": [0, 0, 0, 0, 0, 0]}, "REar": {"frame": [25, 27, 28, 29, 30, 31], "x": [478.589, 484.432, 482.436, 486.343, 488.318, 492.181], "y": [298.289, 304.107, 304.096, 304.139, 304.244, 313.977], "conf": [0.808237, 0.845782, 0.855853, 0.867158, 0.867795, 0.839298]}, "LEar": {"frame": [25, 27, 28, 29, 30, 31], "x": [0, 0, 0, 0, 0, 0], "y": [0, 0, 0, 0, 0, 0], "conf": [0, 0, 0, 0, 0, 0]}, "LBigToe": {"frame": [25, 27, 28, 29, 30, 31], "x": [570.57, 586.224, 554.966, 537.286, 517.74, 541.286], "y": [464.785, 372.728, 380.527, 433.47, 480.457, 519.635], "conf": [0.821632, 0.673926, 0.49653, 0.756217, 0.837866, 0.842017]}, "LSmallToe": {"frame": [25, 27, 28, 29, 30, 31], "x": [568.576, 582.322, 552.973, 535.338, 521.551, 541.259], "y": [462.83, 372.755, 380.519, 431.441, 476.636, 511.797], "conf": [0.79819, 0.593217, 0.534675, 0.704476, 0.820646, 0.841753]}, "LHeel": {"frame": [25, 27, 28, 29, 30, 31], "x": [539.156, 570.531, 543.215, 507.856, 494.173, 509.805], "y": [476.463, 384.533, 396.28, 431.531, 460.89, 503.971], "conf": [0.843555, 0.727814, 0.747985, 0.873384, 0.804027, 0.819432]}, "RBigToe": {"frame": [25, 27, 28, 29, 30, 31], "x": [490.307, 492.186, 494.174, 492.168, 486.393, 490.301], "y": [539.178, 539.184, 539.189, 537.312, 537.255, 537.241], "conf": [0.838973, 0.884659, 0.856927, 0.837612, 0.844996, 0.875504]}, "RSmallToe": {"frame": [25, 27, 28, 29, 30, 31], "x": [478.569, 478.619, 482.437, 478.616, 478.483, 480.485], "y": [541.177, 541.143, 541.15, 539.296, 539.244, 539.233], "conf": [0.87758, 0.898353, 0.851591, 0.872364, 0.903713, 0.880881]}, "RHeel": {"frame": [25, 27, 28, 29, 30, 31], "x": [456.962, 458.92, 458.917, 458.852, 458.897, 456.958], "y": [537.23, 535.353, 535.299, 533.377, 533.386, 533.373], "conf": [0.789001, 0.815137, 0.799761, 0.798779, 0.822058, 0.816636]}, "Background": {"frame": [], "x": [], "y": [], "conf": []}}