{"Nose": {"frame": [0, 1, 2, 3, 4, 5, 6, 7, 8, 9, 10, 11, 12, 13, 14, 15, 16, 17, 18, 19, 20, 21, 22, 23], "x": [319.758, 319.91, 321.813, 323.728, 323.732, 321.887, 323.732, 327.656, 331.553, 335.413, 335.498, 337.415, 339.404, 343.37, 349.161, 349.251, 351.118, 351.147, 351.206, 351.216, 351.184, 351.189, 351.153, 351.238], "y": [345.307, 345.327, 345.269, 345.318, 345.3, 345.303, 343.388, 343.32, 343.347, 341.434, 343.347, 341.411, 343.349, 343.367, 343.354, 343.34, 345.275, 343.37, 343.354, 343.368, 343.387, 349.165, 351.139, 353.172], "conf": [0.919724, 0.929134, 0.915469, 0.885679, 0.884378, 0.898952, 0.885174, 0.858493, 0.849836, 0.884892, 0.906164, 0.908458, 0.87044, 0.840947, 0.864027, 0.880017, 0.893275, 0.900971, 0.910968, 0.908313, 0.902909, 0.91507, 0.935705, 0.924476]}, "Neck": {"frame": [0, 1, 2, 3, 4, 5, 6, 7, 8, 9, 10, 11, 12, 13, 14, 15, 16, 17, 18, 19, 20, 21, 22, 23], "x": [335.517, 337.426, 337.53, 337.584, 337.576, 337.53, 337.43, 335.539, 335.452, 335.409, 335.446, 335.514, 337.397, 337.481, 337.588, 339.481, 341.41, 343.386, 345.337, 347.265, 347.281, 345.276, 347.217, 349.265], "y": [370.797, 370.78, 370.763, 370.806, 370.783, 370.77, 370.775, 370.755, 368.904, 368.833, 368.846, 368.866, 368.904, 368.907, 368.895, 368.896, 368.916, 368.905, 368.912, 370.747, 370.778, 368.923, 370.788, 376.676], "conf": [0.930281, 0.927707, 0.923836, 0.909299, 0.914964, 0.922661, 0.941483, 0.961771, 0.950665, 0.959507, 0.968979, 0.972428, 0.964229, 0.957539, 0.938036, 0.92644, 0.908671, 0.905594, 0.907732, 0.907875, 0.906954, 0.899569, 0.8799, 0.869843]}, "RShoulder": {"frame": [0, 1, 2, 3, 4, 5, 6, 7, 8, 9, 10, 11, 12, 13, 14, 15, 16, 17, 18, 19, 20, 21, 22, 23], "x": [313.981, 319.716, 319.812, 319.855, 319.855, 319.814, 319.721, 315.893, 310.088, 310.058, 310.084, 313.924, 317.811, 317.906, 319.811, 319.885, 321.703, 321.819, 321.862, 321.885, 323.739, 321.906, 323.743, 327.689], "y": [370.763, 370.78, 368.926, 370.76, 368.922, 368.893, 368.893, 370.749, 368.898, 368.837, 368.871, 368.933, 370.751, 370.776, 370.751, 368.934, 370.747, 368.906, 368.912, 368.931, 370.752, 368.878, 368.884, 372.713], "conf": [0.864911, 0.91339, 0.961742, 0.956929, 0.965459, 0.973671, 0.936241, 0.880831, 0.887757, 0.898723, 0.893593, 0.877831, 0.897497, 0.912481, 0.942925, 0.95518, 0.944741, 0.938384, 0.931129, 0.917453, 0.905777, 0.916394, 0.889453, 0.814647]}, "RElbow": {"frame": [0, 1, 2, 3, 4, 5, 6, 7, 8, 9, 10, 11, 12, 13, 14, 15, 16, 17, 18, 19, 20, 21, 22, 23], "x": [308.058, 308.169, 313.941, 313.957, 313.985, 310.091, 308.105, 306.223, 306.123, 306.132, 306.142, 306.168, 306.207, 308.058, 308.162, 313.995, 317.802, 317.901, 319.736, 319.775, 319.819, 319.863, 319.866, 319.763], "y": [409.908, 408.029, 409.936, 409.91, 409.91, 407.975, 409.916, 408.014, 406.08, 407.968, 407.997, 408.021, 409.914, 409.962, 407.977, 409.94, 409.935, 408.001, 409.912, 409.918, 411.928, 406.06, 402.142, 402.154], "conf": [0.863128, 0.814555, 0.785545, 0.785385, 0.781924, 0.796014, 0.839792, 0.86721, 0.888195, 0.884671, 0.88064, 0.876843, 0.867113, 0.853263, 0.807953, 0.796932, 0.815774, 0.843582, 0.84655, 0.862197, 0.883075, 0.755074, 0.505886, 0.65896]}, "RWrist": {"frame": [0, 1, 2, 3, 4, 5, 6, 7, 8, 9, 10, 11, 12, 13, 14, 15, 16, 17, 18, 19, 20, 21, 22, 23], "x": [317.816, 319.753, 319.854, 319.875, 319.851, 319.823, 317.867, 317.833, 315.92, 315.925, 315.903, 317.87, 317.844, 319.823, 319.801, 319.922, 319.917, 319.929, 319.911, 321.708, 319.878, 317.821, 325.738, 329.61], "y": [433.504, 433.452, 433.539, 433.532, 433.473, 433.429, 433.483, 433.477, 433.47, 433.477, 433.514, 433.453, 433.495, 433.517, 431.578, 433.481, 433.493, 433.467, 433.433, 431.609, 433.459, 423.675, 413.821, 402.146], "conf": [0.88521, 0.901547, 0.883887, 0.892375, 0.892458, 0.898632, 0.867989, 0.859704, 0.864733, 0.858411, 0.850389, 0.869167, 0.867918, 0.87709, 0.902757, 0.891291, 0.906496, 0.905502, 0.898269, 0.905253, 0.904197, 0.589854, 0.406975, 0.602721]}, "LShoulder": {"frame": [0, 1, 2, 3, 4, 5, 6, 7, 8, 9, 10, 11, 12, 13, 14, 15, 16, 17, 18, 19, 20, 21, 22, 23], "x": [355.074, 357.054, 360.967, 362.914, 362.898, 360.959, 357.085, 355.102, 353.213, 353.176, 353.234, 355.141, 359, 360.971, 362.967, 364.933, 366.814, 366.824, 366.887, 366.935, 366.896, 366.767, 366.844, 368.755], "y": [370.808, 370.78, 370.817, 372.707, 370.852, 370.854, 370.845, 370.764, 368.928, 368.819, 368.819, 368.826, 368.859, 368.853, 368.853, 368.863, 368.885, 368.882, 368.9, 370.752, 370.778, 370.773, 372.711, 380.508], "conf": [0.902711, 0.888122, 0.866216, 0.854852, 0.858307, 0.856609, 0.869303, 0.904683, 0.92218, 0.948979, 0.940138, 0.92222, 0.90908, 0.909559, 0.909509, 0.926739, 0.936169, 0.935665, 0.934067, 0.921737, 0.91734, 0.914367, 0.898406, 0.912107]}, "LElbow": {"frame": [0, 1, 2, 3, 4, 5, 6, 7, 8, 9, 10, 11, 12, 13, 14, 15, 16, 17, 18, 19, 20, 21, 22, 23], "x": [370.808, 374.668, 374.719, 376.625, 376.639, 374.7, 372.726, 370.783, 370.741, 368.878, 368.911, 370.787, 370.829, 372.761, 376.622, 378.588, 380.523, 380.568, 382.426, 382.439, 382.49, 382.519, 382.526, 382.493], "y": [413.841, 413.839, 413.89, 413.927, 413.909, 413.907, 413.921, 413.79, 411.858, 409.966, 411.836, 411.844, 411.935, 411.946, 413.78, 413.773, 413.827, 413.799, 413.817, 413.821, 413.844, 413.83, 413.896, 415.905], "conf": [0.918844, 0.904737, 0.91309, 0.914994, 0.917705, 0.915701, 0.915316, 0.914998, 0.891282, 0.901834, 0.897553, 0.88359, 0.895877, 0.887032, 0.888888, 0.894442, 0.921804, 0.91349, 0.934065, 0.931295, 0.945339, 0.948967, 0.961434, 0.92219]}, "LWrist": {"frame": [0, 1, 2, 3, 4, 5, 6, 7, 8, 9, 10, 11, 12, 13, 14, 15, 16, 17, 18, 19, 20, 21, 22, 23], "x": [349.228, 349.198, 349.163, 347.3, 347.297, 347.245, 343.315, 339.511, 341.381, 339.5, 339.482, 345.312, 345.287, 349.152, 347.291, 349.211, 349.176, 349.225, 351.118, 351.171, 349.243, 349.263, 358.99, 353.059], "y": [439.341, 439.327, 439.315, 441.272, 439.37, 439.357, 439.335, 439.339, 437.401, 435.457, 437.353, 435.401, 437.371, 435.479, 435.468, 435.458, 437.36, 435.477, 437.425, 437.407, 433.467, 427.584, 413.793, 415.925], "conf": [0.833123, 0.841344, 0.840242, 0.839451, 0.831515, 0.83047, 0.823915, 0.823215, 0.811197, 0.839265, 0.834579, 0.825388, 0.82398, 0.830798, 0.827847, 0.851852, 0.840952, 0.841259, 0.84515, 0.858537, 0.875226, 0.844005, 0.834976, 0.890577]}, "MidHip": {"frame": [0, 1, 2, 3, 4, 5, 6, 7, 8, 9, 10, 11, 12, 13, 14, 15, 16, 17, 18, 19, 20, 21, 22, 23], "x": [339.398, 339.494, 341.354, 341.4, 341.384, 339.469, 337.582, 337.468, 337.416, 337.39, 337.45, 337.5, 337.546, 339.405, 339.464, 339.51, 341.439, 341.43, 343.341, 345.305, 347.235, 345.261, 349.183, 353.167], "y": [451.103, 453.057, 453.062, 453.085, 453.076, 453.064, 455.026, 451.109, 451.093, 449.132, 449.171, 451.085, 451.1, 451.129, 451.096, 451.139, 453.045, 453.081, 453.049, 451.135, 451.102, 447.261, 445.263, 447.139], "conf": [0.842413, 0.831322, 0.830545, 0.824081, 0.826832, 0.839357, 0.854221, 0.871717, 0.874281, 0.886734, 0.881113, 0.870416, 0.867075, 0.852625, 0.847827, 0.838552, 0.819499, 0.817365, 0.810932, 0.806964, 0.809258, 0.837583, 0.887523, 0.878179]}, "RHip": {"frame": [0, 1, 2, 3, 4, 5, 6, 7, 8, 9, 10, 11, 12, 13, 14, 15, 16, 17, 18, 19, 20, 21, 22, 23], "x": [323.804, 327.642, 325.764, 327.681, 327.66, 325.723, 323.773, 321.858, 321.784, 321.75, 321.817, 321.874, 323.726, 323.785, 325.692, 325.744, 327.67, 327.704, 329.621, 331.563, 333.487, 331.58, 335.501, 341.422], "y": [451.13, 453.074, 453.068, 453.088, 453.077, 453.063, 455.002, 451.129, 451.14, 449.177, 449.208, 451.125, 451.119, 451.127, 451.102, 451.13, 453.036, 453.069, 453.052, 451.149, 451.131, 447.259, 445.198, 447.136], "conf": [0.809603, 0.79524, 0.798357, 0.799519, 0.798051, 0.803659, 0.819677, 0.841393, 0.85497, 0.868601, 0.85683, 0.843508, 0.838298, 0.829487, 0.81605, 0.815489, 0.808404, 0.802931, 0.803677, 0.80796, 0.819074, 0.842277, 0.907062, 0.809994]},