{"Nose": {"frame": [21, 22, 23, 24, 25, 26, 27, 28, 29, 30, 31, 32, 33, 34, 35, 36, 37, 38, 39, 40, 41, 42, 43, 44, 45], "x": [558.911, 558.857, 558.858, 558.853, 558.844, 558.908, 558.899, 566.722, 568.577, 570.576, 572.477, 576.461, 586.242, 584.302, 0, 0, 0, 0, 0, 0, 0, 0, 0, 523.573, 0], "y": [366.842, 366.937, 370.757, 374.663, 380.521, 380.508, 382.428, 380.601, 382.537, 384.486, 396.255, 411.84, 417.78, 411.944, 0, 0, 0, 0, 0, 0, 0, 0, 0, 382.419, 0], "conf": [0.263247, 0.256134, 0.280785, 0.501624, 0.430728, 0.359902, 0.581377, 0.519487, 0.740909, 0.818479, 0.48169, 0.433147, 0.760784, 0.68066, 0, 0, 0, 0, 0, 0, 0, 0, 0, 0.191047, 0]}, "Neck": {"frame": [21, 22, 23, 24, 25, 26, 27, 28, 29, 30, 31, 32, 33, 34, 35, 36, 37, 38, 39, 40, 41, 42, 43, 44, 45], "x": [539.141, 539.16, 539.142, 537.338, 537.32, 537.309, 539.196, 541.152, 541.302, 545.133, 547.091, 554.961, 558.858, 560.855, 556.968, 554.855, 551.049, 543.216, 539.204, 531.427, 525.486, 519.666, 513.822, 509.921, 507.83], "y": [396.254, 396.274, 398.115, 398.173, 398.244, 400.111, 400.181, 400.264, 402.167, 409.963, 415.915, 431.446, 439.365, 433.545, 445.235, 449.162, 447.138, 439.309, 425.598, 413.831, 402.157, 402.185, 406.065, 409.923, 411.867], "conf": [0.857175, 0.87483, 0.885278, 0.914445, 0.920949, 0.928607, 0.911886, 0.912355, 0.888058, 0.877167, 0.886603, 0.977368, 0.859549, 0.853643, 0.921493, 0.897608, 0.91198, 0.845141, 0.910569, 0.902395, 0.926866, 0.883578, 0.855094, 0.901019, 0.901397]}, "RShoulder": {"frame": [21, 22, 23, 24, 25, 26, 27, 28, 29, 30, 31, 32, 33, 34, 35, 36, 37, 38, 39, 40, 41, 42, 43, 44, 45], "x": [527.534, 525.665, 525.532, 523.668, 523.628, 525.464, 525.465, 525.649, 531.429, 537.288, 539.164, 539.327, 543.21, 547.109, 572.603, 572.642, 570.507, 556.941, 553.003, 552.938, 543.159, 539.154, 529.448, 525.575, 519.655], "y": [398.261, 400.076, 398.288, 398.274, 400.18, 402.087, 404.075, 406.075, 409.929, 413.856, 425.612, 439.362, 445.195, 439.319, 443.272, 443.205, 443.294, 435.465, 419.793, 411.879, 398.101, 394.271, 396.192, 398.212, 402.084], "conf": [0.925974, 0.931583, 0.955242, 0.932766, 0.930281, 0.921652, 0.88126, 0.867129, 0.827386, 0.901316, 0.878784, 0.889774, 0.899951, 0.782327, 0.851016, 0.898166, 0.896319, 0.859607, 0.881958, 0.876951, 0.915616, 0.851811, 0.866267, 0.93184, 0.870547]}, "RElbow": {"frame": [21, 22, 23, 24, 25, 26, 27, 28, 29, 30, 31, 32, 33, 34, 35, 36, 37, 38, 39, 40, 41, 42, 43, 44, 45], "x": [525.476, 523.67, 523.47, 523.497, 523.559, 525.502, 527.54, 531.424, 537.241, 535.317, 529.501, 523.552, 517.697, 515.767, 556.938, 613.677, 586.266, 560.796, 556.898, 554.953, 562.736, 554.889, 543.199, 533.395, 531.406], "y": [443.297, 445.161, 443.273, 443.273, 443.285, 443.292, 445.204, 447.189, 449.105, 458.957, 470.673, 480.483, 460.908, 443.187, 429.518, 415.899, 472.676, 474.551, 462.923, 445.195, 382.59, 374.712, 374.702, 384.522, 441.263], "conf": [0.965135, 0.993345, 0.926255, 0.945084, 0.955011, 0.965849, 0.926575, 0.90429, 0.908889, 0.88699, 0.821076, 0.899214, 0.909013, 0.819976, 0.590152, 0.79301, 0.275072, 0.691126, 0.691829, 0.34087, 0.763761, 0.826604, 0.863936, 0.682912, 0.219911]}, "RWrist": {"frame": [21, 22, 23, 24, 25, 26, 27, 28, 29, 30, 31, 32, 33, 34, 35, 36, 37, 38, 39, 40, 41, 42, 43, 44, 45], "x": [554.973, 556.886, 556.942, 556.987, 554.945, 554.938, 556.86, 556.997, 566.705, 570.649, 551.034, 523.524, 507.951, 539.204, 554.839, 631.287, 0, 543.194, 554.875, 0, 550.969, 539.281, 529.449, 513.757, 0], "y": [458.935, 453.042, 445.222, 431.579, 431.451, 429.587, 429.529, 431.531, 435.452, 460.897, 494.256, 517.739, 494.169, 462.82, 404.119, 394.271, 0, 490.261, 505.92, 0, 366.822, 353.085, 355.106, 378.61, 0], "conf": [0.910144, 0.880647, 0.946398, 0.923207, 0.94984, 0.925981, 0.875142, 0.937276, 0.851784, 0.949935, 0.90393, 0.90668, 0.967442, 0.891679, 0.669559, 0.76481, 0, 0.780697, 0.780009, 0, 0.630964, 0.799136, 0.858108, 0.746366, 0]}, "LShoulder": {"frame": [21, 22, 23, 24, 25, 26, 27, 28, 29, 30, 31, 32, 33, 34, 35, 36, 37, 38, 39, 40, 41, 42, 43, 44, 45], "x": [541.257, 541.317, 545.175, 547.113, 549.023, 547.06, 551.014, 554.891, 554.977, 556.877, 556.956, 570.598, 576.502, 576.48, 541.257, 531.424, 533.372, 531.418, 523.612, 511.812, 507.901, 502.004, 498.093, 494.25, 494.121], "y": [392.302, 390.376, 394.276, 398.112, 398.107, 398.182, 398.198, 398.269, 400.15, 404.073, 413.809, 421.689, 431.524, 431.57, 447.225, 460.982, 451.152, 441.269, 427.539, 413.944, 413.829, 415.768, 417.826, 417.808, 415.791], "conf": [0.789858, 0.785365, 0.767533, 0.837539, 0.824408, 0.84375, 0.826867, 0.861929, 0.898099, 0.911516, 0.867469, 0.876534, 0.883452, 0.874174, 0.881708, 0.886254, 0.838833, 0.861841, 0.922097, 0.923229, 0.935601, 0.887965, 0.865235, 0.914792, 0.946918]}, "LElbow": {"frame": [21, 22, 23, 24, 25, 26, 27, 28, 29, 30, 31, 32, 33, 34, 35, 36, 37, 38, 39, 40, 41, 42, 43, 44, 45], "x": [543.218, 545.134, 545.145, 543.253, 552.989, 554.87, 566.712, 570.584, 556.924, 556.95, 566.651, 588.295, 598.044, 586.209, 525.601, 535.333, 539.282, 535.314, 525.61, 513.832, 509.986, 511.846, 513.805, 511.796, 507.97], "y": [431.535, 431.58, 429.624, 431.555, 431.566, 431.555, 431.491, 429.624, 429.618, 433.514, 431.533, 429.471, 417.809, 447.172, 480.486, 502.017, 494.23, 466.784, 447.287, 443.215, 447.115, 454.986, 460.801, 460.831, 456.929], "conf": [0.233667, 0.186922, 0.211587, 0.604653, 0.604581, 0.630555, 0.494036, 0.535499, 0.378741, 0.88358, 0.847418, 0.855428, 0.757369, 0.739284, 0.903791, 0.790429, 0.933604, 0.86105, 0.921594, 0.863183, 0.928695, 0.860602, 0.901109, 0.917009, 0.896244]}, "LWrist": {"frame": [21, 22, 23, 24, 25, 26, 27, 28, 29, 30, 31, 32, 33, 34, 35, 36, 37, 38, 39, 40, 41, 42, 43, 44, 45], "x": [558.867, 560.779, 564.748, 568.657, 570.672, 570.589, 570.627, 570.679, 572.554, 582.392, 590.233, 613.726, 615.615, 601.931, 541.325, 539.273, 523.637, 515.752, 507.924, 505.986, 509.809, 521.601, 521.558, 513.8, 509.941], "y": [454.982, 449.158, 445.229, 431.612, 427.537, 425.617, 421.731, 421.733, 431.461, 447.147, 445.268, 433.501, 415.904, 460.789, 500.054, 515.738, 513.793, 476.658, 470.689, 470.651, 478.49, 490.205, 490.294, 492.228, 490.255], "conf": [0.263976, 0.181629, 0.264465, 0.68633, 0.681055, 0.7098, 0.549565, 0.553959, 0.422921, 0.872179, 0.928978, 0.857885, 0.844947, 0.783486, 0.705936, 0.725326, 0.864987, 0.864181, 0.927484, 0.887326, 0.95528, 0.871849, 0.885582, 0.888744, 0.888395]}, "MidHip": {"frame": [21, 22, 23, 24, 25, 26, 27, 28, 29, 30, 31, 32, 33, 34, 35, 36, 37, 38, 39, 40, 41, 42, 43, 44, 45], "x": [537.307, 539.216, 539.219, 539.219, 541.156, 541.25, 543.241, 549.02, 545.103, 543.25, 543.184, 547.091, 554.912, 558.909, 564.695, 568.624, 574.512, 578.434, 576.488, 570.625, 570.548, 564.691, 558.901, 554.985, 539.307], "y": [464.822, 466.746, 464.861, 470.663, 472.597, 468.722, 464.806, 464.87, 470.686, 478.442, 480.559, 492.251, 502.026, 507.83, 509.804, 507.845, 492.255, 482.435, 476.526, 472.626, 464.849, 462.832, 462.946, 468.726, 476.564], "conf": [0.810156, 0.861122, 0.886946, 0.874769, 0.880487, 0.855691, 0.827646, 0.794449, 0.826069, 0.897258, 0.867799, 0.859943, 0.882973, 0.863791, 0.85299, 0.839155, 0.888695, 0.816809, 0.821259, 0.833387, 0.824785, 0.837877, 0.834978, 0.825997, 0.875185]}, "RHip": {"frame": [21, 22, 23, 24, 25, 26, 27, 28, 29, 30, 31, 32, 33, 34, 35, 36, 37, 38, 39, 40, 41, 42, 43, 44, 45], "x": [531.405, 529.489, 525.637, 525.602, 527.548, 535.29, 537.315, 539.253, 539.164, 537.269, 535.37, 539.231, 543.206, 554.929, 574.56, 582.328, 588.234, 590.174, 588.294, 584.26, 578.459, 572.587, 570.603, 558.824, 551.012], "y": [466.75, 466.798, 464.871, 472.621, 474.639, 474.622, 472.678, 474.596, 476.501, 480.465, 488.287, 494.157, 505.89, 507.893, 509.798, 503.976, 490.285, 478.509, 468.729, 462.884, 460.839, 456.963, 460.826, 462.9, 474.638],