{"Nose": {"frame": [3, 4, 5], "x": [337.394, 0, 339.435], "y": [255.217, 0, 253.251], "conf": [0.151956, 0, 0.0887595]}, "Neck": {"frame": [3, 4, 5], "x": [368.832, 368.862, 368.788], "y": [286.49, 286.495, 284.589], "conf": [0.83099, 0.828598, 0.870147]}, "RShoulder": {"frame": [3, 4, 5], "x": [384.493, 386.418, 384.568], "y": [288.407, 288.508, 288.478], "conf": [0.770263, 0.756571, 0.822132]}, "RElbow": {"frame": [3, 4, 5], "x": [370.771, 353.14, 362.941], "y": [331.58, 315.922, 325.7], "conf": [0.156748, 0.169065, 0.197748]}, "RWrist": {"frame": [3, 4, 5], "x": [321.852, 329.625, 333.499], "y": [302.226, 300.251, 294.391], "conf": [0.205509, 0.210422, 0.184451]}, "LShoulder": {"frame": [3, 4, 5], "x": [353.203, 353.115, 351.222], "y": [284.585, 280.691, 278.693], "conf": [0.816198, 0.816629, 0.842283]}, "LElbow": {"frame": [3, 4, 5], "x": [313.954, 317.844, 311.978], "y": [319.892, 319.807, 319.824], "conf": [0.848806, 0.837904, 0.865275]}, "LWrist": {"frame": [3, 4, 5], "x": [306.158, 308.064, 311.972], "y": [292.423, 290.498, 288.538], "conf": [0.674696, 0.594204, 0.70231]}, "MidHip": {"frame": [3, 4, 5], "x": [370.846, 372.704, 370.785], "y": [392.313, 392.355, 390.4], "conf": [0.717053, 0.720275, 0.726799]}, "RHip": {"frame": [3, 4, 5], "x": [388.441, 390.333, 388.413], "y": [388.397, 388.433, 388.394], "conf": [0.697023, 0.691902, 0.691545]}, "RKnee": {"frame": [3, 4, 5], "x": [396.274, 396.251, 396.262], "y": [466.806, 468.719, 468.752], "conf": [0.845324, 0.833035, 0.831027]}, "RAnkle": {"frame": [3, 4, 5], "x": [429.45, 429.453, 429.444], "y": [547.133, 549.069, 551.008], "conf": [0.832193, 0.828745, 0.820378]}, "LHip": {"frame": [3, 4, 5], "x": [355.136, 355.126, 355.067], "y": [396.183, 396.217, 394.274], "conf": [0.712281, 0.716715, 0.716686]}, "LKnee": {"frame": [3, 4, 5], "x": [321.822, 319.89, 319.764], "y": [464.836, 464.775, 462.96], "conf": [0.882766, 0.900174, 0.885504]}, "LAnkle": {"frame": [3, 4, 5], "x": [319.885, 319.846, 319.78], "y": [556.884, 556.827, 556.826], "conf": [0.925413, 0.919586, 0.911261]}, "REye": {"frame": [3, 4, 5], "x": [0, 0, 0], "y": [0, 0, 0], "conf": [0, 0, 0]}, "LEye": {"frame": [3, 4, 5], "x": [337.517, 0, 341.403], "y": [247.383, 0, 247.333], "conf": [0.158895, 0, 0.12132]}, "REar": {"frame": [3, 4, 5], "x": [378.587, 380.578, 372.739], "y": [257.141, 259.133, 257.146], "conf": [0.128583, 0.141887, 0.19658]}, "LEar": {"frame": [3, 4, 5], "x": [351.236, 351.184, 353.112], "y": [253.212, 255.187, 255.167], "conf": [0.607497, 0.385041, 0.713759]}, "LBigToe": {"frame": [3, 4, 5], "x": [282.618, 286.521, 280.64], "y": [568.578, 568.566, 568.591], "conf": [0.701214, 0.682693, 0.735863]}, "LSmallToe": {"frame": [3, 4, 5], "x": [290.462, 292.407, 290.39], "y": [570.617, 570.57, 570.618], "conf": [0.824906, 0.783567, 0.834694]}, "LHeel": {"frame": [3, 4, 5], "x": [325.756, 323.826, 323.796], "y": [568.662, 566.691, 566.704], "conf": [0.814057, 0.790334, 0.811548]}, "RBigToe": {"frame": [3, 4, 5], "x": [398.156, 398.139, 396.217], "y": [555.003, 556.86, 556.94], "conf": [0.863455, 0.872521, 0.846325]}, "RSmallToe": {"frame": [3, 4, 5], "x": [400.222, 400.205, 400.127], "y": [554.852, 554.926, 555.006], "conf": [0.799339, 0.814943, 0.816638]}, "RHeel": {"frame": [3, 4, 5], "x": [433.481, 433.512, 433.533], "y": [556.816, 556.862, 556.918], "conf": [0.888089, 0.895696, 0.8819]}, "Background": {"frame": [], "x": [], "y": [], "conf": []}}