{"Nose": {"frame": [28, 29, 30, 31, 32, 33, 34, 35, 36, 37, 38, 39, 40, 41, 42, 43, 44, 45, 46, 47, 48, 49, 50, 51, 52], "x": [449.21, 453.073, 460.826, 462.852, 476.47, 480.496, 478.608, 0, 0, 0, 0, 0, 0, 0, 0, 0, 0, 0, 327.686, 0, 300.257, 0, 0, 0, 280.676], "y": [317.902, 319.749, 323.809, 337.573, 355.064, 366.89, 366.784, 0, 0, 0, 0, 0, 0, 0, 0, 0, 0, 0, 380.501, 0, 398.251, 0, 0, 0, 419.797], "conf": [0.287047, 0.251932, 0.779013, 0.549696, 0.739666, 0.75074, 0.830611, 0, 0, 0, 0, 0, 0, 0, 0, 0, 0, 0, 0.103928, 0, 0.0982181, 0, 0, 0, 0.632232]}, "Neck": {"frame": [28, 29, 30, 31, 32, 33, 34, 35, 36, 37, 38, 39, 40, 41, 42, 43, 44, 45, 46, 47, 48, 49, 50, 51, 52], "x": [427.555, 431.434, 431.552, 439.358, 447.279, 458.956, 460.784, 457.003, 451.076, 443.28, 431.564, 423.677, 415.895, 411.87, 406.041, 402.132, 394.319, 382.444, 362.893, 341.433, 331.609, 321.816, 321.776, 321.857, 321.771], "y": [341.354, 347.221, 353.08, 366.809, 382.445, 386.509, 390.34, 402.085, 409.972, 400.194, 386.507, 370.786, 364.846, 355.106, 357.053, 366.926, 374.703, 382.53, 396.178, 402.143, 415.76, 425.613, 431.489, 435.43, 433.544], "conf": [0.842514, 0.895492, 0.965815, 0.909217, 0.922169, 0.873024, 0.856856, 0.877998, 0.84771, 0.89637, 0.87933, 0.869007, 0.901351, 0.902455, 0.861867, 0.916916, 0.842658, 0.858091, 0.79294, 0.824861, 0.872542, 0.861904, 0.904872, 0.839665, 0.876485]}, "RShoulder": {"frame": [28, 29, 30, 31, 32, 33, 34, 35, 36, 37, 38, 39, 40, 41, 42, 43, 44, 45, 46, 47, 48, 49, 50, 51, 52], "x": [411.944, 413.936, 415.824, 421.718, 429.565, 435.412, 441.302, 476.493, 478.487, 460.872, 447.212, 445.138, 445.17, 431.532, 429.48, 421.712, 402.092, 382.565, 355.109, 337.437, 321.817, 319.769, 317.894, 319.742, 317.858], "y": [347.254, 351.171, 357.036, 368.883, 384.587, 396.199, 392.306, 398.228, 398.223, 398.236, 384.582, 368.731, 355.078, 349.145, 347.224, 353.137, 362.933, 372.715, 394.247, 400.183, 413.852, 419.788, 429.493, 429.586, 431.494], "conf": [0.867125, 0.940016, 0.894308, 0.876377, 0.908205, 0.830485, 0.789475, 0.893448, 0.926909, 0.889072, 0.849494, 0.948514, 0.924924, 0.918141, 0.900862, 0.861565, 0.845555, 0.792129, 0.788418, 0.865467, 0.862963, 0.83856, 0.853317, 0.870699, 0.831725]}, "RElbow": {"frame": [28, 29, 30, 31, 32, 33, 34, 35, 36, 37, 38, 39, 40, 41, 42, 43, 44, 45, 46, 47, 48, 49, 50, 51, 52], "x": [421.748, 419.749, 419.727, 415.891, 402.104, 398.28, 400.229, 484.431, 523.516, 449.118, 455.015, 453.074, 464.838, 456.976, 445.297, 449.115, 427.569, 398.203, 366.883, 339.429, 321.827, 311.985, 310.058, 313.967, 317.826], "y": [384.548, 396.18, 407.985, 417.846, 427.524, 400.145, 386.41, 384.564, 378.621, 439.316, 431.48, 411.88, 384.508, 341.4, 337.441, 353.22, 394.244, 406.052, 429.464, 435.455, 451.092, 460.923, 464.857, 466.775, 466.823], "conf": [0.845235, 0.869985, 0.854827, 0.883759, 0.863465, 0.961023, 0.583735, 0.612103, 0.775402, 0.185185, 0.38894, 0.340415, 0.892122, 0.722467, 0.860734, 0.846975, 0.265409, 0.263025, 0.590545, 0.7925, 0.911581, 0.896598, 0.895752, 0.840172, 0.797446]}, "RWrist": {"frame": [28, 29, 30, 31, 32, 33, 34, 35, 36, 37, 38, 39, 40, 41, 42, 43, 44, 45, 46, 47, 48, 49, 50, 51, 52], "x": [447.28, 455.005, 458.9, 431.474, 400.075, 386.486, 415.884, 462.809, 547.066, 421.675, 443.28, 443.276, 445.147, 437.398, 429.467, 429.467, 386.488, 368.785, 349.157, 333.574, 304.224, 290.419, 288.574, 290.498, 294.363], "y": [366.906, 384.471, 415.882, 458.926, 462.882, 431.464, 384.511, 370.764, 357.084, 462.807, 447.112, 431.583, 404.115, 337.424, 331.609, 366.859, 429.501, 429.542, 443.2, 466.785, 492.17, 494.178, 498.107, 500.057, 500.085], "conf": [0.864977, 0.865981, 0.877802, 0.899508, 0.98441, 0.8894, 0.403051, 0.647221, 0.705422, 0.0721408, 0.543185, 0.144862, 0.304219, 0.563439, 0.850948, 0.18242, 0.213425, 0.198703, 0.626001, 0.75047, 0.913751, 0.995509, 0.955786, 0.917053, 0.845686]}, "LShoulder": {"frame": [28, 29, 30, 31, 32, 33, 34, 35, 36, 37, 38, 39, 40, 41, 42, 43, 44, 45, 46, 47, 48, 49, 50, 51, 52], "x": [441.303, 445.309, 447.221, 457.007, 472.66, 478.463, 478.451, 437.355, 427.588, 427.524, 417.813, 402.092, 394.284, 386.415, 384.463, 384.51, 384.463, 378.639, 366.81, 351.169, 337.533, 331.554, 331.56, 335.405, 331.59], "y": [337.519, 339.472, 349.237, 359.06, 370.85, 384.407, 386.471, 409.919, 417.85, 402.175, 388.456, 376.648, 366.904, 366.876, 368.904, 382.469, 386.441, 388.394, 396.225, 404.12, 415.851, 427.58, 433.455, 445.154, 439.344], "conf": [0.819615, 0.882113, 0.899793, 0.828391, 0.854793, 0.91606, 0.878568, 0.798284, 0.878106, 0.869658, 0.874195, 0.866002, 0.929644, 0.936227, 0.925843, 0.933726, 0.892139, 0.824088, 0.910967, 0.880715, 0.945964, 0.869177, 0.856027, 0.88117, 0.833584]}, "LElbow": {"frame": [28, 29, 30, 31, 32, 33, 34, 35, 36, 37, 38, 39, 40, 41, 42, 43, 44, 45, 46, 47, 48, 49, 50, 51, 52], "x": [464.844, 447.246, 455.028, 474.582, 503.979, 502.05, 476.5, 419.782, 429.588, 431.449, 427.566, 413.877, 400.089, 394.292, 398.096, 398.212, 392.35, 386.455, 380.5, 366.915, 357.077, 351.127, 343.328, 339.451, 349.174], "y": [368.894, 370.76, 380.565, 380.57, 380.531, 374.696, 415.818, 449.182, 466.758, 455.023, 417.767, 400.182, 398.146, 400.258, 415.819, 427.564, 437.375, 435.46, 443.214, 445.28, 456.938, 466.749, 478.622, 494.296, 486.38], "conf": [0.583778, 0.512269, 0.812829, 0.846873, 0.758482, 0.688839, 0.620757, 0.832946, 0.879254, 0.857706, 0.883853, 0.923887, 0.938058, 0.854834, 0.897886, 0.910624, 0.830041, 0.848462, 0.891098, 0.980258, 0.85546, 0.907802, 0.823817, 0.837288, 0.798861]}, "LWrist": {"frame": [28, 29, 30, 31, 32, 33, 34, 35, 36, 37, 38, 39, 40, 41, 42, 43, 44, 45, 46, 47, 48, 49, 50, 51, 52], "x": [460.81, 464.831, 480.558, 505.983, 527.586, 523.484, 488.318, 431.464, 433.502, 411.858, 404.083, 396.235, 394.238, 396.16, 388.392, 382.418, 364.905, 358.986, 349.206, 341.375, 337.55, 335.411, 335.413, 335.407, 337.461], "y": [357.071, 370.773, 394.316, 396.193, 380.592, 368.9, 429.465, 480.483, 488.336, 478.499, 431.573, 433.515, 431.488, 439.313, 445.199, 443.298, 445.171, 447.234, 460.86, 476.481, 488.316, 505.951, 521.622, 535.338, 527.508], "conf": [0.314492, 0.596312, 0.823091, 0.878707, 0.789382, 0.843356, 0.667713, 0.792991, 0.638295, 0.861992, 0.836604, 0.872021, 0.895204, 0.851169, 0.859483, 0.883105, 0.778106, 0.857292, 0.918698, 0.878845, 0.911524, 0.888839, 0.891796, 0.844737, 0.843295]}, "MidHip": {"frame": [28, 29, 30, 31, 32, 33, 34, 35, 36, 37, 38, 39, 40, 41, 42, 43, 44, 45, 46, 47, 48, 49, 50, 51, 52], "x": [443.222, 439.374, 435.463, 439.372, 433.537, 445.146, 456.951, 458.952, 462.882, 476.475, 478.509, 474.549, 464.835, 460.914, 460.862, 458.905, 435.432, 413.894, 398.106, 384.552, 382.55, 380.558, 380.518, 378.564, 378.617], "y": [413.847, 417.762, 429.586, 435.455, 447.115, 460.948, 470.705, 474.553, 462.889, 447.117, 437.423, 431.49, 427.554, 419.753, 421.738, 427.605, 435.473, 447.231, 460.882, 462.872, 464.867, 468.712, 468.742, 474.551, 466.747], "conf": [0.838012, 0.830605, 0.872589, 0.812321, 0.895608, 0.948624, 0.804438, 0.81038, 0.874732, 0.856327, 0.812001, 0.81071, 0.781205, 0.808702, 0.807755, 0.808689, 0.762091, 0.88215, 0.871328, 0.889497, 0.85552, 0.809582, 0.78599, 0.781218, 0.758784]}, "RHip": {"frame": [28, 29, 30, 31, 32, 33, 34, 35, 36, 37, 38, 39, 40, 41, 42, 43, 44, 45, 46, 47, 48, 49, 50, 51, 52], "x": [429.619, 429.48, 427.528, 429.506, 423.703, 431.525, 445.259, 476.467, 478.53, 492.133, 492.226, 482.469, 478.479, 472.666, 470.665, 462.911, 433.434, 400.248, 384.449, 372.759, 368.761, 366.854, 366.796, 362.97, 366.784], "y": [417.832, 423.679, 431.565, 441.291, 447.171, 460.983, 470.692, 470.703, 460.934, 445.155, 431.492, 423.697, 415.839, 411.952, 413.885, 417.796, 433.475, 447.217, 460.876, 462.812, 464.825, 468.736, 470.701, 474.609, 466.815],