{"Nose": {"frame": [15, 16, 17], "x": [980.181, 984.011, 989.894], "y": [302.163, 300.277, 300.273], "conf": [0.912236, 0.858221, 0.87499]}, "Neck": {"frame": [15, 16, 17], "x": [984.009, 989.866, 991.84], "y": [327.666, 327.646, 325.761], "conf": [0.860279, 0.858007, 0.884237]}, "RShoulder": {"frame": [15, 16, 17], "x": [950.68, 952.667, 958.481], "y": [325.687, 325.691, 325.7], "conf": [0.874815, 0.847137, 0.842312]}, "RElbow": {"frame": [15, 16, 17], "x": [938.955, 944.82, 946.742], "y": [372.716, 372.768, 372.778], "conf": [0.839874, 0.873478, 0.894941]}, "RWrist": {"frame": [15, 16, 17], "x": [931.172, 933.157, 935.071], "y": [415.911, 417.859, 417.821], "conf": [0.957019, 0.901178, 0.873572]}, "LShoulder": {"frame": [15, 16, 17], "x": [1019.27, 1023.18, 1025.08], "y": [327.655, 327.706, 329.605], "conf": [0.841005, 0.858784, 0.885306]}, "LElbow": {"frame": [15, 16, 17], "x": [1036.87, 1040.73, 1040.77], "y": [370.767, 370.82, 370.828], "conf": [0.869154, 0.905874, 0.915834]}, "LWrist": {"frame": [15, 16, 17], "x": [1009.49, 1011.38, 1011.48], "y": [398.247, 398.244, 398.243], "conf": [0.929739, 0.937907, 0.920457]}, "MidHip": {"frame": [15, 16, 17], "x": [982.055, 984.03, 989.829], "y": [415.789, 415.768, 413.923], "conf": [0.850729, 0.829385, 0.832569]}, "RHip": {"frame": [15, 16, 17], "x": [964.388, 964.476, 966.42], "y": [415.766, 413.941, 413.903], "conf": [0.881518, 0.87139, 0.842379]}, "RKnee": {"frame": [15, 16, 17], "x": [962.455, 962.509, 964.333], "y": [486.336, 482.481, 482.485], "conf": [0.873586, 0.879452, 0.876894]}, "RAnkle": {"frame": [15, 16, 17], "x": [960.464, 960.476, 960.494], "y": [555.009, 554.95, 554.924], "conf": [0.899227, 0.900436, 0.903663]}, "LHip": {"frame": [15, 16, 17], "x": [1003.53, 1005.55, 1009.34], "y": [415.826, 415.811, 415.787], "conf": [0.812331, 0.819723, 0.844388]}, "LKnee": {"frame": [15, 16, 17], "x": [999.673, 1003.55, 1005.56], "y": [488.295, 486.334, 484.386], "conf": [0.81635, 0.797795, 0.811345]}, "LAnkle": {"frame": [15, 16, 17], "x": [997.71, 997.743, 997.762], "y": [556.839, 556.845, 556.848], "conf": [0.895755, 0.883946, 0.87316]}, "REye": {"frame": [15, 16, 17], "x": [978.152, 980.073, 982.068], "y": [292.426, 292.376, 292.372], "conf": [0.933552, 0.935628, 0.908559]}, "LEye": {"frame": [15, 16, 17], "x": [991.756, 993.719, 993.876], "y": [292.413, 292.375, 292.378], "conf": [0.905459, 0.948133, 0.965273]}, "REar": {"frame": [15, 16, 17], "x": [972.216, 976.118, 978.089], "y": [292.429, 292.43, 292.439], "conf": [0.596349, 0.479112, 0.535985]}, "LEar": {"frame": [15, 16, 17], "x": [997.758, 1005.48, 1007.45], "y": [292.432, 292.448, 292.468], "conf": [0.89347, 0.877149, 0.886639]}, "LBigToe": {"frame": [15, 16, 17], "x": [995.828, 995.815, 997.677], "y": [570.607, 570.619, 570.632], "conf": [0.873227, 0.884367, 0.869042]}, "LSmallToe": {"frame": [15, 16, 17], "x": [1009.37, 1009.38, 1009.42], "y": [570.511, 570.528, 570.533], "conf": [0.843268, 0.844796, 0.836232]}, "LHeel": {"frame": [15, 16, 17], "x": [995.758, 995.767, 995.758], "y": [562.777, 562.779, 562.784], "conf": [0.709963, 0.712442, 0.717901]}, "RBigToe": {"frame": [15, 16, 17], "x": [944.784, 944.826, 944.813], "y": [570.508, 570.511, 570.516], "conf": [0.818986, 0.836053, 0.831397]}, "RSmallToe": {"frame": [15, 16, 17], "x": [936.995, 938.904, 937.008], "y": [562.802, 562.782, 562.776], "conf": [0.793987, 0.798983, 0.792447]}, "RHeel": {"frame": [15, 16, 17], "x": [964.359, 964.361, 964.383], "y": [564.686, 560.847, 560.814], "conf": [0.852771, 0.852326, 0.863139]}, "Background": {"frame": [], "x": [], "y": [], "conf": []}}