{"Nose": {"frame": [0, 1, 2, 3, 4, 5, 6, 7, 8, 9, 10, 11, 12, 13, 14, 15, 16, 17, 18, 19, 20, 21, 22, 23], "x": [333.545, 335.425, 335.545, 337.55, 339.483, 343.334, 347.223, 349.186, 349.241, 349.244, 349.25, 349.239, 349.242, 349.229, 349.245, 349.234, 349.245, 349.249, 349.251, 349.262, 349.204, 349.173, 345.306, 349.182], "y": [343.342, 341.44, 343.347, 343.322, 343.388, 343.34, 343.37, 341.441, 341.411, 341.441, 343.324, 341.435, 341.402, 341.421, 341.438, 341.403, 341.424, 343.328, 341.389, 341.427, 343.362, 349.18, 351.166, 353.086], "conf": [0.860945, 0.880337, 0.899534, 0.876714, 0.854409, 0.8422, 0.847152, 0.873702, 0.885728, 0.879053, 0.881245, 0.881242, 0.884024, 0.879714, 0.879378, 0.882918, 0.883074, 0.880747, 0.888339, 0.885057, 0.867588, 0.879172, 0.892152, 0.905849]}, "Neck": {"frame": [0, 1, 2, 3, 4, 5, 6, 7, 8, 9, 10, 11, 12, 13, 14, 15, 16, 17, 18, 19, 20, 21, 22, 23], "x": [331.62, 333.541, 335.432, 335.544, 337.405, 337.506, 339.398, 339.431, 339.467, 339.467, 339.458, 339.462, 339.455, 339.45, 339.454, 339.434, 339.449, 339.436, 339.445, 339.445, 339.396, 339.395, 339.449, 341.403], "y": [368.82, 368.836, 368.873, 368.866, 368.928, 368.921, 368.922, 370.737, 368.929, 368.917, 368.927, 368.924, 368.905, 368.911, 370.746, 368.937, 370.766, 370.761, 370.741, 370.774, 370.768, 370.739, 370.852, 376.665], "conf": [0.927283, 0.942347, 0.959437, 0.968897, 0.954768, 0.943324, 0.929132, 0.924806, 0.920372, 0.92373, 0.923037, 0.923795, 0.928539, 0.927902, 0.92074, 0.928141, 0.920083, 0.924553, 0.923757, 0.917641, 0.925598, 0.925355, 0.891345, 0.844493]}, "RShoulder": {"frame": [0, 1, 2, 3, 4, 5, 6, 7, 8, 9, 10, 11, 12, 13, 14, 15, 16, 17, 18, 19, 20, 21, 22, 23], "x": [308.084, 310.033, 312.036, 315.95, 317.863, 319.752, 319.853, 319.892, 319.913, 319.918, 319.912, 319.912, 319.906, 319.898, 319.893, 319.895, 319.891, 319.88, 319.891, 319.877, 319.877, 321.714, 321.762, 321.872], "y": [368.844, 368.861, 368.92, 368.924, 370.804, 370.753, 368.934, 368.933, 368.932, 368.923, 368.927, 368.923, 368.903, 368.919, 370.744, 370.748, 370.76, 370.757, 370.742, 370.749, 370.778, 368.858, 370.739, 374.681], "conf": [0.91409, 0.889703, 0.875308, 0.890244, 0.895059, 0.930188, 0.951982, 0.95544, 0.954866, 0.953743, 0.954488, 0.956448, 0.961808, 0.959334, 0.954991, 0.95568, 0.949893, 0.953888, 0.953872, 0.95357, 0.942471, 0.948661, 0.903894, 0.847436]}, "RElbow": {"frame": [0, 1, 2, 3, 4, 5, 6, 7, 8, 9, 10, 11, 12, 13, 14, 15, 16, 17, 18, 19, 20, 21, 22, 23], "x": [306.127, 306.154, 306.218, 308.09, 310.064, 315.893, 317.808, 317.85, 317.843, 317.826, 317.831, 317.846, 317.833, 317.825, 317.825, 317.802, 317.812, 317.803, 317.805, 317.814, 317.826, 319.891, 315.933, 323.752], "y": [404.083, 404.109, 406.059, 407.994, 408.012, 404.131, 402.106, 402.126, 404.099, 406.016, 406.032, 406.056, 406.012, 406.016, 406.039, 406.064, 406.026, 404.095, 404.086, 404.096, 407.999, 400.172, 404.11, 413.825], "conf": [0.898466, 0.883025, 0.872335, 0.858743, 0.829386, 0.810267, 0.849991, 0.861292, 0.844112, 0.838278, 0.841596, 0.845621, 0.842931, 0.837982, 0.838468, 0.828954, 0.830512, 0.832598, 0.830018, 0.831098, 0.824501, 0.780369, 0.393107, 0.309992]}, "RWrist": {"frame": [0, 1, 2, 3, 4, 5, 6, 7, 8, 9, 10, 11, 12, 13, 14, 15, 16, 17, 18, 19, 20, 21, 22, 23], "x": [308.059, 308.075, 310.05, 311.989, 315.932, 317.874, 317.873, 317.888, 317.882, 317.879, 317.905, 317.908, 317.905, 317.87, 317.849, 317.836, 317.826, 317.798, 317.796, 315.903, 313.957, 315.944, 313.925, 319.751], "y": [431.426, 429.55, 429.583, 429.6, 429.57, 429.531, 429.479, 429.542, 429.601, 429.589, 429.614, 431.425, 429.608, 429.611, 429.625, 429.606, 429.611, 429.566, 429.519, 429.59, 429.581, 413.87, 413.886, 413.814], "conf": [0.884239, 0.841117, 0.843135, 0.84861, 0.861252, 0.873486, 0.908576, 0.922198, 0.919332, 0.916987, 0.925707, 0.917544, 0.91564, 0.91245, 0.90689, 0.889865, 0.890167, 0.884438, 0.879594, 0.876273, 0.835501, 0.510318, 0.402831, 0.248044]}, "LShoulder": {"frame": [0, 1, 2, 3, 4, 5, 6, 7, 8, 9, 10, 11, 12, 13, 14, 15, 16, 17, 18, 19, 20, 21, 22, 23], "x": [351.211, 351.275, 353.143, 355.09, 357.059, 360.953, 362.936, 362.969, 364.864, 364.843, 364.842, 364.855, 364.848, 364.853, 364.864, 364.83, 364.86, 364.841, 364.837, 364.865, 362.901, 359.027, 362.895, 364.843], "y": [368.766, 368.799, 368.842, 368.828, 368.86, 368.884, 368.896, 368.919, 368.904, 368.893, 368.91, 368.912, 368.89, 368.881, 368.931, 368.901, 370.75, 370.735, 368.918, 370.769, 370.753, 370.778, 374.668, 380.515], "conf": [0.950911, 0.938951, 0.941866, 0.933568, 0.911609, 0.893236, 0.896002, 0.897301, 0.912081, 0.911167, 0.908597, 0.912387, 0.914354, 0.916017, 0.908308, 0.909506, 0.902187, 0.901523, 0.903981, 0.901029, 0.883709, 0.878918, 0.842511, 0.863315]}, "LElbow": {"frame": [0, 1, 2, 3, 4, 5, 6, 7, 8, 9, 10, 11, 12, 13, 14, 15, 16, 17, 18, 19, 20, 21, 22, 23], "x": [366.938, 368.764, 368.857, 370.773, 370.813, 372.712, 374.735, 376.681, 376.666, 376.663, 376.67, 376.664, 376.646, 376.65, 376.665, 376.63, 374.725, 376.621, 376.634, 376.65, 376.621, 374.717, 374.696, 374.729], "y": [407.984, 409.907, 409.944, 409.952, 411.942, 411.927, 411.915, 413.793, 413.807, 413.817, 413.821, 413.829, 413.836, 413.829, 413.847, 413.806, 413.845, 413.83, 413.817, 413.845, 413.843, 413.781, 413.934, 415.887], "conf": [0.911276, 0.910506, 0.895065, 0.878983, 0.896284, 0.889765, 0.872436, 0.897906, 0.90428, 0.90756, 0.911345, 0.913271, 0.914653, 0.911882, 0.915258, 0.904357, 0.909541, 0.908194, 0.906847, 0.916044, 0.923192, 0.897055, 0.927985, 0.892807]}, "LWrist": {"frame": [0, 1, 2, 3, 4, 5, 6, 7, 8, 9, 10, 11, 12, 13, 14, 15, 16, 17, 18, 19, 20, 21, 22, 23], "x": [337.557, 337.535, 339.457, 343.362, 341.406, 345.291, 349.167, 345.318, 345.335, 345.305, 345.339, 347.256, 345.294, 345.298, 345.297, 343.371, 343.374, 343.358, 345.301, 343.364, 345.315, 343.329, 347.221, 341.398], "y": [435.428, 437.351, 435.434, 433.469, 437.368, 437.371, 437.407, 441.267, 439.374, 439.335, 439.33, 437.428, 439.365, 439.369, 439.367, 439.367, 441.276, 441.284, 439.325, 441.253, 431.55, 427.617, 417.808, 419.754], "conf": [0.84955, 0.840095, 0.81476, 0.824278, 0.810068, 0.810456, 0.814831, 0.810249, 0.810307, 0.814174, 0.813626, 0.817276, 0.810698, 0.811202, 0.81316, 0.807039, 0.813964, 0.813635, 0.807992, 0.813776, 0.857416, 0.830724, 0.828617, 0.818812]}, "MidHip": {"frame": [0, 1, 2, 3, 4, 5, 6, 7, 8, 9, 10, 11, 12, 13, 14, 15, 16, 17, 18, 19, 20, 21, 22, 23], "x": [335.474, 335.508, 335.575, 337.464, 337.52, 339.397, 339.4, 339.425, 339.442, 339.434, 339.436, 339.426, 339.429, 339.436, 339.443, 339.424, 339.425, 339.422, 339.42, 339.421, 337.568, 337.5, 339.435, 349.235], "y": [447.26, 449.131, 447.272, 447.244, 449.154, 447.2, 447.278, 449.186, 449.152, 449.169, 449.174, 449.183, 449.148, 449.168, 449.17, 449.163, 449.155, 449.161, 449.154, 449.2, 447.274, 447.117, 445.205, 447.094], "conf": [0.855175, 0.851912, 0.867951, 0.885814, 0.877434, 0.87743, 0.87727, 0.866923, 0.869249, 0.865287, 0.866201, 0.865662, 0.86941, 0.864636, 0.863466, 0.87069, 0.868477, 0.867745, 0.870246, 0.865877, 0.889245, 0.921862, 0.911696, 0.867989]}, "RHip": {"frame": [0, 1, 2, 3, 4, 5, 6, 7, 8, 9, 10, 11, 12, 13, 14, 15, 16, 17, 18, 19, 20, 21, 22, 23], "x": [319.846, 319.896, 321.724, 321.853, 321.895, 323.8, 323.794, 325.681, 325.705, 325.683, 325.699, 323.835, 323.826, 325.682, 325.685, 323.819, 323.826, 323.821, 323.822, 323.819, 323.789, 323.805, 329.612, 337.399], "y": [449.116, 449.153, 449.114, 447.261, 449.127, 447.167, 447.258, 449.169, 449.143, 449.135, 449.145, 449.16, 449.132, 449.149, 449.149, 449.149, 449.138, 449.141, 449.137, 449.179, 447.269, 445.288, 445.164, 447.119], "conf": [0.868843, 0.863434, 0.869351, 0.870537, 0.859871, 0.843901, 0.846188, 0.835494, 0.83753, 0.833554, 0.832727, 0.833875, 0.839053, 0.834617, 0.830187, 0.840655, 0.836905, 0.840476, 0.842086, 0.840692, 0.861623, 0.87643, 0.87099, 0.850669]},