{"Nose": {"frame": [30, 31, 32, 33, 34, 35, 37, 38, 39, 40, 41, 42, 43, 44, 45, 46], "x": [494.112, 494.227, 498.151, 509.802, 515.729, 515.729, 0, 0, 0, 0, 0, 0, 0, 0, 0, 0], "y": [321.86, 329.661, 339.454, 353.161, 360.959, 355.089, 0, 0, 0, 0, 0, 0, 0, 0, 0, 0], "conf": [0.801802, 0.736254, 0.716446, 0.746849, 0.597831, 0.758367, 0, 0, 0, 0, 0, 0, 0, 0, 0, 0]}, "Neck": {"frame": [30, 31, 32, 33, 34, 35, 37, 38, 39, 40, 41, 42, 43, 44, 45, 46], "x": [468.746, 474.538, 478.472, 488.294, 492.168, 494.241, 494.202, 492.144, 484.416, 480.477, 476.61, 472.638, 466.802, 466.76, 462.776, 460.866], "y": [351.082, 353.191, 366.847, 376.648, 382.621, 382.541, 398.234, 394.268, 384.419, 368.81, 357.104, 353.082, 351.123, 349.25, 351.103, 349.211], "conf": [0.863293, 0.913767, 0.975237, 0.849743, 0.936541, 0.91239, 0.950151, 0.886174, 0.898579, 0.944172, 0.892043, 0.90837, 0.907992, 0.895293, 0.949635, 0.904976]}, "RShoulder": {"frame": [30, 31, 32, 33, 34, 35, 37, 38, 39, 40, 41, 42, 43, 44, 45, 46], "x": [458.875, 460.811, 462.925, 472.634, 476.461, 480.51, 515.734, 507.973, 498.16, 498.116, 496.222, 492.155, 490.224, 488.286, 478.598, 476.582], "y": [351.212, 357.044, 368.742, 380.595, 384.493, 384.516, 390.34, 386.477, 382.472, 366.858, 353.143, 349.147, 337.536, 335.598, 337.554, 339.487], "conf": [0.891482, 0.863116, 0.933407, 0.870779, 0.899884, 0.840487, 0.816185, 0.901394, 0.864657, 0.909115, 0.932222, 0.887694, 0.874892, 0.887018, 0.921077, 0.871316]}, "RElbow": {"frame": [30, 31, 32, 33, 34, 35, 37, 38, 39, 40, 41, 42, 43, 44, 45, 46], "x": [460.849, 460.845, 460.883, 451.148, 445.264, 451.096, 541.322, 525.579, 498.139, 502.042, 505.982, 509.914, 509.792, 503.972, 498.113, 490.237], "y": [398.084, 400.234, 413.839, 415.818, 398.112, 382.525, 380.544, 415.903, 415.793, 409.982, 390.401, 347.28, 329.629, 321.831, 333.528, 362.971], "conf": [0.922374, 0.923336, 0.916472, 0.881755, 0.922379, 0.738043, 0.802703, 0.491851, 0.61085, 0.500996, 0.510081, 0.80626, 0.855345, 0.873468, 0.840022, 0.416228]}, "RWrist": {"frame": [30, 31, 32, 33, 34, 35, 37, 38, 39, 40, 41, 42, 43, 44, 45, 46], "x": [494.118, 492.316, 476.562, 445.255, 443.192, 478.589, 566.71, 539.313, 484.379, 498.13, 476.532, 511.845, 507.898, 492.239, 480.532, 458.898], "y": [390.377, 415.816, 447.169, 451.103, 431.49, 384.511, 364.916, 433.506, 433.483, 447.234, 406.019, 337.51, 310.031, 302.233, 308.127, 402.097], "conf": [0.884562, 0.962206, 0.944233, 0.938249, 0.846057, 0.623525, 0.657581, 0.180204, 0.694809, 0.562258, 0.333127, 0.672254, 0.856121, 0.943928, 0.876102, 0.163802]}, "LShoulder": {"frame": [30, 31, 32, 33, 34, 35, 37, 38, 39, 40, 41, 42, 43, 44, 45, 46], "x": [480.489, 484.443, 492.223, 503.974, 507.856, 507.977, 476.453, 472.637, 466.771, 462.844, 455.019, 449.197, 447.185, 447.194, 445.214, 445.147], "y": [349.163, 351.209, 364.902, 368.908, 382.43, 380.533, 404.136, 398.191, 384.539, 368.926, 362.958, 359.027, 357.107, 357.103, 357.078, 353.107], "conf": [0.837857, 0.872682, 0.866327, 0.870539, 0.838922, 0.805166, 0.872638, 0.909955, 0.906317, 0.928674, 0.840118, 0.859052, 0.893319, 0.896306, 0.887959, 0.930941]}, "LElbow": {"frame": [30, 31, 32, 33, 34, 35, 37, 38, 39, 40, 41, 42, 43, 44, 45, 46], "x": [490.218, 492.205, 505.95, 533.365, 521.607, 507.834, 474.632, 472.669, 462.905, 460.975, 458.923, 449.156, 449.172, 451.085, 447.124, 445.225], "y": [378.644, 382.458, 382.512, 370.813, 372.746, 409.951, 447.183, 433.475, 417.802, 400.258, 392.301, 396.254, 394.258, 394.259, 396.201, 386.467], "conf": [0.644552, 0.855644, 0.663513, 0.756643, 0.608105, 0.576389, 0.738114, 0.815392, 0.914817, 0.859251, 0.820984, 0.850944, 0.854205, 0.827463, 0.853376, 0.900016]}, "LWrist": {"frame": [30, 31, 32, 33, 34, 35, 37, 38, 39, 40, 41, 42, 43, 44, 45, 46], "x": [505.936, 509.94, 527.521, 543.22, 539.249, 523.647, 476.62, 462.794, 447.133, 447.093, 445.217, 437.397, 437.419, 443.26, 431.495, 429.6], "y": [382.486, 392.332, 384.529, 370.75, 366.839, 415.816, 460.913, 460.87, 423.693, 415.843, 413.791, 413.852, 413.916, 413.946, 415.841, 411.926], "conf": [0.724493, 0.763626, 0.667044, 0.550505, 0.688899, 0.750219, 0.395621, 0.62313, 0.822002, 0.899117, 0.887773, 0.791107, 0.851385, 0.88692, 0.915497, 0.908614]}, "MidHip": {"frame": [30, 31, 32, 33, 34, 35, 37, 38, 39, 40, 41, 42, 43, 44, 45, 46], "x": [476.481, 474.591, 476.517, 478.463, 484.37, 496.143, 507.885, 513.779, 521.626, 521.567, 511.901, 509.934, 509.855, 507.862, 500.108, 486.333], "y": [415.839, 425.595, 431.453, 443.215, 449.151, 454.98, 456.981, 441.33, 431.494, 421.68, 415.85, 413.785, 411.858, 413.81, 413.852, 417.761], "conf": [0.893068, 0.851591, 0.915041, 0.895164, 0.825648, 0.81204, 0.85566, 0.76457, 0.838703, 0.783352, 0.812877, 0.841491, 0.835338, 0.84551, 0.822608, 0.791872]}, "RHip": {"frame": [30, 31, 32, 33, 34, 35, 37, 38, 39, 40, 41, 42, 43, 44, 45, 46], "x": [462.828, 460.979, 462.935, 470.673, 476.564, 492.182, 521.599, 525.649, 533.38, 529.499, 525.545, 521.655, 521.618, 517.71, 509.836, 492.143], "y": [417.86, 427.582, 431.591, 445.112, 451.075, 456.945, 453.044, 435.438, 429.487, 415.841, 411.907, 402.14, 400.237, 402.179, 406.064, 415.777], "conf": [0.858963, 0.894159, 0.87759, 0.831526, 0.881677, 0.825682, 0.782735, 0.74562, 0.791428, 0.793264, 0.805545, 0.797953, 0.831266, 0.756221, 0.78, 0.785834]}, "RKnee": {"frame": [30, 31, 32, 33, 34, 35, 37, 38, 39, 40, 41, 42, 43, 44, 45, 46], "x": [476.562, 476.616, 478.602, 507.89, 498.099, 509.956, 521.663, 527.506, 562.753, 576.512, 584.354, 576.487, 560.805, 525.578, 486.36, 455.028], "y": [476.5, 476.512, 478.451, 476.616, 492.255, 500.082, 494.288, 480.498, 474.632, 453.029, 429.541, 429.472, 437.411, 447.253, 460.868, 462.905], "conf": [0.938732, 0.953129, 0.946945, 0.855036, 0.8782, 0.793412, 0.802214, 0.467945, 0.81044, 0.824622, 0.900977, 0.850359, 0.819113, 0.849544, 0.844217, 0.85367]}, "RAnkle": {"frame": [30, 31, 32, 33, 34, 35, 37, 38, 39, 40, 41, 42, 43, 44, 45, 46], "x": [458.921, 458.935, 458.976, 554.891, 464.852, 480.552, 521.577, 525.472, 552.98, 603.859, 637.271, 635.334, 601.941, 539.28, 474.635, 439.35], "y": [539.184, 539.178, 539.319, 515.751, 537.296, 527.489, 529.494, 539.227, 447.218, 415.82, 421.72, 431.605, 462.829, 488.288, 509.792, 525.487], "conf": [0.886461, 0.885072, 0.912811, 0.791366, 0.863228, 0.808934, 0.628836, 0.286947, 0.355266, 0.774412, 0.703436, 0.873889, 0.848915, 0.785361, 0.913209, 0.878459]}, "LHip": {"frame": [30, 31, 32, 33, 34, 35, 37, 38, 39, 40, 41, 42, 43, 44, 45, 46], "x": [486.331, 482.473, 486.327, 486.356, 492.325, 505.984, 494.169, 503.972, 507.987, 507.967, 505.928, 503.958, 498.136, 494.242, 492.284, 480.487], "y": [413.865, 419.737, 429.532, 441.302, 447.256, 453.029, 458.975, 445.219, 433.522, 427.625, 425.596, 417.825, 415.893, 417.805, 417.759, 419.783], "conf": [0.842263, 0.817124, 0.855554, 0.791242, 0.879277, 0.77591, 0.827028, 0.748853, 0.815332, 0.830473, 0.788314, 0.782044, 0.797347, 0.809977, 0.820677, 0.773634]}, "LKnee": {"frame": [30, 31, 32, 33, 34, 35, 37, 38, 39, 40, 41, 42, 43, 44, 45, 46], "x": [531.455, 531.461, 523.541, 488.306, 515.774, 511.858, 505.941, 513.844, 511.818, 513.792, 511.86, 513.797, 513.838, 513.773, 509.967, 504.022], "y": [415.784, 445.122, 466.776, 484.445, 478.493, 496.162, 494.129, 496.137, 484.43, 478.631, 478.576, 478.463, 476.594, 476.58, 476.506, 478.584], "conf": [0.869191, 0.872524, 0.881831, 0.751573, 0.855045, 0.74189, 0.79844, 0.615972, 0.808384, 0.8343, 0.890699, 0.880674, 0.875894, 0.863247, 0.869307, 0.849607]}, "LAnkle": {"frame": [30, 31, 32, 33, 34, 35, 37, 38, 39, 40, 41, 42, 43, 44, 45, 46], "x": [496.185, 511.811, 543.215, 460.945, 533.375, 523.668, 507.842, 525.456, 525.46, 525.611, 525.643, 527.57, 529.458, 533.341, 531.441, 535.31], "y": [462.846, 498.149, 523.603, 539.263, 523.603, 539.299, 529.466, 543.155, 537.31, 537.311, 539.231, 539.21, 537.24, 535.367, 529.503, 537.312],