{"Nose": {"frame": [24, 25, 26, 27], "x": [0, 0, 0, 0], "y": [0, 0, 0, 0], "conf": [0, 0, 0, 0]}, "Neck": {"frame": [24, 25, 26, 27], "x": [184.634, 184.625, 184.649, 184.682], "y": [396.269, 398.212, 400.099, 400.2], "conf": [0.872644, 0.889719, 0.900742, 0.893663]}, "RShoulder": {"frame": [24, 25, 26, 27], "x": [216.025, 217.994, 217.989, 217.996], "y": [396.283, 398.242, 400.109, 400.245], "conf": [0.830184, 0.854214, 0.871018, 0.8453]}, "RElbow": {"frame": [24, 25, 26, 27], "x": [237.512, 233.67, 231.705, 229.74], "y": [437.369, 445.137, 445.273, 447.156], "conf": [0.770232, 0.780856, 0.842787, 0.877118]}, "RWrist": {"frame": [24, 25, 26, 27], "x": [212.046, 0, 210.157, 0], "y": [443.292, 0, 439.349, 0], "conf": [0.0874722, 0, 0.226288, 0]}, "LShoulder": {"frame": [24, 25, 26, 27], "x": [153.28, 151.378, 153.284, 157.188], "y": [396.259, 398.203, 400.088, 400.145], "conf": [0.869702, 0.895654, 0.89635, 0.900398]}, "LElbow": {"frame": [24, 25, 26, 27], "x": [139.604, 139.563, 137.683, 135.679], "y": [441.319, 445.139, 445.135, 445.306], "conf": [0.79627, 0.807928, 0.843762, 0.896509]}, "LWrist": {"frame": [24, 25, 26, 27], "x": [165.116, 165.031, 165.061, 161.15], "y": [456.967, 458.967, 453.062, 468.72], "conf": [0.106076, 0.132233, 0.111619, 0.305349]}, "MidHip": {"frame": [24, 25, 26, 27], "x": [186.615, 184.632, 182.742, 182.687], "y": [478.474, 478.526, 480.468, 482.47], "conf": [0.765967, 0.769188, 0.775403, 0.776192]}, "RHip": {"frame": [24, 25, 26, 27], "x": [210.056, 208.162, 206.234, 206.172], "y": [478.459, 478.522, 480.479, 482.467], "conf": [0.805996, 0.778421, 0.760413, 0.743733]}, "RKnee": {"frame": [24, 25, 26, 27], "x": [214.086, 212.028, 210.149, 210.136], "y": [549.061, 552.92, 554.876, 554.982], "conf": [0.843864, 0.879276, 0.908537, 0.907785]}, "RAnkle": {"frame": [24, 25, 26, 27], "x": [214.068, 212.033, 210.105, 210.102], "y": [633.205, 633.351, 635.253, 635.262], "conf": [0.860126, 0.889359, 0.861719, 0.849105]}, "LHip": {"frame": [24, 25, 26, 27], "x": [165.096, 165.042, 165.035, 165.004], "y": [478.534, 478.58, 480.495, 484.386], "conf": [0.80605, 0.797642, 0.79999, 0.791928]}, "LKnee": {"frame": [24, 25, 26, 27], "x": [180.725, 180.669, 180.671, 178.8], "y": [554.991, 556.815, 556.884, 556.963], "conf": [0.951271, 0.953578, 0.95691, 0.937213]}, "LAnkle": {"frame": [24, 25, 26, 27], "x": [190.501, 190.527, 188.574, 186.655], "y": [635.291, 637.188, 637.216, 635.273], "conf": [0.848297, 0.838213, 0.813072, 0.817583]}, "REye": {"frame": [24, 25, 26, 27], "x": [0, 0, 0, 0], "y": [0, 0, 0, 0], "conf": [0, 0, 0, 0]}, "LEye": {"frame": [24, 25, 26, 27], "x": [0, 0, 0, 0], "y": [0, 0, 0, 0], "conf": [0, 0, 0, 0]}, "REar": {"frame": [24, 25, 26, 27], "x": [204.248, 202.328, 202.32, 206.237], "y": [359.012, 364.84, 366.787, 368.829], "conf": [0.837251, 0.824953, 0.848537, 0.838355]}, "LEar": {"frame": [24, 25, 26, 27], "x": [176.8, 176.765, 176.783, 178.682], "y": [360.968, 364.935, 366.88, 368.837], "conf": [0.75476, 0.752024, 0.840547, 0.904684]}, "LBigToe": {"frame": [24, 25, 26, 27], "x": [194.481, 196.399, 194.505, 190.518], "y": [639.156, 641.168, 641.151, 645.026], "conf": [0.453174, 0.215172, 0.180618, 0.289997]}, "LSmallToe": {"frame": [24, 25, 26, 27], "x": [184.678, 186.602, 184.678, 180.757], "y": [639.183, 641.114, 641.14, 645.008], "conf": [0.43311, 0.189525, 0.163721, 0.311093]}, "LHeel": {"frame": [24, 25, 26, 27], "x": [190.507, 186.614, 184.633, 184.686], "y": [647.01, 648.967, 649.016, 648.875], "conf": [0.824537, 0.850363, 0.840835, 0.807588]}, "RBigToe": {"frame": [24, 25, 26, 27], "x": [225.845, 229.686, 225.741, 216.039], "y": [637.211, 641.11, 643.101, 645.055], "conf": [0.564179, 0.612419, 0.539746, 0.465836]}, "RSmallToe": {"frame": [24, 25, 26, 27], "x": [229.759, 229.735, 225.774, 223.79], "y": [639.15, 645.008, 646.965, 646.96], "conf": [0.604405, 0.675141, 0.644104, 0.57259]}, "RHeel": {"frame": [24, 25, 26, 27], "x": [212.101, 210.062, 206.212, 208.166], "y": [637.295, 643.117, 646.992, 646.968], "conf": [0.772648, 0.753684, 0.706971, 0.715504]}, "Background": {"frame": [], "x": [], "y": [], "conf": []}}