{"Nose": {"frame": [1, 2, 3], "x": [680.3, 688.159, 697.905], "y": [214.112, 214.029, 212.155], "conf": [0.858363, 0.863989, 0.936754]}, "Neck": {"frame": [1, 2, 3], "x": [703.829, 707.743, 711.604], "y": [249.314, 247.373, 245.421], "conf": [0.826271, 0.846384, 0.92383]}, "RShoulder": {"frame": [1, 2, 3], "x": [664.542, 664.653, 666.673], "y": [251.268, 247.366, 243.54], "conf": [0.832506, 0.864568, 0.873353]}, "RElbow": {"frame": [1, 2, 3], "x": [664.529, 662.667, 650.92], "y": [308.088, 308.094, 308.147], "conf": [0.887675, 0.862857, 0.884103]}, "RWrist": {"frame": [1, 2, 3], "x": [680.283, 682.261, 682.329], "y": [257.187, 257.214, 268.873], "conf": [0.929195, 0.919523, 0.857906]}, "LShoulder": {"frame": [1, 2, 3], "x": [745.025, 746.95, 750.88], "y": [247.377, 245.451, 247.368], "conf": [0.840894, 0.837659, 0.805513]}, "LElbow": {"frame": [1, 2, 3], "x": [760.749, 760.61, 758.705], "y": [312.015, 313.947, 313.933], "conf": [0.839319, 0.845733, 0.838582]}, "LWrist": {"frame": [1, 2, 3], "x": [780.215, 776.257, 760.569], "y": [364.87, 366.88, 368.766], "conf": [0.83069, 0.874419, 0.888337]}, "MidHip": {"frame": [1, 2, 3], "x": [709.64, 707.739, 699.95], "y": [370.798, 368.777, 366.817], "conf": [0.761312, 0.77281, 0.762963]}, "RHip": {"frame": [1, 2, 3], "x": [682.206, 680.375, 678.343], "y": [370.819, 368.779, 366.775], "conf": [0.76879, 0.789276, 0.742269]}, "RKnee": {"frame": [1, 2, 3], "x": [695.959, 694.031, 686.197], "y": [472.641, 468.737, 464.78], "conf": [0.831393, 0.791848, 0.79805]}, "RAnkle": {"frame": [1, 2, 3], "x": [711.702, 711.718, 701.872], "y": [558.823, 556.933, 556.913], "conf": [0.813022, 0.834713, 0.823753]}, "LHip": {"frame": [1, 2, 3], "x": [731.238, 729.362, 727.349], "y": [370.789, 368.797, 366.875], "conf": [0.763261, 0.787726, 0.787881]}, "LKnee": {"frame": [1, 2, 3], "x": [729.226, 727.269, 719.478], "y": [472.611, 464.845, 462.902], "conf": [0.834236, 0.830798, 0.781075]}, "LAnkle": {"frame": [1, 2, 3], "x": [707.757, 707.72, 715.625], "y": [551.008, 549.072, 550.981], "conf": [0.719299, 0.729321, 0.76235]}, "REye": {"frame": [1, 2, 3], "x": [676.403, 682.266, 692.101], "y": [210.036, 208.2, 208.107], "conf": [0.663368, 0.904014, 0.833967]}, "LEye": {"frame": [1, 2, 3], "x": [684.28, 696.053, 707.734], "y": [210.078, 210.019, 208.152], "conf": [0.863416, 0.927158, 0.858724]}, "REar": {"frame": [1, 2, 3], "x": [0, 0, 0], "y": [0, 0, 0], "conf": [0, 0, 0]}, "LEar": {"frame": [1, 2, 3], "x": [709.701, 713.673, 725.315], "y": [210.031, 210.016, 208.089], "conf": [0.860202, 0.895158, 0.827935]}, "LBigToe": {"frame": [1, 2, 3], "x": [719.483, 725.321, 729.322], "y": [576.495, 572.596, 570.658], "conf": [0.397911, 0.429075, 0.72959]}, "LSmallToe": {"frame": [1, 2, 3], "x": [729.237, 729.319, 739.075], "y": [570.659, 570.533, 566.715], "conf": [0.472301, 0.492964, 0.691445]}, "LHeel": {"frame": [1, 2, 3], "x": [695.982, 695.953, 713.625], "y": [558.829, 558.839, 556.947], "conf": [0.377758, 0.434262, 0.382342]}, "RBigToe": {"frame": [1, 2, 3], "x": [727.257, 727.359, 725.398], "y": [578.443, 574.587, 574.515], "conf": [0.76462, 0.785007, 0.758486]}, "RSmallToe": {"frame": [1, 2, 3], "x": [713.568, 713.649, 711.676], "y": [580.366, 576.532, 576.507], "conf": [0.754543, 0.772908, 0.729171]}, "RHeel": {"frame": [1, 2, 3], "x": [713.594, 713.591, 699.949], "y": [570.58, 570.52, 568.682], "conf": [0.617629, 0.632554, 0.722381]}, "Background": {"frame": [], "x": [], "y": [], "conf": []}}