{"Nose": {"frame": [19], "x": [833.149], "y": [180.747], "conf": [0.909952]}, "Neck": {"frame": [19], "x": [886.107], "y": [227.792], "conf": [0.903101]}, "RShoulder": {"frame": [19], "x": [915.488], "y": [225.861], "conf": [0.861334]}, "RElbow": {"frame": [19], "x": [925.199], "y": [292.439], "conf": [0.360764]}, "RWrist": {"frame": [19], "x": [856.647], "y": [288.518], "conf": [0.159301]}, "LShoulder": {"frame": [19], "x": [858.564], "y": [231.679], "conf": [0.791412]}, "LElbow": {"frame": [19], "x": [864.492], "y": [308.136], "conf": [0.83057]}, "LWrist": {"frame": [19], "x": [821.347], "y": [306.089], "conf": [0.873378]}, "MidHip": {"frame": [19], "x": [888.031], "y": [378.572], "conf": [0.675624]}, "RHip": {"frame": [19], "x": [911.525], "y": [378.596], "conf": [0.643563]}, "RKnee": {"frame": [19], "x": [885.949], "y": [492.189], "conf": [0.857209]}, "RAnkle": {"frame": [19], "x": [899.667], "y": [603.995], "conf": [0.790113]}, "LHip": {"frame": [19], "x": [870.303], "y": [376.665], "conf": [0.691325]}, "LKnee": {"frame": [19], "x": [788.107], "y": [460.907], "conf": [0.891956]}, "LAnkle": {"frame": [19], "x": [833.094], "y": [570.592], "conf": [0.750827]}, "REye": {"frame": [19], "x": [833.134], "y": [172.884], "conf": [0.189658]}, "LEye": {"frame": [19], "x": [838.988], "y": [174.856], "conf": [0.887482]}, "REar": {"frame": [19], "x": [0], "y": [0], "conf": [0]}, "LEar": {"frame": [19], "x": [868.332], "y": [176.777], "conf": [0.903279]}, "LBigToe": {"frame": [19], "x": [786.118], "y": [597.987], "conf": [0.692656]}, "LSmallToe": {"frame": [19], "x": [799.803], "y": [600.017], "conf": [0.711864]}, "LHeel": {"frame": [19], "x": [850.688], "y": [580.387], "conf": [0.746251]}, "RBigToe": {"frame": [19], "x": [856.698], "y": [619.656], "conf": [0.61158]}, "RSmallToe": {"frame": [19], "x": [866.387], "y": [619.529], "conf": [0.577822]}, "RHeel": {"frame": [19], "x": [903.728], "y": [619.646], "conf": [0.718923]}, "Background": {"frame": [], "x": [], "y": [], "conf": []}}