{"Nose": {"frame": [32, 33, 34, 35, 36, 37, 38, 39, 40, 41, 42, 43, 44, 45, 46, 47, 48, 49, 50, 51, 52, 53], "x": [386.429, 398.146, 409.927, 400.212, 0, 0, 0, 335.575, 0, 0, 0, 0, 0, 0, 0, 241.558, 225.818, 212.139, 204.235, 194.537, 182.735, 176.779], "y": [321.757, 337.52, 343.359, 337.432, 0, 0, 0, 370.855, 0, 0, 0, 0, 0, 0, 0, 323.789, 319.86, 304.226, 288.39, 274.792, 274.822, 278.689], "conf": [0.28193, 0.632551, 0.712681, 0.59972, 0, 0, 0, 0.0554389, 0, 0, 0, 0, 0, 0, 0, 0.140339, 0.46313, 0.795121, 0.838685, 0.904977, 0.895081, 0.856195]}, "Neck": {"frame": [32, 33, 34, 35, 36, 37, 38, 39, 40, 41, 42, 43, 44, 45, 46, 47, 48, 49, 50, 51, 52, 53], "x": [357.048, 370.768, 380.568, 382.605, 384.56, 384.517, 380.594, 366.902, 355.09, 349.172, 335.476, 331.568, 323.758, 313.954, 296.368, 280.67, 259.212, 245.454, 237.529, 225.847, 214.018, 204.27], "y": [353.23, 368.793, 372.745, 370.76, 390.331, 398.164, 400.175, 396.173, 382.557, 368.752, 353.221, 351.215, 353.154, 353.263, 353.223, 353.162, 351.249, 339.42, 323.796, 315.949, 315.936, 319.872], "conf": [0.867971, 0.907396, 0.844466, 0.882154, 0.852519, 0.916476, 0.906362, 0.809779, 0.890334, 0.898174, 0.930197, 0.908828, 0.91713, 0.869998, 0.867734, 0.888417, 0.860313, 0.859471, 0.858311, 0.896433, 0.855163, 0.874977]}, "RShoulder": {"frame": [32, 33, 34, 35, 36, 37, 38, 39, 40, 41, 42, 43, 44, 45, 46, 47, 48, 49, 50, 51, 52, 53], "x": [337.558, 349.245, 353.166, 366.843, 409.943, 415.821, 402.172, 380.58, 378.563, 368.883, 357.033, 353.246, 351.194, 335.577, 312.038, 292.413, 259.175, 241.397, 225.707, 210.205, 204.264, 194.512], "y": [366.89, 382.465, 384.43, 380.506, 380.59, 384.433, 398.145, 396.258, 382.57, 364.92, 349.255, 337.575, 337.565, 339.497, 347.259, 349.221, 349.238, 341.383, 325.741, 317.824, 313.981, 319.849], "conf": [0.905119, 0.872829, 0.857575, 0.797195, 0.789803, 0.900913, 0.87211, 0.728582, 0.801418, 0.881449, 0.867766, 0.892678, 0.904465, 0.892406, 0.800733, 0.859375, 0.793895, 0.803104, 0.834882, 0.872057, 0.783689, 0.851222]}, "RElbow": {"frame": [32, 33, 34, 35, 36, 37, 38, 39, 40, 41, 42, 43, 44, 45, 46, 47, 48, 49, 50, 51, 52, 53], "x": [331.612, 317.881, 308.135, 321.847, 415.897, 460.897, 431.551, 378.612, 394.264, 384.513, 368.862, 368.787, 366.887, 355.112, 351.15, 296.338, 272.836, 243.528, 229.751, 216.055, 210.093, 196.523], "y": [421.686, 427.515, 390.361, 380.543, 360.978, 366.875, 431.499, 453.046, 441.26, 402.106, 392.334, 378.572, 380.564, 382.554, 388.441, 400.161, 404.066, 400.151, 380.553, 364.926, 362.915, 380.535], "conf": [0.800768, 0.868626, 0.83123, 0.50764, 0.692879, 0.868361, 0.343615, 0.551761, 0.500194, 0.298928, 0.342822, 0.265349, 0.178044, 0.110439, 0.225024, 0.275807, 0.783227, 0.930475, 0.854675, 0.846889, 0.845704, 0.796305]}, "RWrist": {"frame": [32, 33, 34, 35, 36, 37, 38, 39, 40, 41, 42, 43, 44, 45, 46, 47, 48, 49, 50, 51, 52, 53], "x": [339.396, 306.153, 304.197, 335.477, 384.45, 482.447, 437.391, 368.793, 384.457, 359.057, 355.133, 0, 0, 0, 366.828, 264.964, 243.508, 225.77, 212.064, 200.348, 192.484, 178.704], "y": [464.842, 474.546, 429.617, 382.444, 349.209, 349.257, 445.233, 447.279, 480.487, 429.544, 429.524, 0, 0, 0, 415.88, 411.853, 435.454, 441.254, 415.88, 402.097, 400.216, 415.854], "conf": [0.862342, 0.912313, 0.890684, 0.282705, 0.830184, 0.728171, 0.0796093, 0.563747, 0.67229, 0.180518, 0.284992, 0, 0, 0, 0.077082, 0.609948, 0.869077, 0.898787, 0.953949, 0.878001, 0.897871, 0.923715]}, "LShoulder": {"frame": [32, 33, 34, 35, 36, 37, 38, 39, 40, 41, 42, 43, 44, 45, 46, 47, 48, 49, 50, 51, 52, 53], "x": [376.684, 398.131, 402.177, 400.245, 364.91, 355.066, 353.199, 353.116, 335.573, 321.748, 308.159, 306.049, 302.237, 290.538, 284.58, 272.727, 261.031, 257.176, 247.374, 241.473, 227.687, 212.194], "y": [343.35, 355.135, 362.97, 366.812, 400.168, 411.901, 404.125, 388.434, 382.524, 368.877, 364.834, 364.827, 368.744, 368.884, 366.821, 360.986, 353.221, 337.495, 321.907, 315.894, 317.831, 319.836], "conf": [0.775899, 0.87499, 0.782297, 0.791129, 0.85533, 0.866635, 0.875126, 0.876111, 0.946517, 0.904242, 0.845393, 0.893119, 0.899025, 0.908202, 0.885835, 0.883997, 0.868119, 0.941763, 0.875701, 0.878437, 0.899401, 0.92814]}, "LElbow": {"frame": [32, 33, 34, 35, 36, 37, 38, 39, 40, 41, 42, 43, 44, 45, 46, 47, 48, 49, 50, 51, 52, 53], "x": [392.333, 427.54, 447.131, 400.193, 347.297, 357.054, 353.062, 353.173, 351.074, 333.565, 321.85, 323.787, 323.756, 315.942, 304.116, 288.422, 274.845, 272.806, 270.899, 259.088, 249.315, 239.513], "y": [366.859, 353.123, 370.803, 415.906, 454.981, 476.49, 464.78, 427.523, 402.17, 398.256, 398.141, 413.819, 417.758, 421.701, 419.772, 413.907, 408.003, 388.425, 378.635, 366.901, 364.922, 368.905], "conf": [0.720375, 0.688212, 0.486314, 0.53094, 0.83666, 0.771501, 0.934547, 0.907879, 0.869255, 0.910257, 0.912261, 0.917853, 0.898788, 0.834653, 0.894287, 0.931418, 0.856615, 0.907277, 0.874263, 0.929706, 0.857323, 0.906668]}, "LWrist": {"frame": [32, 33, 34, 35, 36, 37, 38, 39, 40, 41, 42, 43, 44, 45, 46, 47, 48, 49, 50, 51, 52, 53], "x": [429.489, 445.252, 445.147, 423.678, 364.874, 368.746, 372.712, 337.492, 331.608, 331.593, 327.642, 335.48, 335.572, 323.717, 306.128, 286.481, 270.862, 263.001, 261.076, 257.206, 243.4, 227.843], "y": [370.782, 351.222, 347.288, 413.93, 490.296, 486.375, 462.836, 458.919, 443.264, 439.332, 441.302, 451.14, 462.818, 462.931, 466.741, 458.895, 447.292, 435.431, 431.511, 423.651, 415.821, 423.661], "conf": [0.79617, 0.824491, 0.687762, 0.710284, 0.823302, 0.503959, 0.435116, 0.862711, 0.873215, 0.796018, 0.806622, 0.878911, 0.930481, 0.886594, 0.881663, 0.857248, 0.911617, 0.828142, 0.881492, 0.865468, 0.908067, 0.851777]}, "MidHip": {"frame": [32, 33, 34, 35, 36, 37, 38, 39, 40, 41, 42, 43, 44, 45, 46, 47, 48, 49, 50, 51, 52, 53], "x": [357.069, 360.992, 370.809, 390.342, 396.212, 400.17, 413.85, 421.711, 417.77, 411.95, 406.01, 400.123, 396.237, 384.476, 355.134, 333.505, 306.188, 278.69, 261.053, 245.45, 227.702, 212.033], "y": [441.3, 455.032, 462.9, 472.618, 472.607, 462.796, 445.207, 437.378, 429.508, 423.688, 413.923, 413.954, 417.85, 423.657, 439.321, 445.184, 443.195, 431.561, 415.919, 409.93, 413.942, 421.694], "conf": [0.806683, 0.806052, 0.842255, 0.745389, 0.763982, 0.876602, 0.836655, 0.70765, 0.772421, 0.730984, 0.772163, 0.853021, 0.800115, 0.787561, 0.712845, 0.797864, 0.757678, 0.813464, 0.819724, 0.800943, 0.866819, 0.830332]}, "RHip": {"frame": [32, 33, 34, 35, 36, 37, 38, 39, 40, 41, 42, 43, 44, 45, 46, 47, 48, 49, 50, 51, 52, 53], "x": [345.33, 349.185, 362.963, 384.526, 413.903, 417.835, 431.526, 437.354, 431.502, 425.619, 417.783, 413.797, 408.011, 394.284, 355.087, 341.378, 315.919, 268.851, 251.24, 237.561, 216.04, 202.258], "y": [445.19, 456.986, 464.834, 474.608, 464.837, 458.922, 441.3, 429.586, 415.909, 413.788, 400.24, 402.119, 411.849, 413.949, 437.352, 441.276, 437.379, 431.544, 415.932, 409.927, 415.782, 423.663], "conf": [0.808437, 0.800434, 0.813556, 0.787725, 0.767647, 0.790607, 0.761822, 0.755829, 0.778955, 0.726019, 0.729949, 0.784631, 0.768037, 0.752807, 0.604273, 0.740049, 0.687604, 0.788944, 0.808643, 0.786319, 0.815482, 0.777158]}, "RKnee": {"frame": [32, 33, 34, 35, 36, 37, 38, 39, 40, 41, 42, 43, 44, 45, 46, 47, 48, 49, 50, 51, 52, 53], "x": [364.849, 370.828, 384.577, 398.165, 411.878, 427.622, 443.202, 480.53, 496.167, 502.03, 492.294, 462.955, 421.731, 351.154, 302.221, 366.843, 319.736, 241.515, 237.517, 214.088, 194.492, 174.817], "y": [505.89, 509.851, 525.627, 539.267, 533.398, 527.558, 496.138, 494.285, 460.889, 429.549, 419.766, 443.218, 462.905, 478.487, 486.361, 521.625, 523.537, 498.125, 492.289, 482.496, 486.388, 486.375], "conf": [0.883413, 0.93116, 0.906443, 0.864477, 0.759512, 0.806773, 0.479149, 0.837178, 0.90329, 0.837634, 0.826617, 0.854347, 0.83772, 0.828097, 0.815933, 0.893827, 0.894717, 0.903555, 0.853361, 0.81566, 0.882267, 0.826561]},