{"Nose": {"frame": [4, 5, 6, 8], "x": [0, 0, 0, 0], "y": [0, 0, 0, 0], "conf": [0, 0, 0, 0]}, "Neck": {"frame": [4, 5, 6, 8], "x": [458.955, 462.907, 474.536, 490.214], "y": [464.891, 466.819, 472.619, 476.467], "conf": [0.90016, 0.902978, 0.868693, 0.907558]}, "RShoulder": {"frame": [4, 5, 6, 8], "x": [476.45, 478.628, 488.294, 503.955], "y": [462.847, 462.954, 466.78, 474.569], "conf": [0.928159, 0.943806, 0.859304, 0.86109]}, "RElbow": {"frame": [4, 5, 6, 8], "x": [488.293, 492.321, 500.046, 517.68], "y": [490.218, 490.298, 490.276, 494.201], "conf": [0.84146, 0.917464, 0.836929, 0.90273]}, "RWrist": {"frame": [4, 5, 6, 8], "x": [488.34, 498.139, 508.005, 523.469], "y": [505.99, 507.958, 507.964, 511.881], "conf": [0.785036, 0.845517, 0.966448, 0.876262]}, "LShoulder": {"frame": [4, 5, 6, 8], "x": [443.262, 447.195, 458.914, 474.573], "y": [472.683, 472.673, 474.626, 476.556], "conf": [0.895862, 0.907643, 0.909727, 0.930242]}, "LElbow": {"frame": [4, 5, 6, 8], "x": [435.462, 445.11, 447.166, 460.907], "y": [498.116, 496.23, 498.153, 498.164], "conf": [0.834726, 0.867429, 0.867362, 0.864754]}, "LWrist": {"frame": [4, 5, 6, 8], "x": [445.232, 441.268, 433.539, 445.265], "y": [521.629, 521.633, 523.537, 521.624], "conf": [0.8433, 0.819402, 0.906043, 0.924019]}, "MidHip": {"frame": [4, 5, 6, 8], "x": [462.917, 468.751, 476.661, 492.209], "y": [507.978, 509.851, 509.959, 511.914], "conf": [0.921248, 0.886209, 0.960865, 0.913757]}, "RHip": {"frame": [4, 5, 6, 8], "x": [476.556, 478.567, 488.319, 500.068], "y": [507.904, 507.985, 509.901, 511.882], "conf": [0.922019, 0.937225, 0.889785, 0.834106]}, "RKnee": {"frame": [4, 5, 6, 8], "x": [490.254, 494.203, 502.052, 511.805], "y": [541.258, 543.201, 543.261, 547.126], "conf": [0.943648, 0.936345, 0.870651, 0.873654]}, "RAnkle": {"frame": [4, 5, 6, 8], "x": [496.214, 509.834, 513.826, 515.735], "y": [578.442, 580.432, 582.317, 584.269], "conf": [0.847042, 0.889258, 0.842301, 0.855852]}, "LHip": {"frame": [4, 5, 6, 8], "x": [455.04, 460.858, 466.803, 478.609], "y": [509.854, 509.92, 511.843, 513.801], "conf": [0.836159, 0.924665, 0.845073, 0.853746]}, "LKnee": {"frame": [4, 5, 6, 8], "x": [449.127, 449.214, 458.963, 464.873], "y": [545.14, 547.092, 549.019, 549.013], "conf": [0.874798, 0.84634, 0.861795, 0.845959]}, "LAnkle": {"frame": [4, 5, 6, 8], "x": [445.11, 445.184, 445.165, 449.127], "y": [584.254, 582.355, 584.308, 580.425], "conf": [0.892454, 0.884943, 0.897512, 0.867143]}, "REye": {"frame": [4, 5, 6, 8], "x": [0, 0, 0, 0], "y": [0, 0, 0, 0], "conf": [0, 0, 0, 0]}, "LEye": {"frame": [4, 5, 6, 8], "x": [0, 0, 0, 0], "y": [0, 0, 0, 0], "conf": [0, 0, 0, 0]}, "REar": {"frame": [4, 5, 6, 8], "x": [460.97, 466.78, 476.608, 492.301], "y": [447.211, 447.284, 451.104, 457.012], "conf": [0.839957, 0.693686, 0.570286, 0.628902]}, "LEar": {"frame": [4, 5, 6, 8], "x": [445.284, 451.135, 460.938, 476.648], "y": [451.123, 451.121, 456.934, 460.793], "conf": [0.796596, 0.709681, 0.819267, 0.813259]}, "LBigToe": {"frame": [4, 5, 6, 8], "x": [443.224, 443.222, 445.151, 445.265], "y": [584.268, 584.297, 586.202, 578.438], "conf": [0.588577, 0.64338, 0.638646, 0.708806]}, "LSmallToe": {"frame": [4, 5, 6, 8], "x": [433.501, 435.399, 435.463, 443.259], "y": [584.328, 584.358, 586.184, 580.404], "conf": [0.692988, 0.728552, 0.687746, 0.762137]}, "LHeel": {"frame": [4, 5, 6, 8], "x": [445.127, 445.186, 445.113, 449.16], "y": [586.329, 586.322, 588.156, 586.271], "conf": [0.869507, 0.857263, 0.881344, 0.906072]}, "RBigToe": {"frame": [4, 5, 6, 8], "x": [502.063, 515.727, 521.631, 523.632], "y": [582.325, 584.254, 582.396, 584.267], "conf": [0.671769, 0.682531, 0.696802, 0.704667]}, "RSmallToe": {"frame": [4, 5, 6, 8], "x": [507.91, 521.603, 525.505, 525.588], "y": [582.353, 584.291, 584.293, 586.2], "conf": [0.764377, 0.757319, 0.786956, 0.79419]}, "RHeel": {"frame": [4, 5, 6, 8], "x": [498.088, 509.862, 513.842, 511.877], "y": [586.186, 586.295, 586.28, 586.325], "conf": [0.839127, 0.872382, 0.847549, 0.840055]}, "Background": {"frame": [], "x": [], "y": [], "conf": []}}