{"Nose": {"frame": [0, 1, 2], "x": [556.946, 0, 0], "y": [225.697, 0, 0], "conf": [0.236291, 0, 0]}, "Neck": {"frame": [0, 1, 2], "x": [509.894, 519.669, 527.472], "y": [225.776, 208.175, 194.378], "conf": [0.784747, 0.796742, 0.892695]}, "RShoulder": {"frame": [0, 1, 2], "x": [523.507, 541.185, 564.692], "y": [225.748, 208.117, 194.454], "conf": [0.837901, 0.834617, 0.834629]}, "RElbow": {"frame": [0, 1, 2], "x": [494.278, 541.206, 586.171], "y": [257.144, 255.178, 247.384], "conf": [0.904326, 0.913094, 0.835727]}, "RWrist": {"frame": [0, 1, 2], "x": [525.562, 576.526, 605.954], "y": [323.717, 313.971, 284.537], "conf": [0.878442, 0.834143, 0.845441]}, "LShoulder": {"frame": [0, 1, 2], "x": [498.117, 494.209, 492.302], "y": [223.804, 208.154, 192.468], "conf": [0.633362, 0.692688, 0.852192]}, "LElbow": {"frame": [0, 1, 2], "x": [480.508, 462.839, 456.997], "y": [300.219, 257.161, 259.112], "conf": [0.487027, 0.0501866, 0.733365]}, "LWrist": {"frame": [0, 1, 2], "x": [488.323, 0, 0], "y": [308.065, 0, 0], "conf": [0.112795, 0, 0]}, "MidHip": {"frame": [0, 1, 2], "x": [408.011, 445.142, 486.358], "y": [311.999, 304.18, 296.342], "conf": [0.643335, 0.731693, 0.684848]}, "RHip": {"frame": [0, 1, 2], "x": [429.511, 464.844, 509.938], "y": [308.125, 304.216, 298.308], "conf": [0.616736, 0.695003, 0.697286]}, "RKnee": {"frame": [0, 1, 2], "x": [525.474, 545.154, 570.652], "y": [388.431, 398.098, 398.269], "conf": [0.850313, 0.835601, 0.898331]}, "RAnkle": {"frame": [0, 1, 2], "x": [511.909, 539.264, 570.562], "y": [500.094, 507.828, 507.942], "conf": [0.776682, 0.872534, 0.850974]}, "LHip": {"frame": [0, 1, 2], "x": [386.486, 417.802, 460.89], "y": [313.948, 304.186, 296.318], "conf": [0.621712, 0.708203, 0.727048]}, "LKnee": {"frame": [0, 1, 2], "x": [455.031, 460.802, 474.537], "y": [386.41, 384.472, 384.498], "conf": [0.814456, 0.896627, 0.846973]}, "LAnkle": {"frame": [0, 1, 2], "x": [462.838, 474.562, 472.619], "y": [480.497, 484.397, 488.286], "conf": [0.840097, 0.80821, 0.729954]}, "REye": {"frame": [0, 1, 2], "x": [560.852, 562.772, 0], "y": [216.017, 186.634, 0], "conf": [0.347197, 0.0898081, 0]}, "LEye": {"frame": [0, 1, 2], "x": [0, 0, 0], "y": [0, 0, 0], "conf": [0, 0, 0]}, "REar": {"frame": [0, 1, 2], "x": [554.824, 556.984, 570.555], "y": [214.016, 188.55, 166.988], "conf": [0.8961, 0.848006, 0.897389]}, "LEar": {"frame": [0, 1, 2], "x": [525.533, 529.52, 537.263], "y": [196.483, 178.693, 161.088], "conf": [0.192663, 0.245623, 0.676052]}, "LBigToe": {"frame": [0, 1, 2], "x": [494.221, 492.186, 476.49], "y": [482.477, 470.66, 505.956], "conf": [0.618241, 0.692026, 0.540098]}, "LSmallToe": {"frame": [0, 1, 2], "x": [492.263, 488.316, 464.821], "y": [478.589, 468.722, 503.976], "conf": [0.619019, 0.645179, 0.560765]}, "LHeel": {"frame": [0, 1, 2], "x": [455.03, 474.539, 474.561], "y": [494.14, 496.227, 498.1], "conf": [0.798135, 0.809191, 0.768482]}, "RBigToe": {"frame": [0, 1, 2], "x": [558.866, 584.31, 617.538], "y": [511.879, 521.598, 523.564], "conf": [0.756111, 0.78573, 0.768098]}, "RSmallToe": {"frame": [0, 1, 2], "x": [547.128, 572.566, 603.935], "y": [521.558, 523.621, 525.556], "conf": [0.762269, 0.875072, 0.825675]}, "RHeel": {"frame": [0, 1, 2], "x": [505.919, 527.469, 556.97], "y": [509.97, 517.742, 521.593], "conf": [0.845193, 0.803197, 0.818229]}, "Background": {"frame": [], "x": [], "y": [], "conf": []}}