{"Nose": {"frame": [34], "x": [478.559], "y": [366.766], "conf": [0.469518]}, "Neck": {"frame": [34], "x": [458.923], "y": [384.577], "conf": [0.902067]}, "RShoulder": {"frame": [34], "x": [443.278], "y": [392.332], "conf": [0.846845]}, "RElbow": {"frame": [34], "x": [415.917], "y": [415.875], "conf": [0.924937]}, "RWrist": {"frame": [34], "x": [402.102], "y": [447.118], "conf": [0.942982]}, "LShoulder": {"frame": [34], "x": [472.631], "y": [382.488], "conf": [0.842958]}, "LElbow": {"frame": [34], "x": [478.538], "y": [368.808], "conf": [0.629419]}, "LWrist": {"frame": [34], "x": [496.157], "y": [366.773], "conf": [0.721653]}, "MidHip": {"frame": [34], "x": [447.169], "y": [449.132], "conf": [0.887245]}, "RHip": {"frame": [34], "x": [445.17], "y": [451.106], "conf": [0.808561]}, "RKnee": {"frame": [34], "x": [478.521], "y": [482.425], "conf": [0.857455]}, "RAnkle": {"frame": [34], "x": [509.957], "y": [519.623], "conf": [0.847498]}, "LHip": {"frame": [34], "x": [451.098], "y": [447.197], "conf": [0.809773]}, "LKnee": {"frame": [34], "x": [460.887], "y": [492.322], "conf": [0.901738]}, "LAnkle": {"frame": [34], "x": [431.489], "y": [539.253], "conf": [0.918795]}, "REye": {"frame": [34], "x": [476.664], "y": [362.915], "conf": [0.52406]}, "LEye": {"frame": [34], "x": [0], "y": [0], "conf": [0]}, "REar": {"frame": [34], "x": [466.757], "y": [366.757], "conf": [0.817288]}, "LEar": {"frame": [34], "x": [0], "y": [0], "conf": [0]}, "LBigToe": {"frame": [34], "x": [451.07], "y": [552.906], "conf": [0.761795]}, "LSmallToe": {"frame": [34], "x": [447.213], "y": [545.181], "conf": [0.686421]}, "LHeel": {"frame": [34], "x": [423.685], "y": [541.243], "conf": [0.832049]}, "RBigToe": {"frame": [34], "x": [525.591], "y": [509.846], "conf": [0.615006]}, "RSmallToe": {"frame": [34], "x": [525.487], "y": [515.718], "conf": [0.668825]}, "RHeel": {"frame": [34], "x": [511.861], "y": [523.66], "conf": [0.772761]}, "Background": {"frame": [], "x": [], "y": [], "conf": []}}