{"Nose": {"frame": [9, 10, 11, 12], "x": [647.047, 649.063, 651.006, 650.847], "y": [141.568, 143.485, 139.587, 133.833], "conf": [0.880291, 0.917648, 0.883696, 0.947494]}, "Neck": {"frame": [9, 10, 11, 12], "x": [641.116, 641.163, 639.15, 635.329], "y": [178.666, 176.739, 169.015, 167.02], "conf": [0.867815, 0.837485, 0.844976, 0.910407]}, "RShoulder": {"frame": [9, 10, 11, 12], "x": [603.867, 603.915, 601.965, 600.007], "y": [178.829, 174.82, 165.131, 163.038], "conf": [0.896874, 0.838106, 0.880612, 0.866524]}, "RElbow": {"frame": [9, 10, 11, 12], "x": [584.354, 572.541, 564.728, 558.83], "y": [243.476, 239.462, 227.708, 216.044], "conf": [0.84688, 0.855758, 0.819687, 0.820249]}, "RWrist": {"frame": [9, 10, 11, 12], "x": [586.199, 568.6, 552.936, 541.164], "y": [304.249, 294.417, 286.534, 274.833], "conf": [0.908019, 0.812459, 0.853138, 0.895569]}, "LShoulder": {"frame": [9, 10, 11, 12], "x": [680.258, 680.265, 680.228, 678.338], "y": [172.885, 174.842, 176.752, 176.823], "conf": [0.851674, 0.855489, 0.865932, 0.873081]}, "LElbow": {"frame": [9, 10, 11, 12], "x": [695.88, 695.989, 694.038, 682.301], "y": [198.355, 204.255, 212.016, 223.841], "conf": [0.810697, 0.79819, 0.863617, 0.863401]}, "LWrist": {"frame": [9, 10, 11, 12], "x": [676.395, 678.294, 680.29, 680.287], "y": [241.486, 247.33, 255.193, 268.903], "conf": [0.773544, 0.831096, 0.863587, 0.883421]}, "MidHip": {"frame": [9, 10, 11, 12], "x": [633.251, 625.494, 619.538, 613.718], "y": [286.525, 286.484, 280.625, 274.709], "conf": [0.804675, 0.758973, 0.798986, 0.812268]}, "RHip": {"frame": [9, 10, 11, 12], "x": [607.873, 603.885, 596.039, 588.185], "y": [286.53, 286.501, 278.667, 272.779], "conf": [0.740351, 0.784238, 0.721392, 0.80749]}, "RKnee": {"frame": [9, 10, 11, 12], "x": [617.605, 617.547, 609.822, 603.842], "y": [382.449, 378.626, 370.845, 370.754], "conf": [0.849091, 0.837023, 0.795058, 0.860833]}, "RAnkle": {"frame": [9, 10, 11, 12], "x": [635.297, 637.198, 635.165, 619.625], "y": [478.521, 478.454, 476.564, 472.655], "conf": [0.843275, 0.849266, 0.82097, 0.795791]}, "LHip": {"frame": [9, 10, 11, 12], "x": [650.954, 648.958, 643.113, 635.291], "y": [286.544, 286.5, 282.619, 276.731], "conf": [0.793977, 0.797106, 0.732174, 0.810529]}, "LKnee": {"frame": [9, 10, 11, 12], "x": [645.051, 645.002, 635.366, 633.194], "y": [382.447, 376.673, 370.775, 368.865], "conf": [0.813387, 0.778389, 0.833214, 0.833188]}, "LAnkle": {"frame": [9, 10, 11, 12], "x": [607.81, 613.7, 615.626, 611.71], "y": [462.886, 462.892, 460.958, 464.779], "conf": [0.797001, 0.807209, 0.841423, 0.7621]}, "REye": {"frame": [9, 10, 11, 12], "x": [637.224, 645.041, 648.919, 645.084], "y": [133.658, 133.668, 131.723, 129.728], "conf": [0.928599, 0.906725, 0.946664, 0.873778]}, "LEye": {"frame": [9, 10, 11, 12], "x": [652.924, 660.688, 664.571, 660.75], "y": [133.691, 133.761, 133.67, 131.723], "conf": [0.915303, 0.888142, 0.942839, 0.900157]}, "REar": {"frame": [9, 10, 11, 12], "x": [629.406, 633.367, 635.253, 633.337], "y": [133.804, 133.772, 131.719, 129.769], "conf": [0.700098, 0.731367, 0.872922, 0.811873]}, "LEar": {"frame": [9, 10, 11, 12], "x": [666.716, 672.489, 676.35, 670.568], "y": [135.713, 137.664, 135.69, 133.697], "conf": [0.854154, 0.799854, 0.813239, 0.853939]}, "LBigToe": {"frame": [9, 10, 11, 12], "x": [615.633, 617.691, 619.574, 633.355], "y": [492.196, 492.166, 490.202, 494.196], "conf": [0.475511, 0.453959, 0.375619, 0.269172]}, "LSmallToe": {"frame": [9, 10, 11, 12], "x": [619.51, 621.56, 623.513, 0], "y": [490.224, 490.226, 484.401, 0], "conf": [0.549718, 0.479231, 0.383425, 0]}, "LHeel": {"frame": [9, 10, 11, 12], "x": [599.934, 601.931, 602.008, 601.882], "y": [468.737, 472.679, 470.695, 476.56], "conf": [0.72374, 0.78973, 0.772111, 0.648421]}, "RBigToe": {"frame": [9, 10, 11, 12], "x": [639.194, 645.055, 648.883, 648.982], "y": [503.952, 500.073, 496.186, 494.204], "conf": [0.770187, 0.814085, 0.834305, 0.846422]}, "RSmallToe": {"frame": [9, 10, 11, 12], "x": [631.266, 633.289, 635.196, 635.222], "y": [500.068, 498.136, 496.217, 496.181], "conf": [0.79747, 0.866795, 0.836409, 0.774289]}, "RHeel": {"frame": [9, 10, 11, 12], "x": [641.167, 645.042, 635.315, 617.563], "y": [486.375, 484.402, 482.478, 480.529], "conf": [0.619983, 0.65938, 0.641403, 0.655833]}, "Background": {"frame": [], "x": [], "y": [], "conf": []}}