{"Nose": {"frame": [0, 1, 2, 3, 4, 5, 7, 8, 9, 10, 11, 12, 13], "x": [335.397, 335.419, 335.44, 335.426, 335.435, 335.45, 335.439, 335.436, 335.433, 335.442, 335.433, 335.434, 335.454], "y": [351.197, 351.205, 351.194, 351.202, 351.191, 351.201, 351.193, 351.219, 351.213, 351.209, 351.207, 351.22, 351.218], "conf": [0.919171, 0.934632, 0.936068, 0.934429, 0.933455, 0.939144, 0.934948, 0.941773, 0.938771, 0.94051, 0.944359, 0.943749, 0.949297]}, "Neck": {"frame": [0, 1, 2, 3, 4, 5, 7, 8, 9, 10, 11, 12, 13], "x": [323.817, 323.792, 323.788, 323.8, 323.797, 323.809, 323.815, 323.825, 323.835, 323.826, 323.831, 323.823, 323.832], "y": [380.535, 380.582, 380.585, 380.601, 380.592, 380.593, 380.591, 380.611, 382.411, 380.609, 382.422, 382.412, 382.43], "conf": [0.908637, 0.919652, 0.922094, 0.92138, 0.921099, 0.916903, 0.915389, 0.916757, 0.914943, 0.915336, 0.920006, 0.916597, 0.91971]}, "RShoulder": {"frame": [0, 1, 2, 3, 4, 5, 7, 8, 9, 10, 11, 12, 13], "x": [306.04, 304.259, 304.246, 306.036, 306.037, 306.052, 306.056, 306.058, 306.065, 306.059, 306.059, 306.051, 306.047], "y": [380.556, 380.583, 380.585, 380.604, 380.586, 380.59, 380.576, 380.598, 380.596, 380.602, 382.412, 382.407, 382.408], "conf": [0.952302, 0.953849, 0.954789, 0.958171, 0.954596, 0.95309, 0.948674, 0.953938, 0.952768, 0.953964, 0.957168, 0.956524, 0.957546]}, "RElbow": {"frame": [0, 1, 2, 3, 4, 5, 7, 8, 9, 10, 11, 12, 13], "x": [302.147, 302.129, 300.282, 302.124, 302.131, 302.122, 302.128, 302.146, 302.166, 302.162, 302.162, 302.154, 302.155], "y": [413.863, 413.865, 413.859, 413.861, 413.836, 413.839, 413.811, 413.848, 413.837, 413.856, 413.893, 413.882, 413.908], "conf": [0.881773, 0.881132, 0.873859, 0.882628, 0.875906, 0.878841, 0.867716, 0.885179, 0.89148, 0.89425, 0.902485, 0.89526, 0.902395]}, "RWrist": {"frame": [0, 1, 2, 3, 4, 5, 7, 8, 9, 10, 11, 12, 13], "x": [300.259, 302.122, 302.145, 302.143, 302.147, 302.143, 302.128, 302.125, 302.165, 302.159, 302.144, 302.147, 302.179], "y": [433.434, 433.533, 433.547, 433.529, 433.511, 433.507, 433.457, 433.511, 433.49, 433.502, 433.52, 433.542, 435.43], "conf": [0.870757, 0.850194, 0.854225, 0.863598, 0.869623, 0.868402, 0.875239, 0.874162, 0.882898, 0.879795, 0.870843, 0.865301, 0.863277]}, "LShoulder": {"frame": [0, 1, 2, 3, 4, 5, 7, 8, 9, 10, 11, 12, 13], "x": [349.215, 349.202, 349.21, 349.203, 349.195, 349.197, 349.212, 349.206, 349.221, 349.212, 349.209, 349.21, 349.235], "y": [380.53, 382.419, 382.416, 382.43, 382.429, 382.422, 382.433, 382.451, 382.447, 382.44, 382.454, 382.438, 382.467], "conf": [0.883494, 0.895976, 0.898848, 0.900797, 0.896752, 0.898696, 0.905863, 0.907321, 0.911107, 0.907457, 0.911222, 0.906163, 0.918065]}, "LElbow": {"frame": [0, 1, 2, 3, 4, 5, 7, 8, 9, 10, 11, 12, 13], "x": [360.957, 359.029, 359.019, 359.049, 359.04, 359.031, 359.028, 360.952, 359.046, 360.953, 360.969, 360.956, 360.969], "y": [415.938, 417.857, 417.841, 417.844, 417.818, 417.856, 417.879, 417.865, 419.731, 419.724, 419.722, 419.735, 419.734], "conf": [0.886589, 0.865165, 0.869496, 0.864748, 0.869321, 0.862859, 0.857928, 0.859295, 0.85584, 0.854739, 0.856972, 0.855996, 0.857345]}, "LWrist": {"frame": [0, 1, 2, 3, 4, 5, 7, 8, 9, 10, 11, 12, 13], "x": [331.59, 327.7, 327.681, 329.634, 329.639, 329.612, 327.688, 331.602, 329.647, 329.659, 331.597, 331.551, 329.667], "y": [443.276, 445.242, 445.217, 445.23, 445.195, 445.224, 445.241, 445.199, 445.242, 445.223, 445.184, 445.214, 445.226], "conf": [0.841448, 0.854243, 0.849433, 0.856106, 0.852842, 0.854848, 0.852147, 0.866572, 0.862776, 0.857129, 0.865335, 0.856345, 0.861971]}, "MidHip": {"frame": [0, 1, 2, 3, 4, 5, 7, 8, 9, 10, 11, 12, 13], "x": [323.768, 323.759, 323.76, 323.761, 323.767, 323.763, 323.758, 323.748, 323.752, 323.761, 323.758, 323.766, 323.759], "y": [456.991, 458.897, 458.874, 458.881, 458.899, 458.889, 458.877, 458.898, 458.909, 458.899, 458.897, 458.892, 458.885], "conf": [0.859505, 0.87102, 0.867081, 0.868887, 0.872306, 0.870018, 0.867611, 0.874304, 0.875283, 0.872258, 0.873134, 0.872092, 0.86967]}, "RHip": {"frame": [0, 1, 2, 3, 4, 5, 7, 8, 9, 10, 11, 12, 13], "x": [310.069, 310.036, 310.032, 310.029, 310.038, 310.027, 310.034, 308.162, 310.019, 310.023, 310.023, 310.033, 310.023], "y": [456.987, 458.885, 458.865, 458.871, 458.885, 458.873, 458.862, 458.878, 458.889, 458.88, 458.88, 458.879, 458.869], "conf": [0.818096, 0.828656, 0.828771, 0.828144, 0.830683, 0.830365, 0.825383, 0.83483, 0.834573, 0.831377, 0.832757, 0.8336, 0.831428]}, "RKnee": {"frame": [0, 1, 2, 3, 4, 5, 7, 8, 9, 10, 11, 12, 13], "x": [306.206, 306.183, 306.18, 306.177, 306.189, 306.18, 306.195, 306.194, 306.186, 306.165, 306.174, 306.175, 306.137], "y": [509.95, 509.979, 509.987, 509.984, 509.987, 509.984, 511.809, 509.947, 509.958, 509.954, 509.914, 509.951, 509.953], "conf": [0.917468, 0.917367, 0.916322, 0.916388, 0.915482, 0.913024, 0.908589, 0.923602, 0.921776, 0.926213, 0.933147, 0.925354, 0.928467]}, "RAnkle": {"frame": [0, 1, 2, 3, 4, 5, 7, 8, 9, 10, 11, 12, 13], "x": [313.939, 313.981, 315.867, 315.895, 315.877, 315.87, 315.876, 312.015, 312.021, 313.928, 312.014, 313.919, 313.93], "y": [566.696, 568.586, 566.696, 568.565, 566.68, 568.577, 568.57, 568.594, 568.595, 568.571, 568.589, 568.577, 568.589], "conf": [0.848079, 0.854427, 0.845663, 0.852568, 0.845442, 0.852202, 0.853867, 0.854238, 0.857805, 0.847632, 0.856216, 0.851656, 0.849428]}, "LHip": {"frame": [0, 1, 2, 3, 4, 5, 7, 8, 9, 10, 11, 12, 13], "x": [337.528, 337.528, 337.534, 337.537, 337.54, 337.541, 337.531, 337.529, 337.523, 337.541, 337.533, 337.54, 337.534], "y": [458.869, 458.925, 458.901, 458.91, 458.931, 458.922, 458.908, 458.935, 458.944, 458.938, 458.934, 458.925, 458.92], "conf": [0.874219, 0.891783, 0.884535, 0.886295, 0.890985, 0.888758, 0.886862, 0.893928, 0.895451, 0.890035, 0.892102, 0.889247, 0.890633]}, "LKnee": {"frame": [0, 1, 2, 3, 4, 5, 7, 8, 9, 10, 11, 12, 13], "x": [339.45, 339.453, 339.469, 339.455, 339.468, 339.448, 339.463, 339.436, 339.424, 339.414, 339.415, 339.418, 339.436], "y": [511.865, 511.886, 511.878, 511.86, 511.882, 511.84, 511.88, 511.83, 511.822, 509.989, 509.982, 511.801, 511.852], "conf": [0.88828, 0.880019, 0.881102, 0.884879, 0.879921, 0.888147, 0.879905, 0.89246, 0.897519, 0.902239, 0.904296, 0.901648, 0.890005]}, "LAnkle": {"frame": [0, 1, 2, 3, 4, 5, 7, 8, 9, 10, 11, 12, 13], "x": [349.256, 349.256, 351.071, 349.262, 351.08, 351.068, 351.08, 349.248, 349.254, 349.257, 351.073, 351.081, 349.26], "y": [572.49, 572.518, 572.512, 572.503, 572.499, 572.534, 572.509, 572.505, 572.5, 572.498, 572.5, 572.511, 572.533], "conf": [0.923047, 0.93037, 0.934198, 0.928902, 0.932168, 0.933325, 0.933147, 0.932154, 0.934904, 0.934415, 0.939245, 0.938711, 0.935097]}, "REye": {"frame": [0, 1, 2, 3, 4, 5, 7, 8, 9, 10, 11, 12, 13], "x": [325.699, 325.726, 325.753, 325.737, 325.746, 327.64, 325.762, 325.759, 325.754, 325.767, 325.755, 325.76, 327.66], "y": [349.155, 349.159, 349.147, 349.155, 349.144, 349.16, 349.147, 349.176, 349.168, 349.163, 349.16, 349.17, 349.172], "conf": [0.869011, 0.876746, 0.867339, 0.872171, 0.866936, 0.866406, 0.864103, 0.873436, 0.870916, 0.867413, 0.872507, 0.872125, 0.871043]}, "LEye": {"frame": [0, 1, 2, 3, 4, 5, 7, 8, 9, 10, 11, 12, 13], "x": [335.535, 335.557, 335.573, 335.564, 335.567, 335.578, 335.577, 335.57, 335.571, 335.576, 335.573, 335.575, 335.591], "y": [347.218, 345.345, 345.328, 345.344, 345.324, 345.338, 345.342, 347.242, 347.235, 347.231, 347.227, 347.245, 347.242], "conf": [0.852948, 0.882746, 0.874143, 0.878262, 0.873042, 0.874058, 0.870333, 0.882857, 0.880221, 0.874363, 0.885895, 0.88277, 0.88572]}, "REar": {"frame": [0, 1, 2, 3, 4, 5, 7, 8, 9, 10, 11, 12, 13], "x": [317.859, 317.856, 317.857, 317.855, 317.859, 317.878, 317.868, 317.881, 317.882, 317.881, 317.885, 317.888, 317.891], "y": [351.124, 351.141, 351.131, 351.137, 351.129, 351.148, 351.13, 351.155, 351.15, 351.142, 351.147, 351.14, 351.155],