{"Nose": {"frame": [23, 24, 25, 26, 27, 28, 29, 30, 31, 32, 33, 34, 35, 37, 38, 39, 40, 41, 42, 43, 44, 45, 46, 47], "x": [503.945, 504.015, 505.983, 507.867, 507.899, 507.881, 507.896, 507.813, 507.972, 509.962, 523.482, 523.657, 523.474, 0, 0, 462.968, 0, 0, 0, 0, 0, 0, 0, 0], "y": [313.952, 315.946, 319.78, 319.817, 319.865, 319.865, 321.764, 321.91, 333.534, 347.215, 355.149, 368.822, 357.031, 0, 0, 382.608, 0, 0, 0, 0, 0, 0, 0, 0], "conf": [0.411537, 0.643559, 0.693656, 0.696425, 0.770889, 0.693165, 0.665638, 0.601945, 0.513675, 0.355134, 0.697836, 0.770587, 0.814053, 0, 0, 0.20435, 0, 0, 0, 0, 0, 0, 0, 0]}, "Neck": {"frame": [23, 24, 25, 26, 27, 28, 29, 30, 31, 32, 33, 34, 35, 37, 38, 39, 40, 41, 42, 43, 44, 45, 46, 47], "x": [478.437, 476.647, 478.489, 478.567, 478.621, 480.53, 480.457, 482.41, 484.423, 492.145, 500.064, 500.046, 503.986, 503.956, 494.302, 490.232, 480.543, 476.495, 466.812, 462.8, 460.808, 451.15, 445.253, 443.21], "y": [345.273, 341.418, 345.318, 347.261, 347.278, 349.205, 347.273, 351.138, 357.087, 370.795, 382.549, 384.486, 384.469, 400.281, 400.25, 398.278, 394.263, 382.584, 376.648, 370.801, 366.926, 364.866, 359.003, 353.175], "conf": [0.89208, 0.902099, 0.895607, 0.895617, 0.868984, 0.854178, 0.854297, 0.901699, 0.846921, 0.905272, 0.904021, 0.87932, 0.865031, 0.882015, 0.900511, 0.857723, 0.813044, 0.916195, 0.822074, 0.885858, 0.933566, 0.861267, 0.898929, 0.894978]}, "RShoulder": {"frame": [23, 24, 25, 26, 27, 28, 29, 30, 31, 32, 33, 34, 35, 37, 38, 39, 40, 41, 42, 43, 44, 45, 46, 47], "x": [462.929, 462.91, 464.785, 464.778, 464.824, 464.884, 468.752, 474.594, 476.493, 476.643, 482.434, 482.459, 488.354, 523.625, 513.79, 496.177, 494.221, 490.256, 480.54, 476.569, 476.508, 464.854, 458.908, 449.147], "y": [347.274, 343.373, 349.151, 349.203, 351.083, 351.196, 351.23, 353.219, 364.912, 380.493, 390.342, 394.295, 388.426, 394.263, 398.199, 398.287, 392.348, 382.49, 370.74, 366.894, 357.082, 353.103, 351.26, 351.184], "conf": [0.878739, 0.864524, 0.873134, 0.891743, 0.88961, 0.899164, 0.881294, 0.89124, 0.913984, 0.907339, 0.821851, 0.806818, 0.785103, 0.884777, 0.902057, 0.830003, 0.832137, 0.854726, 0.841864, 0.906211, 0.872649, 0.898252, 0.896947, 0.888136]}, "RElbow": {"frame": [23, 24, 25, 26, 27, 28, 29, 30, 31, 32, 33, 34, 35, 37, 38, 39, 40, 41, 42, 43, 44, 45, 46, 47], "x": [460.917, 460.938, 462.952, 468.748, 474.644, 478.478, 478.533, 476.606, 476.58, 472.657, 462.892, 455.005, 453.043, 554.965, 503.954, 494.293, 505.957, 500.082, 492.276, 490.242, 492.225, 484.407, 472.664, 441.288], "y": [386.478, 386.412, 386.518, 388.384, 390.373, 390.378, 396.183, 398.25, 413.763, 427.542, 427.579, 402.099, 398.091, 382.45, 449.158, 435.441, 431.604, 431.425, 402.131, 400.136, 396.257, 386.422, 384.456, 384.509], "conf": [0.945962, 0.976249, 0.918123, 0.844123, 0.881078, 0.894101, 0.932946, 0.982047, 0.923391, 0.8308, 0.914379, 0.84167, 0.756729, 0.907865, 0.593791, 0.629252, 0.821219, 0.828257, 0.262151, 0.243838, 0.437772, 0.129078, 0.173207, 0.669485]}, "RWrist": {"frame": [23, 24, 25, 26, 27, 28, 29, 30, 31, 32, 33, 34, 35, 37, 38, 39, 40, 41, 42, 43, 44, 45, 46, 47], "x": [494.244, 500.053, 502.001, 498.128, 504.029, 504.016, 509.82, 507.969, 507.819, 478.539, 458.91, 455.034, 476.498, 570.566, 476.49, 480.516, 494.305, 494.203, 480.493, 478.541, 488.323, 476.592, 472.64, 415.95], "y": [398.111, 386.42, 382.465, 380.505, 374.709, 372.724, 376.675, 398.134, 431.584, 460.921, 462.808, 435.456, 386.455, 355.084, 474.593, 439.365, 466.782, 466.816, 425.633, 429.514, 431.48, 419.742, 417.837, 376.637], "conf": [0.93825, 0.876932, 0.883318, 0.847509, 0.846438, 0.805279, 0.86445, 0.967508, 0.909443, 0.955232, 0.936344, 0.815993, 0.720208, 0.816412, 0.807741, 0.467137, 0.858353, 0.882257, 0.312758, 0.313719, 0.582744, 0.0960053, 0.179646, 0.833699]}, "LShoulder": {"frame": [23, 24, 25, 26, 27, 28, 29, 30, 31, 32, 33, 34, 35, 37, 38, 39, 40, 41, 42, 43, 44, 45, 46, 47], "x": [490.314, 490.316, 492.199, 494.165, 494.21, 496.133, 494.122, 494.134, 496.119, 503.949, 517.669, 515.723, 519.683, 478.607, 478.487, 478.499, 470.725, 460.885, 453.027, 447.242, 445.132, 437.418, 431.573, 431.468], "y": [341.42, 341.366, 343.322, 347.219, 345.271, 345.31, 341.377, 345.327, 353.128, 366.882, 372.768, 378.615, 380.584, 413.916, 408.005, 398.276, 392.309, 382.57, 380.536, 380.507, 376.616, 370.765, 366.853, 355.11], "conf": [0.832886, 0.853619, 0.835508, 0.856341, 0.830656, 0.789662, 0.803617, 0.863403, 0.870424, 0.839134, 0.795649, 0.766732, 0.778576, 0.931564, 0.889669, 0.936307, 0.851258, 0.949874, 0.870895, 0.884378, 0.873913, 0.844943, 0.937674, 0.928557]}, "LElbow": {"frame": [23, 24, 25, 26, 27, 28, 29, 30, 31, 32, 33, 34, 35, 37, 38, 39, 40, 41, 42, 43, 44, 45, 46, 47], "x": [490.276, 492.262, 492.263, 505.933, 507.864, 521.607, 505.921, 494.284, 496.232, 523.505, 541.228, 525.558, 525.481, 480.463, 478.586, 476.569, 478.506, 472.679, 466.786, 462.92, 462.828, 458.932, 449.157, 447.124], "y": [380.562, 380.527, 380.503, 382.515, 382.44, 368.792, 372.758, 378.576, 380.57, 368.801, 366.81, 359.022, 406.033, 458.906, 447.195, 427.581, 409.96, 398.293, 400.112, 404.08, 404.115, 400.258, 398.185, 390.347], "conf": [0.553393, 0.683855, 0.445302, 0.569472, 0.469168, 0.447192, 0.238971, 0.776476, 0.678261, 0.642755, 0.71329, 0.487764, 0.406347, 0.785, 0.874561, 0.800154, 0.912553, 0.889847, 0.87122, 0.870854, 0.885696, 0.868566, 0.918224, 0.871481]}, "LWrist": {"frame": [23, 24, 25, 26, 27, 28, 29, 30, 31, 32, 33, 34, 35, 37, 38, 39, 40, 41, 42, 43, 44, 45, 46, 47], "x": [507.842, 509.941, 511.84, 519.647, 519.69, 0, 515.759, 515.715, 519.683, 539.237, 533.361, 539.219, 533.408, 492.258, 476.504, 462.836, 462.901, 466.753, 464.87, 470.709, 466.747, 462.801, 455.035, 445.115], "y": [388.413, 376.678, 370.836, 366.909, 366.817, 0, 368.842, 378.635, 374.677, 368.892, 357.083, 355.106, 411.887, 466.781, 470.671, 443.291, 431.508, 429.537, 429.59, 435.422, 439.312, 435.437, 431.579, 425.646], "conf": [0.669868, 0.773111, 0.603105, 0.636334, 0.485286, 0, 0.286518, 0.766861, 0.642583, 0.626788, 0.520614, 0.609306, 0.34351, 0.508614, 0.210965, 0.760628, 0.913475, 0.885494, 0.870392, 0.812977, 0.849961, 0.859394, 0.875423, 0.871953]}, "MidHip": {"frame": [23, 24, 25, 26, 27, 28, 29, 30, 31, 32, 33, 34, 35, 37, 38, 39, 40, 41, 42, 43, 44, 45, 46, 47], "x": [478.488, 478.517, 482.43, 490.22, 492.174, 492.254, 492.185, 490.302, 490.295, 492.266, 494.109, 498.137, 511.805, 517.674, 525.641, 527.476, 527.58, 525.581, 523.581, 521.6, 517.689, 509.793, 496.144, 480.534], "y": [415.87, 415.928, 417.807, 415.896, 415.84, 413.879, 413.84, 415.944, 427.543, 437.359, 447.158, 453.086, 457, 451.15, 433.504, 431.594, 427.564, 415.929, 413.868, 413.855, 413.834, 413.885, 413.832, 419.75], "conf": [0.90478, 0.891558, 0.835714, 0.82577, 0.859539, 0.868605, 0.862139, 0.872021, 0.866641, 0.900631, 0.934045, 0.794908, 0.811672, 0.796722, 0.836911, 0.794077, 0.803184, 0.799805, 0.827499, 0.848627, 0.832419, 0.877551, 0.830297, 0.779228]}, "RHip": {"frame": [23, 24, 25, 26, 27, 28, 29, 30, 31, 32, 33, 34, 35, 37, 38, 39, 40, 41, 42, 43, 44, 45, 46, 47], "x": [466.807, 468.699, 474.598, 476.626, 478.582, 478.644, 478.585, 478.473, 478.498, 480.5, 486.345, 494.15, 507.862, 529.446, 541.21, 541.151, 539.325, 539.17, 529.49, 525.568, 523.628, 517.739, 504.026, 488.333], "y": [415.912, 417.819, 421.733, 421.746, 423.657, 419.729, 417.797, 423.659, 429.581, 443.187, 449.112, 458.861, 458.946, 447.264, 431.48, 429.547, 417.801, 411.933, 404.11, 406.016, 404.093, 404.119, 407.993, 415.922], "conf": [0.825391, 0.806534, 0.805854, 0.83344, 0.826918, 0.818487, 0.830514, 0.86738, 0.906675, 0.838333, 0.803283, 0.88885, 0.839686, 0.824756, 0.866299, 0.759076, 0.825983, 0.794718, 0.724982, 0.766181, 0.798305, 0.757872, 0.734934, 0.75119]}, "RKnee": {"frame": [23, 24, 25, 26, 27, 28, 29, 30, 31, 32, 33, 34, 35, 37, 38, 39, 40, 41, 42, 43, 44, 45, 46, 47],