{"Nose": {"frame": [0, 2], "x": [543.227, 523.674], "y": [176.819, 178.853], "conf": [0.902015, 0.954935]}, "Neck": {"frame": [0, 2], "x": [541.134, 513.806], "y": [194.34, 198.433], "conf": [0.910844, 0.845589]}, "RShoulder": {"frame": [0, 2], "x": [498.138, 474.542], "y": [184.702, 194.507], "conf": [0.786599, 0.831793]}, "RElbow": {"frame": [0, 2], "x": [443.193, 415.893], "y": [210.151, 221.853], "conf": [0.886363, 0.868473]}, "RWrist": {"frame": [0, 2], "x": [462.82, 437.424], "y": [259.18, 272.768], "conf": [0.90336, 0.858041]}, "LShoulder": {"frame": [0, 2], "x": [582.365, 554.973], "y": [194.507, 206.187], "conf": [0.849567, 0.840898]}, "LElbow": {"frame": [0, 2], "x": [572.568, 554.904], "y": [237.586, 247.345], "conf": [0.62545, 0.218966]}, "LWrist": {"frame": [0, 2], "x": [576.517, 554.926], "y": [286.508, 292.383], "conf": [0.449437, 0.12481]}, "MidHip": {"frame": [0, 2], "x": [492.175, 470.67], "y": [261.047, 274.74], "conf": [0.821057, 0.816429]}, "RHip": {"frame": [0, 2], "x": [462.918, 445.151], "y": [257.095, 270.849], "conf": [0.777854, 0.792464]}, "RKnee": {"frame": [0, 2], "x": [429.457, 390.339], "y": [343.391, 353.224], "conf": [0.83955, 0.802474]}, "RAnkle": {"frame": [0, 2], "x": [384.446, 335.431], "y": [439.309, 445.221], "conf": [0.828533, 0.830008]}, "LHip": {"frame": [0, 2], "x": [513.809, 494.233], "y": [270.874, 278.738], "conf": [0.763205, 0.821222]}, "LKnee": {"frame": [0, 2], "x": [541.323, 539.192], "y": [351.262, 353.179], "conf": [0.889192, 0.879063]}, "LAnkle": {"frame": [0, 2], "x": [543.201, 551.021], "y": [445.203, 445.165], "conf": [0.855004, 0.83395]}, "REye": {"frame": [0, 2], "x": [541.158, 519.678], "y": [165.028, 167.086], "conf": [0.974504, 0.861512]}, "LEye": {"frame": [0, 2], "x": [555.019, 535.326], "y": [168.952, 174.862], "conf": [0.910414, 0.835544]}, "REar": {"frame": [0, 2], "x": [527.551, 507.849], "y": [161.176, 165.044], "conf": [0.787957, 0.841396]}, "LEar": {"frame": [0, 2], "x": [570.542, 543.183], "y": [172.907, 176.814], "conf": [0.802027, 0.660973]}, "LBigToe": {"frame": [0, 2], "x": [556.927, 570.623], "y": [468.767, 466.794], "conf": [0.814196, 0.802151]}, "LSmallToe": {"frame": [0, 2], "x": [570.524, 576.456], "y": [462.871, 460.941], "conf": [0.858961, 0.855892]}, "LHeel": {"frame": [0, 2], "x": [537.322, 541.21], "y": [451.12, 451.144], "conf": [0.82635, 0.800928]}, "RBigToe": {"frame": [0, 2], "x": [386.434, 331.597], "y": [476.484, 476.481], "conf": [0.824286, 0.834383]}, "RSmallToe": {"frame": [0, 2], "x": [372.706, 319.778], "y": [468.716, 466.759], "conf": [0.752041, 0.805986]}, "RHeel": {"frame": [0, 2], "x": [380.555, 329.613], "y": [443.243, 449.136], "conf": [0.643573, 0.653411]}, "Background": {"frame": [], "x": [], "y": [], "conf": []}}