{"Nose": {"frame": [0, 1, 2, 3, 4, 5, 6, 7, 8, 9, 10, 11, 12, 13, 14, 15, 16, 17, 18, 19, 20, 21], "x": [270.8, 272.775, 274.717, 274.866, 280.631, 286.487, 288.399, 288.472, 288.486, 288.535, 288.482, 288.477, 288.472, 288.441, 288.454, 288.473, 288.479, 288.492, 288.512, 288.554, 288.513, 288.553], "y": [343.358, 343.319, 341.416, 341.434, 341.443, 343.329, 343.319, 343.316, 343.331, 343.363, 343.363, 343.357, 343.324, 343.319, 341.442, 343.324, 343.34, 343.341, 343.351, 343.352, 343.375, 345.283], "conf": [0.848674, 0.893667, 0.909481, 0.880586, 0.840974, 0.867901, 0.883313, 0.902645, 0.904484, 0.910134, 0.904034, 0.904794, 0.903804, 0.897489, 0.900634, 0.904211, 0.907295, 0.908958, 0.910211, 0.910877, 0.907315, 0.90813]}, "Neck": {"frame": [0, 1, 2, 3, 4, 5, 6, 7, 8, 9, 10, 11, 12, 13, 14, 15, 16, 17, 18, 19, 20, 21], "x": [268.908, 270.779, 272.748, 272.863, 274.809, 276.715, 278.662, 280.632, 280.691, 280.696, 280.683, 280.652, 280.654, 280.64, 280.657, 280.658, 280.683, 280.665, 282.595, 284.523, 284.539, 284.531], "y": [370.777, 370.82, 370.846, 370.829, 370.847, 370.838, 372.699, 370.848, 370.839, 370.854, 372.7, 370.847, 372.71, 370.855, 372.723, 372.775, 372.744, 372.761, 372.743, 372.767, 374.689, 374.693], "conf": [0.899649, 0.905735, 0.940208, 0.950014, 0.927588, 0.911027, 0.890634, 0.880969, 0.881889, 0.877917, 0.87571, 0.882204, 0.877456, 0.880795, 0.877278, 0.869671, 0.872445, 0.869841, 0.873987, 0.877529, 0.87521, 0.874404]}, "RShoulder": {"frame": [0, 1, 2, 3, 4, 5, 6, 7, 8, 9, 10, 11, 12, 13, 14, 15, 16, 17, 18, 19, 20, 21], "x": [243.47, 243.498, 245.457, 251.237, 255.19, 257.127, 257.172, 257.228, 259.027, 259.044, 259.025, 259.025, 259.023, 259.028, 259.035, 259.034, 259.043, 259.041, 259.059, 259.125, 259.152, 259.169], "y": [370.798, 370.843, 372.71, 372.717, 372.756, 372.749, 372.772, 372.747, 372.718, 372.778, 372.772, 372.755, 372.759, 372.762, 372.758, 374.709, 374.682, 374.699, 374.685, 374.694, 374.716, 372.782], "conf": [0.917194, 0.904555, 0.870624, 0.849273, 0.875046, 0.91022, 0.913485, 0.916974, 0.920045, 0.912266, 0.914973, 0.917933, 0.917455, 0.916319, 0.91933, 0.911647, 0.91149, 0.90982, 0.911157, 0.902164, 0.896235, 0.898332]}, "RElbow": {"frame": [0, 1, 2, 3, 4, 5, 6, 7, 8, 9, 10, 11, 12, 13, 14, 15, 16, 17, 18, 19, 20, 21], "x": [241.53, 241.534, 243.456, 243.516, 245.426, 253.174, 255.116, 255.148, 255.166, 255.161, 255.146, 255.132, 255.129, 255.126, 255.142, 255.143, 255.165, 255.149, 255.177, 255.21, 257.036, 257.108], "y": [411.845, 411.862, 411.85, 411.949, 413.782, 411.854, 411.934, 413.778, 411.887, 411.929, 411.954, 413.771, 413.768, 413.764, 411.95, 413.769, 411.915, 413.765, 411.916, 411.921, 413.768, 411.931], "conf": [0.903176, 0.909542, 0.918542, 0.921504, 0.910473, 0.828954, 0.848524, 0.876351, 0.858893, 0.872403, 0.873809, 0.876755, 0.874076, 0.873493, 0.871905, 0.875044, 0.864391, 0.868035, 0.869925, 0.882732, 0.890684, 0.904233]}, "RWrist": {"frame": [0, 1, 2, 3, 4, 5, 6, 7, 8, 9, 10, 11, 12, 13, 14, 15, 16, 17, 18, 19, 20, 21], "x": [241.51, 243.343, 243.519, 243.537, 249.276, 251.302, 253.241, 255.199, 255.213, 255.164, 255.203, 257.052, 255.208, 255.225, 255.178, 255.146, 255.135, 255.173, 255.168, 257.026, 255.195, 249.316], "y": [435.468, 435.454, 433.524, 435.431, 433.47, 431.604, 433.493, 433.523, 433.455, 433.462, 433.479, 433.504, 433.524, 433.495, 433.457, 433.507, 433.453, 433.501, 433.489, 433.449, 433.448, 431.543], "conf": [0.926747, 0.922014, 0.913798, 0.884724, 0.854339, 0.871207, 0.845503, 0.87872, 0.902564, 0.894248, 0.897099, 0.90682, 0.881869, 0.895446, 0.888085, 0.882923, 0.897048, 0.893067, 0.896928, 0.915314, 0.885442, 0.843904]}, "LShoulder": {"frame": [0, 1, 2, 3, 4, 5, 6, 7, 8, 9, 10, 11, 12, 13, 14, 15, 16, 17, 18, 19, 20, 21], "x": [290.421, 290.432, 292.418, 294.381, 300.216, 302.156, 304.132, 304.21, 304.243, 304.23, 304.239, 304.198, 304.214, 304.189, 304.206, 304.208, 304.223, 304.214, 304.247, 304.253, 304.233, 304.22], "y": [370.789, 370.787, 370.801, 370.768, 370.801, 370.809, 370.836, 370.842, 370.846, 370.829, 370.856, 370.832, 372.722, 370.85, 372.745, 372.764, 372.722, 372.743, 372.728, 372.749, 374.688, 376.613], "conf": [0.916714, 0.91885, 0.893835, 0.882206, 0.869879, 0.87406, 0.9063, 0.911347, 0.90722, 0.915833, 0.907081, 0.911551, 0.904924, 0.906955, 0.901079, 0.900953, 0.906012, 0.902709, 0.906174, 0.905983, 0.896707, 0.888896]}, "LElbow": {"frame": [0, 1, 2, 3, 4, 5, 6, 7, 8, 9, 10, 11, 12, 13, 14, 15, 16, 17, 18, 19, 20, 21], "x": [306.146, 306.194, 308.063, 308.155, 313.957, 317.811, 319.723, 319.766, 319.778, 319.785, 319.772, 319.765, 319.739, 319.747, 319.751, 319.774, 319.777, 319.791, 319.796, 319.858, 319.889, 319.906], "y": [415.742, 413.93, 413.954, 415.776, 415.78, 415.8, 415.843, 415.842, 415.862, 415.89, 415.896, 415.859, 415.905, 415.884, 415.918, 415.931, 415.902, 415.915, 415.925, 415.89, 415.886, 415.858], "conf": [0.962897, 0.953292, 0.94592, 0.932378, 0.924433, 0.949615, 0.958991, 0.973381, 0.969879, 0.964349, 0.962668, 0.970125, 0.953697, 0.960235, 0.951374, 0.955346, 0.961626, 0.958593, 0.956677, 0.971586, 0.978406, 0.974715]}, "LWrist": {"frame": [0, 1, 2, 3, 4, 5, 6, 7, 8, 9, 10, 11, 12, 13, 14, 15, 16, 17, 18, 19, 20, 21], "x": [274.696, 274.772, 276.806, 278.698, 280.666, 282.606, 284.597, 286.532, 286.552, 286.507, 286.475, 284.603, 284.539, 284.547, 284.588, 286.527, 286.514, 286.549, 286.521, 288.445, 286.531, 284.605], "y": [445.245, 445.255, 445.112, 445.175, 445.194, 445.225, 445.252, 445.217, 445.236, 445.264, 445.284, 445.247, 445.311, 445.238, 445.295, 445.277, 445.267, 445.26, 445.276, 445.219, 445.193, 441.323], "conf": [0.910565, 0.915276, 0.855102, 0.856748, 0.834583, 0.836142, 0.853283, 0.876091, 0.890128, 0.88186, 0.869308, 0.861115, 0.852681, 0.852922, 0.862975, 0.887174, 0.887991, 0.895296, 0.889284, 0.905324, 0.87565, 0.787748]}, "MidHip": {"frame": [0, 1, 2, 3, 4, 5, 6, 7, 8, 9, 10, 11, 12, 13, 14, 15, 16, 17, 18, 19, 20, 21], "x": [272.7, 272.727, 272.792, 272.886, 274.834, 276.732, 276.803, 278.676, 278.699, 278.706, 278.688, 278.684, 276.811, 278.67, 276.804, 278.672, 278.694, 278.702, 280.627, 280.625, 280.636, 278.688], "y": [456.947, 456.955, 456.972, 456.97, 456.976, 456.979, 458.891, 458.877, 458.899, 456.978, 456.984, 458.88, 456.991, 458.893, 458.877, 456.968, 456.981, 456.989, 458.871, 458.949, 460.816, 458.946], "conf": [0.81524, 0.819295, 0.834404, 0.846551, 0.857296, 0.849557, 0.849655, 0.834029, 0.837916, 0.82176, 0.825019, 0.835378, 0.83358, 0.841433, 0.84242, 0.824608, 0.824223, 0.824208, 0.818993, 0.833768, 0.842833, 0.858268]}, "RHip": {"frame": [0, 1, 2, 3, 4, 5, 6, 7, 8, 9, 10, 11, 12, 13, 14, 15, 16, 17, 18, 19, 20, 21], "x": [257.044, 257.084, 257.154, 257.217, 259.182, 261.098, 263, 263.049, 264.948, 264.949, 263.07, 263.068, 263.028, 263.064, 263.029, 263.051, 263.074, 264.949, 265.007, 266.905, 266.913, 264.978], "y": [456.963, 456.967, 456.98, 456.988, 456.962, 456.942, 458.871, 457.005, 458.877, 456.962, 456.961, 457.008, 456.964, 458.87, 456.996, 456.943, 456.964, 456.977, 457.009, 458.937, 460.801, 458.917], "conf": [0.817413, 0.823228, 0.829205, 0.837771, 0.836246, 0.818167, 0.81636, 0.80249, 0.809012, 0.799554, 0.79975, 0.803386, 0.803582, 0.807292, 0.810214, 0.79697, 0.799594, 0.798656, 0.805707, 0.81798, 0.8281, 0.818471]}, "RKnee": {"frame": [0, 1, 2, 3, 4, 5, 6, 7, 8, 9, 10, 11, 12, 13, 14, 15, 16, 17, 18, 19, 20, 21], "x": [255.181, 255.197, 257.052, 257.096, 257.177, 257.232, 259.054, 259.126, 259.135, 259.133, 259.136, 259.148, 259.138, 259.125, 259.134, 259.13, 259.119, 259.115, 259.144, 259.152, 259.13, 259.076], "y": [519.668, 519.634, 515.763, 515.769, 515.787, 515.737, 519.619, 519.652, 517.745, 517.679, 517.693, 515.791, 517.698, 517.724, 517.736, 517.691, 517.691, 517.7, 517.708, 519.618, 517.709, 517.721],