{"Nose": {"frame": [24, 25, 26, 27, 28, 29, 30, 31, 32, 33, 34, 35, 37, 38, 39, 40, 41, 42, 43, 44, 45], "x": [500.068, 498.093, 494.312, 494.302, 494.261, 494.224, 494.255, 496.201, 505.933, 509.893, 519.653, 523.541, 0, 0, 0, 431.425, 0, 0, 0, 0, 0], "y": [306.205, 306.194, 306.235, 308.101, 310.042, 308.115, 311.985, 317.838, 325.725, 345.284, 364.904, 366.789, 0, 0, 0, 398.152, 0, 0, 0, 0, 0], "conf": [0.813802, 0.788738, 0.689064, 0.841884, 0.784389, 0.86532, 0.77624, 0.636634, 0.780046, 0.600169, 0.79504, 0.852352, 0, 0, 0, 0.0928045, 0, 0, 0, 0, 0]}, "Neck": {"frame": [24, 25, 26, 27, 28, 29, 30, 31, 32, 33, 34, 35, 37, 38, 39, 40, 41, 42, 43, 44, 45], "x": [476.642, 476.56, 472.676, 474.531, 474.537, 476.475, 474.575, 476.58, 480.519, 490.253, 494.142, 498.154, 492.203, 480.568, 468.767, 455.051, 445.13, 431.539, 421.699, 413.867, 402.155], "y": [335.544, 335.511, 335.466, 335.535, 335.585, 337.459, 337.513, 339.482, 353.165, 366.859, 382.469, 386.469, 409.937, 411.955, 413.876, 411.841, 402.199, 400.134, 400.216, 406.032, 409.964], "conf": [0.953775, 0.93863, 0.883348, 0.889174, 0.861885, 0.906255, 0.901334, 0.914925, 0.918573, 0.91488, 0.920076, 0.859861, 0.898808, 0.88793, 0.881211, 0.818632, 0.880276, 0.928631, 0.881088, 0.895928, 0.835062]}, "RShoulder": {"frame": [24, 25, 26, 27, 28, 29, 30, 31, 32, 33, 34, 35, 37, 38, 39, 40, 41, 42, 43, 44, 45], "x": [460.984, 460.852, 458.918, 458.861, 456.996, 457.005, 458.965, 462.82, 464.804, 476.489, 476.651, 482.413, 513.805, 500.088, 482.463, 464.791, 456.942, 447.155, 435.425, 429.511, 415.862], "y": [337.382, 335.583, 335.545, 335.603, 337.512, 339.398, 339.491, 347.27, 357.078, 372.703, 384.585, 390.364, 398.291, 402.133, 411.945, 406.079, 400.254, 396.264, 394.257, 398.101, 400.12], "conf": [0.932019, 0.914203, 0.899349, 0.892146, 0.870586, 0.85028, 0.850593, 0.891837, 0.866022, 0.864206, 0.895851, 0.800077, 0.894725, 0.8485, 0.833223, 0.792576, 0.87488, 0.888148, 0.837571, 0.90869, 0.908723]}, "RElbow": {"frame": [24, 25, 26, 27, 28, 29, 30, 31, 32, 33, 34, 35, 37, 38, 39, 40, 41, 42, 43, 44, 45], "x": [460.884, 460.923, 460.966, 462.794, 464.837, 470.684, 464.882, 462.878, 462.969, 460.876, 449.138, 449.203, 552.964, 519.642, 482.49, 478.516, 474.554, 462.815, 458.924, 453.048, 445.256], "y": [382.43, 378.631, 378.564, 378.595, 378.631, 378.59, 382.53, 390.383, 400.274, 413.942, 411.87, 386.449, 382.536, 429.585, 447.13, 445.166, 447.165, 425.616, 421.738, 417.855, 421.74], "conf": [0.926486, 0.89952, 0.911969, 0.919188, 0.8558, 0.825231, 0.913935, 0.918701, 0.92416, 0.908197, 0.876989, 0.721725, 0.846745, 0.370696, 0.779058, 0.311804, 0.663126, 0.412477, 0.19184, 0.185153, 0.189868]}, "RWrist": {"frame": [24, 25, 26, 27, 28, 29, 30, 31, 32, 33, 34, 35, 37, 38, 39, 40, 41, 42, 43, 44, 45], "x": [498.102, 494.235, 492.252, 492.274, 494.251, 494.117, 494.293, 498.155, 484.41, 451.14, 441.254, 464.826, 568.597, 523.555, 464.787, 484.413, 476.518, 462.791, 0, 0, 453.042], "y": [370.839, 364.902, 357.033, 357.09, 353.217, 357.08, 368.865, 396.237, 431.533, 454.994, 443.271, 411.882, 364.884, 447.126, 464.859, 468.748, 486.331, 456.955, 0, 0, 433.48], "conf": [0.838348, 0.895801, 0.920996, 0.902284, 0.909408, 0.862723, 0.887263, 0.865546, 0.903392, 0.831945, 0.869652, 0.521036, 0.735696, 0.106142, 0.834382, 0.24728, 0.779742, 0.513424, 0, 0, 0.0906114]}, "LShoulder": {"frame": [24, 25, 26, 27, 28, 29, 30, 31, 32, 33, 34, 35, 37, 38, 39, 40, 41, 42, 43, 44, 45], "x": [492.214, 492.156, 486.383, 488.31, 488.346, 492.223, 488.329, 490.207, 496.193, 502.033, 509.832, 517.701, 464.785, 462.926, 453.062, 445.168, 429.531, 415.878, 407.974, 398.258, 390.383], "y": [335.521, 335.49, 335.432, 335.504, 335.415, 335.521, 337.382, 337.421, 351.194, 357.062, 370.854, 384.477, 417.815, 417.765, 415.777, 411.942, 407.958, 404.099, 411.938, 415.829, 415.855], "conf": [0.898974, 0.865434, 0.810935, 0.824267, 0.780361, 0.848612, 0.840175, 0.855187, 0.851967, 0.779918, 0.80619, 0.875853, 0.87983, 0.915583, 0.919756, 0.903279, 0.880547, 0.870171, 0.857757, 0.921034, 0.873529]}, "LElbow": {"frame": [24, 25, 26, 27, 28, 29, 30, 31, 32, 33, 34, 35, 37, 38, 39, 40, 41, 42, 43, 44, 45], "x": [492.163, 494.167, 494.305, 502.027, 507.95, 519.696, 507.934, 492.167, 523.605, 513.819, 521.621, 523.649, 460.924, 460.954, 458.907, 458.864, 445.237, 431.503, 425.637, 415.943, 402.173], "y": [370.749, 370.796, 374.676, 368.893, 353.191, 353.096, 364.842, 368.801, 366.88, 353.131, 360.968, 404.064, 458.884, 462.786, 447.277, 429.515, 423.704, 427.572, 439.336, 449.179, 449.142], "conf": [0.644216, 0.567294, 0.57025, 0.540278, 0.404108, 0.532476, 0.385585, 0.535483, 0.415936, 0.521332, 0.669615, 0.73406, 0.870279, 0.919375, 0.840364, 0.909211, 0.878477, 0.927498, 0.835548, 0.867632, 0.759696]}, "LWrist": {"frame": [24, 25, 26, 27, 28, 29, 30, 31, 32, 33, 34, 35, 37, 38, 39, 40, 41, 42, 43, 44, 45], "x": [511.814, 509.959, 507.89, 507.81, 556.952, 543.194, 507.971, 513.791, 541.205, 535.348, 539.253, 529.493, 470.655, 474.632, 443.218, 439.368, 433.445, 431.426, 429.588, 421.729, 398.281], "y": [368.866, 357.102, 355.134, 357.074, 368.762, 384.551, 364.87, 368.74, 368.817, 353.245, 353.15, 413.843, 478.597, 460.808, 449.161, 447.149, 447.116, 458.867, 464.891, 478.558, 478.458], "conf": [0.627511, 0.614712, 0.599246, 0.610182, 0.28853, 0.299292, 0.395447, 0.531905, 0.332325, 0.585329, 0.777306, 0.749295, 0.813757, 0.57692, 0.768781, 0.873686, 0.857637, 0.885705, 0.892954, 0.846897, 0.690126]}, "MidHip": {"frame": [24, 25, 26, 27, 28, 29, 30, 31, 32, 33, 34, 35, 37, 38, 39, 40, 41, 42, 43, 44, 45], "x": [478.555, 478.631, 480.455, 482.414, 488.269, 490.234, 484.382, 482.417, 480.466, 484.391, 482.436, 492.187, 498.14, 505.953, 509.976, 507.838, 496.166, 492.182, 482.479, 478.545, 462.855], "y": [409.941, 409.975, 406.062, 402.131, 404.052, 400.209, 402.1, 411.9, 419.774, 431.507, 445.301, 460.879, 466.771, 451.147, 447.172, 445.121, 443.29, 441.264, 437.422, 447.106, 451.083], "conf": [0.858684, 0.84275, 0.822278, 0.803181, 0.77001, 0.824217, 0.799346, 0.861434, 0.852023, 0.848907, 0.868564, 0.888452, 0.815483, 0.801898, 0.83806, 0.843209, 0.803464, 0.786988, 0.783975, 0.913856, 0.797884]}, "RHip": {"frame": [24, 25, 26, 27, 28, 29, 30, 31, 32, 33, 34, 35, 37, 38, 39, 40, 41, 42, 43, 44, 45], "x": [468.753, 470.699, 472.624, 474.648, 476.635, 478.462, 476.519, 474.615, 470.68, 476.532, 476.578, 482.412, 511.853, 517.717, 523.623, 513.827, 507.872, 500.058, 492.208, 488.28, 464.81], "y": [411.882, 413.788, 411.949, 409.981, 413.8, 409.982, 409.972, 413.915, 425.618, 433.453, 447.172, 460.885, 462.925, 447.271, 445.113, 433.481, 433.477, 429.619, 429.591, 437.385, 447.131], "conf": [0.797479, 0.81099, 0.814431, 0.812222, 0.860006, 0.854161, 0.837381, 0.878897, 0.809038, 0.866153, 0.930586, 0.848533, 0.839211, 0.780056, 0.869154, 0.767761, 0.778298, 0.773229, 0.809219, 0.748698, 0.764184]}, "RKnee": {"frame": [24, 25, 26, 27, 28, 29, 30, 31, 32, 33, 34, 35, 37, 38, 39, 40, 41, 42, 43, 44, 45], "x": [478.474, 476.647, 476.624, 478.564, 480.498, 482.414, 482.494, 480.519, 484.423, 490.316, 498.175, 513.785, 515.778, 523.514, 541.253, 556.93, 564.707, 560.788, 539.171, 496.135, 435.428], "y": [470.695, 472.658, 468.75, 464.881, 466.811, 466.742, 464.796, 470.715, 474.532, 476.63, 488.32, 494.141, 509.906, 494.247, 496.182, 478.463, 449.204, 431.597, 447.18, 464.809, 488.321], "conf": [0.873054, 0.888886, 0.872148, 0.873069, 0.845739, 0.837967, 0.844112, 0.853416, 0.847628, 0.896442, 0.819155, 0.732543, 0.855953, 0.86839, 0.841271, 0.917836, 0.804147, 0.799025, 0.870957, 0.791975, 0.80645]}, "RAnkle": {"frame": [24, 25, 26, 27, 28, 29, 30, 31, 32, 33, 34, 35, 37, 38, 39, 40, 41, 42, 43, 44, 45], "x": [474.545, 472.649, 470.704, 470.653, 466.805, 464.883, 464.799, 462.923, 464.775, 464.881, 472.655, 478.537, 494.125, 515.753, 523.593, 556.982, 603.854, 619.552, 590.26, 527.549, 441.317],