{"Nose": {"frame": [0, 1, 2, 3, 4, 5, 6, 7, 8, 9, 10, 11, 12, 13, 14, 15, 16, 17, 18, 19, 20, 21, 23], "x": [290.482, 292.419, 292.444, 292.405, 290.536, 292.416, 296.293, 298.263, 300.249, 304.053, 304.221, 306.108, 308.088, 310.063, 313.972, 315.938, 315.921, 315.932, 317.82, 313.923, 310.085, 310.089, 315.923], "y": [337.541, 337.57, 337.56, 337.558, 337.548, 337.534, 337.493, 337.506, 337.496, 337.483, 337.499, 337.492, 337.538, 337.563, 337.53, 337.568, 337.564, 337.541, 339.426, 341.428, 343.348, 345.317, 349.261], "conf": [0.964509, 0.922057, 0.922143, 0.930156, 0.949892, 0.937829, 0.91449, 0.900345, 0.903675, 0.935899, 0.9665, 0.95608, 0.91283, 0.888005, 0.888091, 0.889604, 0.886361, 0.893765, 0.885146, 0.83605, 0.839384, 0.834118, 0.86425]}, "Neck": {"frame": [0, 1, 2, 3, 4, 5, 6, 7, 8, 9, 10, 11, 12, 13, 14, 15, 16, 17, 18, 19, 20, 21, 23], "x": [306.222, 308.047, 306.224, 306.192, 306.082, 304.204, 304.082, 300.26, 300.198, 300.255, 304.043, 304.136, 304.231, 306.081, 306.114, 306.161, 306.181, 306.191, 306.193, 306.157, 306.137, 306.23, 308.159], "y": [368.823, 368.834, 368.8, 368.818, 368.805, 368.788, 368.743, 366.93, 366.893, 366.904, 366.922, 366.924, 368.768, 368.744, 368.767, 368.733, 368.742, 368.739, 368.782, 368.755, 366.905, 366.892, 370.772], "conf": [0.947316, 0.94852, 0.956906, 0.958041, 0.962319, 0.975348, 0.955, 0.919198, 0.912766, 0.922929, 0.956988, 0.973756, 0.985337, 0.977817, 0.976363, 0.969372, 0.967619, 0.964767, 0.960288, 0.958618, 0.950922, 0.928601, 0.870573]}, "RShoulder": {"frame": [0, 1, 2, 3, 4, 5, 6, 7, 8, 9, 10, 11, 12, 13, 14, 15, 16, 17, 18, 19, 20, 21, 23], "x": [288.441, 288.474, 288.462, 288.417, 286.5, 280.667, 276.769, 274.784, 274.776, 274.829, 276.782, 278.728, 282.612, 284.598, 286.505, 286.562, 286.573, 288.382, 288.402, 288.425, 288.392, 288.496, 288.464], "y": [368.844, 368.852, 368.813, 368.823, 368.771, 368.76, 368.738, 366.951, 366.933, 366.952, 368.722, 368.737, 368.789, 368.761, 368.816, 368.775, 368.795, 368.784, 368.842, 368.762, 366.838, 366.752, 372.749], "conf": [0.974342, 0.976644, 0.979982, 0.963484, 0.930641, 0.897154, 0.91743, 0.948548, 0.949548, 0.941129, 0.913264, 0.902042, 0.906569, 0.921819, 0.933788, 0.949066, 0.946898, 0.95132, 0.947839, 0.953893, 0.924243, 0.895619, 0.823248]}, "RElbow": {"frame": [0, 1, 2, 3, 4, 5, 6, 7, 8, 9, 10, 11, 12, 13, 14, 15, 16, 17, 18, 19, 20, 21, 23], "x": [276.767, 278.732, 276.809, 276.741, 274.841, 274.761, 272.905, 272.747, 272.739, 272.775, 272.881, 274.762, 274.811, 274.825, 274.869, 274.888, 274.898, 276.698, 276.751, 276.789, 274.822, 274.713, 280.652], "y": [407.959, 407.969, 408.001, 406.077, 404.066, 404.112, 402.196, 404.074, 404.083, 404.128, 402.2, 404.086, 404.048, 404.113, 407.99, 406.025, 406.078, 406.007, 411.947, 404.049, 400.231, 398.156, 404.067], "conf": [0.834018, 0.802021, 0.82035, 0.828082, 0.873953, 0.900689, 0.907965, 0.870252, 0.856147, 0.861538, 0.903486, 0.884795, 0.887723, 0.877079, 0.846217, 0.85211, 0.838977, 0.834771, 0.836982, 0.76074, 0.780711, 0.91997, 0.385467]}, "RWrist": {"frame": [0, 1, 2, 3, 4, 5, 6, 7, 8, 9, 10, 11, 12, 13, 14, 15, 16, 17, 18, 19, 20, 21, 23], "x": [286.556, 288.381, 286.574, 286.476, 284.596, 282.607, 276.709, 274.832, 274.822, 274.871, 274.84, 280.641, 280.682, 284.608, 284.577, 286.49, 286.49, 284.569, 286.515, 276.722, 288.534, 292.4, 286.555], "y": [433.48, 433.526, 433.504, 433.472, 431.599, 431.603, 431.592, 431.595, 431.587, 431.58, 431.563, 431.584, 431.592, 431.602, 433.449, 431.603, 431.605, 431.583, 431.565, 423.669, 411.842, 400.161, 398.17], "conf": [0.892584, 0.889664, 0.856682, 0.845493, 0.833696, 0.852405, 0.887003, 0.881626, 0.877948, 0.857535, 0.910564, 0.863505, 0.868268, 0.848747, 0.825937, 0.860289, 0.860776, 0.853012, 0.833001, 0.705361, 0.722331, 0.870556, 0.219605]}, "LShoulder": {"frame": [0, 1, 2, 3, 4, 5, 6, 7, 8, 9, 10, 11, 12, 13, 14, 15, 16, 17, 18, 19, 20, 21, 23], "x": [333.477, 333.516, 333.476, 331.621, 327.678, 325.685, 321.896, 321.769, 319.923, 321.72, 321.861, 323.771, 327.654, 329.653, 331.545, 331.598, 333.489, 333.5, 333.489, 329.635, 327.709, 331.613, 335.417], "y": [368.798, 368.804, 368.789, 368.819, 368.828, 368.814, 368.75, 366.919, 366.856, 366.846, 366.877, 366.892, 368.753, 368.733, 368.72, 366.931, 366.924, 366.926, 368.741, 368.772, 368.755, 368.805, 368.936], "conf": [0.906142, 0.912307, 0.905168, 0.90264, 0.899244, 0.908793, 0.932228, 0.94414, 0.941448, 0.936915, 0.932288, 0.919225, 0.917509, 0.915637, 0.914945, 0.92039, 0.924241, 0.924564, 0.927344, 0.91282, 0.912978, 0.912003, 0.881861]}, "LElbow": {"frame": [0, 1, 2, 3, 4, 5, 6, 7, 8, 9, 10, 11, 12, 13, 14, 15, 16, 17, 18, 19, 20, 21, 23], "x": [349.146, 349.177, 347.276, 345.298, 341.41, 339.456, 337.511, 337.428, 337.408, 337.464, 337.513, 339.427, 339.489, 339.505, 343.318, 345.283, 345.29, 345.31, 347.265, 349.145, 347.259, 343.348, 347.266], "y": [411.87, 411.902, 411.952, 413.779, 413.775, 411.933, 411.846, 408.032, 407.972, 407.976, 408.009, 409.911, 411.888, 411.945, 411.901, 411.877, 411.892, 411.89, 411.929, 411.879, 411.857, 411.923, 413.921], "conf": [0.878677, 0.891638, 0.891587, 0.879765, 0.882909, 0.891874, 0.904302, 0.907139, 0.906531, 0.899148, 0.892942, 0.862999, 0.875957, 0.885472, 0.863482, 0.864119, 0.869699, 0.870238, 0.887181, 0.871914, 0.855609, 0.862344, 0.897295]}, "LWrist": {"frame": [0, 1, 2, 3, 4, 5, 6, 7, 8, 9, 10, 11, 12, 13, 14, 15, 16, 17, 18, 19, 20, 21, 23], "x": [319.841, 319.732, 317.854, 313.949, 311.979, 310.045, 308.074, 306.194, 306.185, 306.186, 308.107, 311.973, 311.986, 310.058, 311.984, 313.936, 313.978, 315.87, 313.957, 312.024, 317.842, 317.881, 306.157], "y": [437.389, 439.31, 439.346, 439.378, 441.294, 441.274, 439.307, 439.323, 437.377, 437.415, 437.406, 437.374, 439.359, 439.321, 437.407, 435.478, 435.473, 435.469, 431.614, 427.605, 413.942, 408.033, 411.946], "conf": [0.86344, 0.851933, 0.837522, 0.802442, 0.832974, 0.829075, 0.830623, 0.846563, 0.850911, 0.855989, 0.824009, 0.809567, 0.833317, 0.837461, 0.832285, 0.829438, 0.831432, 0.830912, 0.855342, 0.834092, 0.845159, 0.792291, 0.804247]}, "MidHip": {"frame": [0, 1, 2, 3, 4, 5, 6, 7, 8, 9, 10, 11, 12, 13, 14, 15, 16, 17, 18, 19, 20, 21, 23], "x": [308.166, 310.019, 308.152, 308.094, 306.146, 306.033, 304.183, 304.117, 304.115, 304.161, 304.21, 306.044, 306.077, 306.122, 306.148, 306.156, 306.168, 306.179, 306.197, 306.099, 306.089, 308.083, 321.787], "y": [453.08, 453.088, 453.092, 453.066, 455.021, 453.051, 451.11, 451.114, 451.099, 451.066, 451.117, 451.093, 453.066, 453.037, 451.144, 451.141, 453.034, 453.066, 451.135, 449.115, 445.256, 441.307, 447.191], "conf": [0.825626, 0.826315, 0.830292, 0.83801, 0.860501, 0.852247, 0.857539, 0.84411, 0.843402, 0.850102, 0.857044, 0.861542, 0.860434, 0.857548, 0.85997, 0.864165, 0.864749, 0.862749, 0.863185, 0.888978, 0.92303, 0.836031, 0.79749]}, "RHip": {"frame": [0, 1, 2, 3, 4, 5, 6, 7, 8, 9, 10, 11, 12, 13, 14, 15, 16, 17, 18, 19, 20, 21, 23], "x": [294.362, 294.367, 294.352, 292.447, 290.474, 288.584, 288.505, 288.437, 288.443, 288.486, 288.531, 290.368, 290.392, 290.453, 290.494, 290.501, 290.508, 290.515, 292.38, 290.48, 290.522, 298.256, 306.163], "y": [453.089, 454.986, 454.994, 453.083, 454.999, 453.053, 453.028, 453.04, 453.032, 451.122, 453.045, 451.118, 453.045, 451.14, 451.134, 451.132, 453.025, 453.048, 451.138, 447.275, 445.213, 439.375, 449.159], "conf": [0.801921, 0.80189, 0.806245, 0.812197, 0.842967, 0.84616, 0.849457, 0.835446, 0.837406, 0.841787, 0.850341, 0.856022, 0.853431, 0.846486, 0.846723, 0.848595, 0.849536, 0.84681, 0.840334, 0.870117, 0.897933, 0.792588, 0.779056]}, "RKnee": {"frame": [0, 1, 2, 3, 4, 5, 6, 7, 8, 9, 10, 11, 12, 13, 14, 15, 16, 17, 18, 19, 20, 21, 23], "x": [290.453, 290.459, 290.436, 288.56, 288.425, 288.399, 286.565, 286.534, 286.564, 288.374, 288.423, 288.467, 288.538, 288.583, 290.398, 290.429, 290.46, 290.455, 288.47, 288.378, 288.387, 288.545, 288.541],