{"Nose": {"frame": [32, 33, 34, 35, 36, 37, 38, 39, 40, 41, 42, 43, 44, 45, 46, 47, 48, 49, 50, 51, 52, 53, 54], "x": [523.632, 527.53, 539.204, 541.129, 533.403, 0, 0, 0, 0, 0, 0, 0, 0, 0, 0, 0, 0, 0, 0, 0, 0, 0, 0], "y": [343.331, 355.119, 368.812, 364.926, 368.885, 0, 0, 0, 0, 0, 0, 0, 0, 0, 0, 0, 0, 0, 0, 0, 0, 0, 0], "conf": [0.607008, 0.70418, 0.756394, 0.773289, 0.12394, 0, 0, 0, 0, 0, 0, 0, 0, 0, 0, 0, 0, 0, 0, 0, 0, 0, 0]}, "Neck": {"frame": [32, 33, 34, 35, 36, 37, 38, 39, 40, 41, 42, 43, 44, 45, 46, 47, 48, 49, 50, 51, 52, 53, 54], "x": [498.163, 507.977, 513.789, 519.627, 511.863, 511.866, 509.983, 505.922, 500.054, 496.221, 494.176, 494.132, 492.21, 492.282, 492.327, 494.201, 498.098, 500.116, 505.878, 505.911, 505.929, 509.854, 511.89], "y": [368.803, 382.521, 384.599, 384.563, 398.104, 400.175, 400.158, 400.091, 398.272, 398.194, 398.145, 394.32, 396.189, 396.278, 394.31, 386.43, 384.564, 380.578, 372.723, 368.777, 364.86, 355.083, 353.204], "conf": [0.913363, 0.973354, 0.878741, 0.872876, 0.888673, 0.898302, 0.930297, 0.903215, 0.87885, 0.863818, 0.861211, 0.836472, 0.824891, 0.859614, 0.857595, 0.86212, 0.817844, 0.786679, 0.769213, 0.845289, 0.80723, 0.879238, 0.904631]}, "RShoulder": {"frame": [32, 33, 34, 35, 36, 37, 38, 39, 40, 41, 42, 43, 44, 45, 46, 47, 48, 49, 50, 51, 52, 53, 54], "x": [484.381, 492.213, 494.299, 504.007, 527.574, 539.288, 533.396, 521.618, 509.93, 509.854, 505.949, 503.962, 496.222, 496.224, 496.207, 500.086, 505.94, 507.802, 507.902, 507.874, 507.864, 517.732, 525.505], "y": [372.724, 384.591, 394.231, 386.525, 392.341, 394.274, 394.306, 398.157, 398.133, 398.122, 396.256, 388.438, 386.527, 386.505, 384.502, 382.455, 382.433, 370.806, 368.786, 364.936, 357.042, 351.191, 351.089], "conf": [0.844328, 0.923633, 0.831072, 0.776747, 0.805584, 0.88426, 0.826437, 0.870614, 0.880358, 0.854256, 0.766663, 0.777579, 0.792966, 0.813982, 0.859016, 0.833345, 0.868683, 0.847165, 0.887224, 0.857976, 0.837967, 0.831106, 0.918711]}, "RElbow": {"frame": [32, 33, 34, 35, 36, 37, 38, 39, 40, 41, 42, 43, 44, 45, 46, 47, 48, 49, 50, 51, 52, 53, 54], "x": [478.559, 468.773, 462.885, 466.754, 525.514, 582.38, 545.153, 509.826, 521.594, 521.632, 521.592, 513.844, 509.927, 503.964, 490.21, 482.463, 482.456, 490.28, 496.186, 507.951, 513.765, 523.582, 541.268], "y": [423.685, 425.649, 407.966, 384.549, 378.617, 376.674, 417.849, 441.318, 431.458, 433.451, 443.26, 433.502, 431.498, 429.596, 417.797, 417.822, 421.676, 421.719, 415.9, 413.806, 402.153, 396.246, 390.348], "conf": [0.87122, 0.834377, 0.889912, 0.832211, 0.687351, 0.796172, 0.262978, 0.594444, 0.810437, 0.802308, 0.798346, 0.794558, 0.354132, 0.374656, 0.786219, 0.83738, 0.829938, 0.849721, 0.870647, 0.908292, 0.778964, 0.336728, 0.2457]}, "RWrist": {"frame": [32, 33, 34, 35, 36, 37, 38, 39, 40, 41, 42, 43, 44, 45, 46, 47, 48, 49, 50, 51, 52, 53, 54], "x": [496.188, 460.921, 449.216, 494.135, 519.661, 603.897, 0, 480.549, 509.976, 523.5, 523.518, 509.877, 494.197, 480.509, 464.831, 455.051, 455.038, 462.824, 478.446, 494.294, 509.963, 519.679, 523.578], "y": [457.003, 462.766, 443.213, 409.976, 357.074, 353.107, 0, 462.813, 453.058, 466.823, 480.486, 476.519, 460.884, 439.364, 445.184, 447.113, 447.295, 451.126, 451.14, 445.224, 433.509, 427.588, 415.848], "conf": [0.853155, 1.00116, 0.886927, 0.776406, 0.779873, 0.701098, 0, 0.622077, 0.844961, 0.868308, 0.899201, 0.92082, 0.417362, 0.344739, 0.90468, 0.88352, 0.870678, 0.889986, 0.902286, 0.905596, 0.850064, 0.39437, 0.140048]}, "LShoulder": {"frame": [32, 33, 34, 35, 36, 37, 38, 39, 40, 41, 42, 43, 44, 45, 46, 47, 48, 49, 50, 51, 52, 53, 54], "x": [513.795, 525.518, 533.413, 537.253, 494.283, 488.351, 492.228, 488.326, 488.321, 488.287, 486.33, 486.338, 482.459, 488.275, 490.288, 492.192, 494.265, 496.204, 500.093, 500.105, 502.026, 504.024, 503.976], "y": [366.831, 372.715, 382.565, 382.603, 400.082, 411.865, 409.967, 402.097, 400.161, 398.299, 398.2, 398.137, 398.208, 400.185, 400.133, 396.259, 396.165, 384.441, 378.641, 370.818, 366.848, 360.992, 361.014], "conf": [0.871068, 0.869915, 0.881452, 0.87866, 0.896613, 0.857993, 0.895295, 0.870169, 0.930359, 0.936273, 0.927379, 0.907207, 0.90069, 0.893412, 0.89387, 0.870543, 0.84546, 0.876074, 0.816651, 0.831856, 0.865655, 0.843335, 0.849718]}, "LElbow": {"frame": [32, 33, 34, 35, 36, 37, 38, 39, 40, 41, 42, 43, 44, 45, 46, 47, 48, 49, 50, 51, 52, 53, 54], "x": [527.487, 558.905, 547.115, 525.607, 480.53, 486.392, 490.226, 490.306, 494.266, 503.944, 505.919, 507.796, 507.82, 509.881, 509.913, 511.805, 517.699, 521.664, 523.625, 525.509, 527.469, 525.552, 521.55], "y": [382.609, 368.92, 368.801, 409.974, 431.528, 453.034, 453.052, 445.188, 431.568, 427.62, 425.628, 427.561, 429.607, 431.482, 429.635, 427.557, 427.556, 417.752, 413.908, 406.035, 398.216, 398.2, 400.096], "conf": [0.639349, 0.741959, 0.755713, 0.771687, 0.815245, 0.745077, 0.796654, 0.780443, 0.899863, 0.879178, 0.860788, 0.895236, 0.962326, 0.964005, 0.970759, 0.90404, 0.848808, 0.901982, 0.934818, 0.839385, 0.815464, 0.875226, 0.895977]}, "LWrist": {"frame": [32, 33, 34, 35, 36, 37, 38, 39, 40, 41, 42, 43, 44, 45, 46, 47, 48, 49, 50, 51, 52, 53, 54], "x": [556.966, 586.24, 564.704, 541.328, 480.462, 492.144, 486.393, 480.472, 474.57, 478.551, 484.43, 490.224, 492.123, 490.303, 502.008, 507.886, 509.9, 521.616, 525.511, 531.432, 535.356, 525.601, 523.6], "y": [388.457, 372.788, 364.898, 419.787, 449.138, 468.743, 451.133, 456.961, 439.365, 439.376, 443.295, 445.177, 458.899, 458.856, 460.846, 460.955, 464.866, 462.788, 458.908, 447.126, 437.392, 431.485, 431.438], "conf": [0.697698, 0.721166, 0.751266, 0.80437, 0.549015, 0.605899, 0.356677, 0.283837, 0.816617, 0.878103, 0.828507, 0.820946, 0.8095, 0.855792, 0.869849, 0.961045, 0.903225, 0.885036, 0.89646, 0.847215, 0.798554, 0.929057, 0.925307]}, "MidHip": {"frame": [32, 33, 34, 35, 36, 37, 38, 39, 40, 41, 42, 43, 44, 45, 46, 47, 48, 49, 50, 51, 52, 53, 54], "x": [494.131, 494.164, 500.052, 509.871, 515.765, 523.471, 533.38, 541.296, 552.957, 552.944, 552.949, 554.986, 556.958, 558.866, 558.842, 558.878, 562.769, 564.756, 562.769, 558.882, 556.911, 556.842, 554.969], "y": [437.401, 447.175, 457.011, 462.81, 462.95, 462.953, 447.276, 439.313, 431.607, 429.578, 429.482, 427.529, 421.734, 425.608, 423.648, 421.723, 425.588, 425.602, 419.753, 417.852, 417.824, 415.849, 417.769], "conf": [0.883961, 0.948031, 0.844354, 0.912409, 0.808585, 0.845223, 0.815403, 0.819493, 0.843925, 0.86382, 0.834805, 0.810073, 0.797784, 0.802779, 0.818122, 0.825401, 0.790205, 0.782804, 0.774621, 0.761881, 0.802998, 0.832466, 0.814906]}, "RHip": {"frame": [32, 33, 34, 35, 36, 37, 38, 39, 40, 41, 42, 43, 44, 45, 46, 47, 48, 49, 50, 51, 52, 53, 54], "x": [480.477, 482.426, 492.203, 503.957, 529.431, 537.269, 549.024, 556.866, 562.781, 560.846, 558.846, 566.669, 568.603, 570.533, 570.523, 570.524, 570.658, 572.558, 570.687, 570.578, 568.652, 568.662, 568.619], "y": [443.237, 447.262, 458.948, 462.855, 462.937, 462.853, 447.11, 431.602, 429.571, 425.584, 419.747, 415.88, 413.898, 415.808, 415.803, 415.843, 417.783, 417.794, 415.854, 413.934, 413.907, 411.916, 413.828], "conf": [0.864926, 0.871326, 0.923896, 0.843691, 0.800134, 0.829276, 0.800901, 0.848181, 0.858299, 0.804873, 0.775818, 0.764605, 0.764836, 0.823101, 0.840298, 0.829268, 0.810551, 0.809725, 0.844249, 0.792067, 0.786728, 0.777741, 0.790152]}, "RKnee": {"frame": [32, 33, 34, 35, 36, 37, 38, 39, 40, 41, 42, 43, 44, 45, 46, 47, 48, 49, 50, 51, 52, 53, 54], "x": [500.103, 507.902, 517.681, 523.548, 525.657, 539.277, 552.929, 564.759, 590.173, 607.821, 619.615, 625.487, 621.512, 619.541, 611.743, 605.85, 588.261, 572.592, 572.508, 572.643, 574.567, 576.45, 576.453], "y": [488.327, 488.333, 498.1, 509.854, 509.962, 511.838, 492.233, 476.518, 478.59, 460.894, 445.286, 437.371, 443.23, 449.169, 460.899, 470.72, 478.574, 486.338, 480.562, 480.564, 480.538, 478.468, 478.462],