{"Nose": {"frame": [30, 31, 32, 33, 34, 35, 36, 37, 38, 39, 40, 41, 42, 43, 44, 45, 46, 47, 48, 49, 50, 51, 52], "x": [543.243, 554.964, 560.863, 568.612, 558.817, 554.856, 0, 0, 494.193, 0, 0, 0, 0, 0, 0, 0, 0, 427.604, 415.801, 411.857, 408.025, 409.922, 413.901], "y": [321.766, 335.5, 351.078, 351.145, 351.23, 368.736, 0, 0, 386.417, 0, 0, 0, 0, 0, 0, 0, 0, 349.185, 339.488, 333.582, 321.758, 312.027, 306.121], "conf": [0.109238, 0.682951, 0.464001, 0.565028, 0.722017, 0.0862283, 0, 0, 0.193979, 0, 0, 0, 0, 0, 0, 0, 0, 0.248138, 0.829542, 0.887659, 0.902749, 0.845012, 0.950008]}, "Neck": {"frame": [30, 31, 32, 33, 34, 35, 36, 37, 38, 39, 40, 41, 42, 43, 44, 45, 46, 47, 48, 49, 50, 51, 52], "x": [523.484, 525.632, 539.278, 543.223, 541.299, 541.266, 539.236, 533.345, 523.518, 517.731, 507.951, 504.022, 494.247, 490.262, 484.414, 478.518, 470.654, 458.962, 447.197, 445.188, 443.185, 443.245, 445.175], "y": [351.125, 364.88, 372.78, 380.549, 382.449, 400.084, 411.949, 413.789, 404.131, 400.093, 398.112, 396.218, 398.122, 396.167, 390.361, 382.584, 372.727, 370.753, 368.754, 362.905, 351.2, 341.397, 337.533], "conf": [0.911571, 0.924687, 0.902915, 0.886725, 0.894473, 0.926289, 0.908098, 0.85293, 0.843015, 0.861167, 0.892258, 0.839087, 0.891049, 0.806246, 0.798905, 0.925682, 0.75642, 0.846901, 0.948813, 0.888972, 0.910232, 0.870939, 0.947269]}, "RShoulder": {"frame": [30, 31, 32, 33, 34, 35, 36, 37, 38, 39, 40, 41, 42, 43, 44, 45, 46, 47, 48, 49, 50, 51, 52], "x": [507.92, 509.95, 523.571, 525.545, 525.564, 566.719, 562.745, 552.968, 531.4, 529.443, 523.576, 515.758, 507.926, 494.297, 494.149, 484.421, 474.549, 451.143, 435.423, 429.548, 427.508, 423.688, 427.527], "y": [353.161, 368.803, 382.462, 382.604, 384.428, 388.463, 398.264, 409.985, 404.085, 400.133, 396.185, 392.292, 386.476, 384.487, 380.58, 372.732, 368.732, 372.742, 376.644, 368.786, 355.132, 349.218, 341.393], "conf": [0.936652, 0.926217, 0.923927, 0.906879, 0.903243, 0.826824, 0.846899, 0.81329, 0.762971, 0.81388, 0.828119, 0.772047, 0.841403, 0.854672, 0.874913, 0.805981, 0.855889, 0.784831, 0.817336, 0.926317, 0.860422, 0.852943, 0.851594]}, "RElbow": {"frame": [30, 31, 32, 33, 34, 35, 36, 37, 38, 39, 40, 41, 42, 43, 44, 45, 46, 47, 48, 49, 50, 51, 52], "x": [505.872, 505.93, 494.291, 486.345, 488.274, 586.345, 601.879, 539.159, 541.221, 541.278, 541.13, 552.918, 523.586, 521.594, 486.39, 480.487, 472.676, 458.93, 445.1, 431.53, 423.661, 417.793, 415.783], "y": [404.065, 419.757, 421.715, 398.151, 382.598, 362.973, 388.392, 462.836, 447.24, 445.156, 447.192, 437.363, 427.568, 429.483, 413.812, 409.935, 415.763, 429.46, 429.595, 423.689, 400.263, 382.548, 380.534], "conf": [0.854888, 0.834285, 0.887465, 0.882354, 0.884838, 0.864281, 0.733337, 0.743417, 0.777158, 0.819217, 0.843481, 0.300774, 0.431346, 0.280459, 0.100221, 0.697025, 0.861133, 0.899855, 0.941904, 0.886304, 0.869107, 0.852074, 0.865672]}, "RWrist": {"frame": [30, 31, 32, 33, 34, 35, 36, 37, 38, 39, 40, 41, 42, 43, 44, 45, 46, 47, 48, 49, 50, 51, 52], "x": [529.442, 509.924, 482.495, 490.265, 523.651, 552.984, 631.345, 505.938, 517.7, 539.19, 537.216, 531.429, 504.014, 507.897, 0, 458.941, 447.093, 431.62, 429.494, 419.762, 413.861, 411.956, 402.156], "y": [429.59, 462.918, 462.829, 439.324, 366.851, 355.176, 386.45, 490.269, 447.167, 478.639, 492.248, 453.042, 451.113, 456.994, 0, 427.571, 447.169, 462.802, 464.842, 447.168, 429.579, 400.259, 398.252], "conf": [0.920045, 0.917784, 0.934511, 0.800111, 0.807138, 0.859726, 0.467033, 0.778722, 0.737274, 0.907334, 0.870576, 0.478397, 0.358685, 0.267177, 0, 0.806403, 0.944577, 0.944656, 0.899385, 0.920012, 0.950855, 0.874427, 0.918347]}, "LShoulder": {"frame": [30, 31, 32, 33, 34, 35, 36, 37, 38, 39, 40, 41, 42, 43, 44, 45, 46, 47, 48, 49, 50, 51, 52], "x": [535.338, 541.3, 554.909, 566.683, 558.912, 521.627, 511.854, 511.801, 509.908, 507.824, 494.147, 492.182, 482.427, 478.568, 476.613, 474.606, 466.765, 462.767, 460.881, 460.791, 458.89, 460.849, 462.772], "y": [345.272, 355.146, 366.814, 372.711, 378.584, 409.922, 423.656, 415.759, 404.111, 398.242, 398.217, 398.186, 400.223, 400.115, 400.13, 392.287, 380.582, 368.811, 362.892, 353.143, 345.278, 337.49, 335.588], "conf": [0.752269, 0.859017, 0.866021, 0.824294, 0.74939, 0.847233, 0.843292, 0.943871, 0.890263, 0.946169, 0.977956, 0.936622, 0.883455, 0.931346, 0.9148, 0.847814, 0.846551, 0.947417, 0.895044, 0.893856, 0.828018, 0.934473, 0.952239]}, "LElbow": {"frame": [30, 31, 32, 33, 34, 35, 36, 37, 38, 39, 40, 41, 42, 43, 44, 45, 46, 47, 48, 49, 50, 51, 52], "x": [539.176, 554.884, 574.523, 588.264, 556.947, 507.945, 517.691, 509.967, 511.867, 515.761, 511.891, 509.942, 509.845, 507.995, 507.83, 496.206, 494.154, 488.326, 486.372, 488.348, 488.334, 488.347, 486.338], "y": [372.777, 368.927, 359.056, 368.838, 411.901, 460.817, 478.542, 462.957, 431.612, 417.784, 415.853, 419.753, 431.527, 433.528, 439.306, 429.634, 419.758, 404.122, 398.242, 384.549, 378.619, 376.679, 376.617], "conf": [0.697918, 0.776193, 0.658433, 0.681153, 0.357435, 0.918044, 0.809078, 0.865443, 0.896761, 0.86666, 0.907601, 0.88446, 0.983207, 0.939219, 0.898546, 0.970315, 0.908189, 0.833112, 0.90736, 0.885235, 0.859713, 0.858404, 0.845242]}, "LWrist": {"frame": [30, 31, 32, 33, 34, 35, 36, 37, 38, 39, 40, 41, 42, 43, 44, 45, 46, 47, 48, 49, 50, 51, 52], "x": [564.762, 574.588, 586.326, 584.338, 574.496, 523.492, 527.516, 0, 494.22, 496.129, 505.943, 509.814, 509.829, 507.987, 505.91, 498.095, 494.209, 492.192, 490.237, 492.163, 492.23, 490.24, 480.526], "y": [370.824, 370.845, 357.051, 355.154, 427.553, 490.263, 484.379, 0, 449.173, 447.129, 447.279, 458.923, 466.789, 472.651, 474.644, 474.549, 462.959, 455.003, 445.235, 429.439, 415.894, 415.845, 415.775], "conf": [0.764218, 0.813516, 0.766155, 0.746174, 0.488237, 0.784645, 0.375156, 0, 0.871313, 0.92961, 0.864643, 0.894513, 0.899272, 0.899054, 0.877934, 0.857797, 0.934808, 0.857371, 0.877862, 0.86046, 0.882955, 0.875641, 0.879038]}, "MidHip": {"frame": [30, 31, 32, 33, 34, 35, 36, 37, 38, 39, 40, 41, 42, 43, 44, 45, 46, 47, 48, 49, 50, 51, 52], "x": [525.484, 529.437, 527.476, 539.198, 552.905, 552.939, 556.97, 570.604, 576.458, 572.599, 572.556, 572.609, 572.616, 570.654, 564.723, 554.973, 529.438, 505.927, 488.277, 476.503, 468.713, 464.845, 460.971], "y": [429.464, 441.331, 451.132, 460.951, 464.787, 470.723, 462.799, 445.226, 445.153, 431.584, 429.521, 429.453, 427.536, 427.626, 429.569, 431.445, 435.449, 445.213, 445.29, 443.266, 431.598, 427.534, 423.691], "conf": [0.905349, 0.850933, 0.852506, 0.917747, 0.814576, 0.774279, 0.866991, 0.857424, 0.800082, 0.801325, 0.805226, 0.811282, 0.82381, 0.849872, 0.828976, 0.832913, 0.774822, 0.854501, 0.853406, 0.85201, 0.837931, 0.846761, 0.846655]}, "RHip": {"frame": [30, 31, 32, 33, 34, 35, 36, 37, 38, 39, 40, 41, 42, 43, 44, 45, 46, 47, 48, 49, 50, 51, 52], "x": [511.824, 521.633, 519.643, 527.507, 541.148, 570.497, 572.661, 588.168, 588.296, 586.272, 584.29, 584.285, 584.297, 578.465, 572.575, 556.963, 523.517, 492.221, 474.596, 460.94, 456.947, 453.041, 447.27], "y": [429.629, 445.126, 455.001, 462.806, 464.831, 466.766, 458.922, 441.298, 433.47, 425.639, 415.926, 415.861, 415.757, 415.875, 419.731, 427.544, 435.404, 445.27, 447.143, 443.262, 433.467, 427.555, 423.705], "conf": [0.873036, 0.86668, 0.817837, 0.868254, 0.799734, 0.771581, 0.832459, 0.794955, 0.82696, 0.799777, 0.778181, 0.754827, 0.786685, 0.790834, 0.798522, 0.744059, 0.75034, 0.814686, 0.875048, 0.869509, 0.831725, 0.833187, 0.838599]}, "RKnee": {"frame": [30, 31, 32, 33, 34, 35, 36, 37, 38, 39, 40, 41, 42, 43, 44, 45, 46, 47, 48, 49, 50, 51, 52], "x": [529.481, 537.313, 543.236, 554.899, 558.925, 568.675, 582.33, 592.134, 629.394, 645.009, 652.851, 650.858, 645.014, 619.68, 588.218, 525.625, 482.436, 460.839, 433.513, 431.518, 431.56, 431.587, 431.572],