{"Nose": {"frame": [1, 2, 3, 4, 5, 6, 7, 8, 9, 10, 11, 12, 13, 14, 15, 16, 17, 18, 19, 20, 21, 22, 23], "x": [290.376, 290.556, 294.402, 298.28, 300.266, 300.261, 300.272, 300.273, 302.217, 304.12, 304.221, 306.086, 306.191, 308.117, 310.089, 317.805, 317.901, 319.778, 319.774, 319.764, 319.735, 319.775, 317.912], "y": [345.285, 347.235, 347.225, 347.213, 345.319, 345.305, 345.337, 347.238, 343.361, 345.327, 345.297, 345.317, 345.294, 345.295, 345.318, 345.309, 345.284, 347.233, 347.256, 349.165, 351.178, 353.092, 353.211], "conf": [0.920968, 0.896492, 0.853417, 0.849333, 0.861112, 0.861502, 0.86593, 0.876044, 0.883809, 0.902732, 0.909751, 0.897078, 0.884567, 0.864664, 0.85098, 0.858748, 0.876388, 0.89938, 0.900914, 0.901279, 0.928848, 0.928632, 0.887543]}, "Neck": {"frame": [1, 2, 3, 4, 5, 6, 7, 8, 9, 10, 11, 12, 13, 14, 15, 16, 17, 18, 19, 20, 21, 22, 23], "x": [306.125, 308.096, 310.09, 313.996, 313.992, 313.937, 310.038, 308.057, 306.113, 304.172, 304.132, 304.16, 304.215, 306.079, 306.165, 308.087, 310.023, 310.048, 310.041, 310.034, 310.025, 311.968, 315.928], "y": [370.77, 370.749, 370.801, 370.801, 370.809, 370.777, 370.76, 370.781, 370.757, 368.883, 368.85, 368.848, 368.901, 368.908, 370.747, 370.78, 370.756, 370.789, 370.796, 368.931, 370.784, 372.702, 376.65], "conf": [0.931172, 0.907128, 0.878295, 0.873253, 0.872557, 0.881917, 0.899534, 0.923962, 0.951479, 0.96545, 0.968985, 0.971181, 0.969282, 0.957898, 0.946401, 0.92237, 0.907644, 0.904177, 0.906077, 0.915643, 0.89253, 0.847663, 0.824306]}, "RShoulder": {"frame": [1, 2, 3, 4, 5, 6, 7, 8, 9, 10, 11, 12, 13, 14, 15, 16, 17, 18, 19, 20, 21, 22, 23], "x": [288.441, 290.386, 290.535, 292.39, 290.556, 290.543, 290.453, 288.528, 288.375, 284.602, 284.547, 284.577, 284.606, 286.559, 288.45, 288.536, 290.4, 290.432, 290.447, 290.506, 290.476, 292.395, 294.356], "y": [370.809, 368.904, 370.778, 370.756, 370.755, 368.896, 368.927, 370.749, 370.745, 368.915, 368.898, 368.908, 370.776, 370.742, 370.797, 370.825, 370.79, 370.811, 370.821, 368.921, 368.897, 370.767, 372.72], "conf": [0.923512, 0.961729, 0.914567, 0.906547, 0.913314, 0.934027, 0.946741, 0.962586, 0.930512, 0.904427, 0.897116, 0.89802, 0.885423, 0.926751, 0.940727, 0.938378, 0.936785, 0.93816, 0.932944, 0.928456, 0.927023, 0.866101, 0.81028]}, "RElbow": {"frame": [1, 2, 3, 4, 5, 6, 7, 8, 9, 10, 11, 12, 13, 14, 15, 16, 17, 18, 19, 20, 21, 22, 23], "x": [286.53, 288.48, 290.433, 290.52, 290.496, 290.453, 288.495, 286.508, 286.456, 276.784, 276.77, 276.805, 276.755, 280.669, 284.575, 284.607, 286.492, 286.527, 288.417, 288.514, 292.4, 286.479, 288.554], "y": [407.972, 407.981, 404.095, 402.104, 402.176, 402.119, 406.067, 406.013, 402.182, 404.049, 400.274, 402.106, 406.012, 404.055, 404.101, 409.916, 406.018, 406.072, 407.977, 400.226, 400.124, 404.106, 404.08], "conf": [0.811831, 0.870215, 0.882292, 0.88901, 0.881122, 0.900152, 0.871977, 0.835363, 0.835032, 0.862405, 0.889255, 0.875072, 0.859711, 0.82752, 0.815763, 0.823545, 0.83494, 0.833715, 0.855832, 0.901031, 0.436698, 0.375389, 0.119037]}, "RWrist": {"frame": [1, 2, 3, 4, 5, 6, 7, 8, 9, 10, 11, 12, 13, 14, 15, 16, 17, 18, 19, 20, 21, 22, 23], "x": [286.524, 288.499, 290.385, 290.429, 290.426, 288.567, 288.444, 288.37, 284.556, 276.773, 276.727, 276.763, 278.727, 282.605, 286.522, 288.417, 288.426, 288.426, 286.545, 284.535, 288.449, 282.601, 288.401], "y": [429.621, 431.51, 431.455, 429.573, 429.595, 429.568, 431.44, 429.589, 429.565, 429.56, 427.583, 429.456, 429.579, 429.519, 429.495, 429.551, 429.514, 429.466, 429.492, 419.783, 413.831, 411.874, 400.227], "conf": [0.864891, 0.924793, 0.93794, 0.948539, 0.943874, 0.923521, 0.926322, 0.920354, 0.866024, 0.888213, 0.880611, 0.876749, 0.879121, 0.884269, 0.870973, 0.889736, 0.914617, 0.875061, 0.842666, 0.802118, 0.29858, 0.309237, 0.103462]}, "LShoulder": {"frame": [1, 2, 3, 4, 5, 6, 7, 8, 9, 10, 11, 12, 13, 14, 15, 16, 17, 18, 19, 20, 21, 22, 23], "x": [325.696, 329.612, 333.479, 335.416, 335.443, 333.593, 331.625, 331.547, 325.752, 321.898, 321.837, 321.881, 323.778, 325.722, 327.716, 333.478, 333.527, 333.533, 333.498, 331.592, 331.621, 333.507, 335.451], "y": [368.937, 370.776, 370.802, 370.831, 372.698, 372.697, 370.811, 370.841, 370.79, 368.885, 368.81, 368.808, 368.86, 368.862, 368.89, 370.767, 368.931, 370.766, 370.784, 368.93, 372.71, 374.694, 378.643], "conf": [0.892883, 0.868336, 0.871608, 0.876835, 0.876329, 0.867246, 0.868899, 0.862174, 0.877724, 0.936938, 0.956125, 0.947723, 0.928782, 0.913275, 0.893311, 0.88742, 0.903551, 0.905147, 0.894592, 0.899191, 0.865489, 0.850748, 0.881166]}, "LElbow": {"frame": [1, 2, 3, 4, 5, 6, 7, 8, 9, 10, 11, 12, 13, 14, 15, 16, 17, 18, 19, 20, 21, 22, 23], "x": [345.276, 349.175, 351.094, 351.119, 351.122, 351.072, 349.152, 343.372, 339.512, 339.419, 339.392, 337.587, 339.436, 339.458, 341.425, 345.278, 347.24, 347.263, 347.268, 347.271, 347.243, 345.341, 347.26], "y": [411.845, 411.897, 413.771, 413.787, 413.789, 413.866, 413.812, 413.83, 413.763, 411.842, 408.009, 409.906, 409.953, 411.857, 411.917, 413.786, 413.776, 413.766, 413.8, 411.916, 413.775, 413.938, 415.817], "conf": [0.863952, 0.897457, 0.932336, 0.935824, 0.937531, 0.949216, 0.913656, 0.909508, 0.905108, 0.896711, 0.888088, 0.891844, 0.883868, 0.893989, 0.884428, 0.895525, 0.900089, 0.897145, 0.914701, 0.891988, 0.898713, 0.924801, 0.924256]}, "LWrist": {"frame": [1, 2, 3, 4, 5, 6, 7, 8, 9, 10, 11, 12, 13, 14, 15, 16, 17, 18, 19, 20, 21, 22, 23], "x": [317.9, 317.869, 319.907, 319.828, 319.841, 315.918, 311.998, 312.007, 311.965, 310.046, 308.145, 308.097, 310.056, 310.075, 313.964, 315.885, 317.81, 317.854, 317.799, 317.874, 317.897, 317.843, 317.849], "y": [433.506, 437.419, 437.379, 439.334, 439.334, 441.271, 443.179, 439.352, 435.425, 433.46, 433.436, 433.515, 433.52, 433.538, 433.534, 433.527, 433.469, 433.511, 433.48, 427.627, 423.651, 417.811, 417.839], "conf": [0.837772, 0.796554, 0.837824, 0.83797, 0.841526, 0.798377, 0.809459, 0.809681, 0.807408, 0.840419, 0.861974, 0.857347, 0.827542, 0.820227, 0.802637, 0.802406, 0.814819, 0.809031, 0.822185, 0.863063, 0.796888, 0.83392, 0.864298]}, "MidHip": {"frame": [1, 2, 3, 4, 5, 6, 7, 8, 9, 10, 11, 12, 13, 14, 15, 16, 17, 18, 19, 20, 21, 22, 23], "x": [310.021, 313.984, 317.8, 317.884, 317.86, 315.922, 311.99, 308.136, 306.229, 306.133, 306.115, 306.149, 306.164, 308.047, 308.078, 308.132, 308.141, 310.027, 310.06, 308.142, 308.162, 315.935, 319.894], "y": [449.108, 447.259, 447.266, 447.213, 447.225, 447.253, 449.155, 449.148, 447.255, 447.104, 445.215, 447.138, 447.184, 447.181, 449.11, 449.153, 449.13, 449.116, 449.134, 447.179, 445.163, 445.117, 445.188], "conf": [0.847569, 0.8371, 0.838082, 0.857881, 0.853964, 0.837399, 0.833669, 0.859953, 0.882561, 0.897026, 0.894748, 0.902713, 0.895977, 0.888113, 0.871291, 0.859522, 0.85707, 0.849106, 0.844338, 0.883327, 0.897042, 0.844789, 0.849725]}, "RHip": {"frame": [1, 2, 3, 4, 5, 6, 7, 8, 9, 10, 11, 12, 13, 14, 15, 16, 17, 18, 19, 20, 21, 22, 23], "x": [296.36, 302.167, 304.041, 304.112, 304.077, 302.188, 300.212, 296.318, 292.441, 290.546, 290.534, 290.548, 292.37, 292.444, 294.339, 294.388, 294.415, 296.334, 298.261, 296.357, 300.198, 304.108, 308.089], "y": [449.111, 447.282, 447.274, 447.194, 447.218, 447.244, 449.155, 449.118, 447.226, 447.123, 445.245, 447.145, 447.19, 447.176, 449.108, 449.157, 449.114, 447.283, 449.137, 447.16, 445.119, 443.287, 445.198], "conf": [0.83016, 0.853828, 0.859481, 0.871994, 0.865858, 0.853271, 0.831008, 0.836321, 0.865744, 0.880425, 0.876051, 0.890758, 0.884602, 0.879498, 0.847506, 0.838569, 0.832709, 0.831185, 0.827508, 0.849178, 0.859059, 0.858255, 0.757795]}, "RKnee": {"frame": [1, 2, 3, 4, 5, 6, 7, 8, 9, 10, 11, 12, 13, 14, 15, 16, 17, 18, 19, 20, 21, 22, 23], "x": [290.542, 292.406, 292.392, 292.418, 292.407, 290.538, 290.495, 290.467, 290.465, 290.478, 290.501, 290.513, 290.527, 290.561, 290.564, 292.396, 292.404, 292.375, 290.466, 290.534, 290.381, 290.371, 290.392],