{"Nose": {"frame": [7], "x": [0], "y": [0], "conf": [0]}, "Neck": {"frame": [7], "x": [993.804], "y": [208.099], "conf": [0.87195]}, "RShoulder": {"frame": [7], "x": [1021.23], "y": [200.338], "conf": [0.805489]}, "RElbow": {"frame": [7], "x": [1025.08], "y": [268.87], "conf": [0.116153]}, "RWrist": {"frame": [7], "x": [1042.8], "y": [335.533], "conf": [0.104789]}, "LShoulder": {"frame": [7], "x": [964.414], "y": [210.163], "conf": [0.880764]}, "LElbow": {"frame": [7], "x": [960.468], "y": [282.591], "conf": [0.832862]}, "LWrist": {"frame": [7], "x": [929.075], "y": [308.08], "conf": [0.829127]}, "MidHip": {"frame": [7], "x": [1017.27], "y": [321.747], "conf": [0.738633]}, "RHip": {"frame": [7], "x": [1038.81], "y": [319.872], "conf": [0.734905]}, "RKnee": {"frame": [7], "x": [1021.22], "y": [425.585], "conf": [0.793616]}, "RAnkle": {"frame": [7], "x": [1025.08], "y": [531.428], "conf": [0.751593]}, "LHip": {"frame": [7], "x": [997.676], "y": [321.814], "conf": [0.737374]}, "LKnee": {"frame": [7], "x": [995.788], "y": [429.541], "conf": [0.851549]}, "LAnkle": {"frame": [7], "x": [1019.23], "y": [539.315], "conf": [0.778272]}, "REye": {"frame": [7], "x": [0], "y": [0], "conf": [0]}, "LEye": {"frame": [7], "x": [0], "y": [0], "conf": [0]}, "REar": {"frame": [7], "x": [995.842], "y": [163.099], "conf": [0.197632]}, "LEar": {"frame": [7], "x": [964.413], "y": [163.181], "conf": [0.674119]}, "LBigToe": {"frame": [7], "x": [977.999], "y": [552.917], "conf": [0.788732]}, "LSmallToe": {"frame": [7], "x": [982.08], "y": [554.985], "conf": [0.8105]}, "LHeel": {"frame": [7], "x": [1027.16], "y": [552.925], "conf": [0.807596]}, "RBigToe": {"frame": [7], "x": [983.966], "y": [543.189], "conf": [0.272193]}, "RSmallToe": {"frame": [7], "x": [987.883], "y": [539.277], "conf": [0.29404]}, "RHeel": {"frame": [7], "x": [1038.8], "y": [543.202], "conf": [0.361009]}, "Background": {"frame": [], "x": [], "y": [], "conf": []}}