{"Nose": {"frame": [26, 27, 28, 29, 30, 31, 32, 33, 34, 35, 36, 37, 38, 39, 40, 41, 42, 43, 44, 45, 46, 47], "x": [525.627, 525.664, 529.48, 535.367, 539.284, 541.254, 549.059, 554.913, 543.242, 0, 0, 0, 482.478, 476.535, 462.998, 0, 0, 0, 0, 0, 406.062, 390.339], "y": [337.431, 339.388, 337.569, 345.3, 353.255, 370.829, 384.458, 386.461, 384.412, 0, 0, 0, 415.89, 400.176, 384.514, 0, 0, 0, 0, 0, 370.792, 368.822], "conf": [0.3839, 0.241197, 0.407551, 0.128233, 0.370494, 0.48274, 0.655038, 0.720817, 0.821242, 0, 0, 0, 0.092504, 0.105345, 0.053294, 0, 0, 0, 0, 0, 0.563137, 0.852288]}, "Neck": {"frame": [26, 27, 28, 29, 30, 31, 32, 33, 34, 35, 36, 37, 38, 39, 40, 41, 42, 43, 44, 45, 46, 47], "x": [503.988, 505.935, 507.938, 509.781, 509.94, 517.727, 525.539, 527.521, 527.566, 531.457, 527.491, 519.686, 509.822, 504.002, 494.154, 488.309, 482.459, 476.598, 468.745, 460.829, 443.209, 417.86], "y": [366.787, 366.924, 368.776, 376.631, 384.554, 400.1, 411.931, 413.777, 413.876, 429.451, 435.44, 435.434, 429.636, 415.926, 411.843, 400.21, 398.166, 398.183, 398.248, 398.238, 396.209, 398.17], "conf": [0.875028, 0.890325, 0.941171, 0.890426, 0.929792, 0.903057, 0.924809, 0.910005, 0.887609, 0.87815, 0.873456, 0.830487, 0.887167, 0.870583, 0.892358, 0.880297, 0.905454, 0.950933, 0.904005, 0.93742, 0.81547, 0.879088]}, "RShoulder": {"frame": [26, 27, 28, 29, 30, 31, 32, 33, 34, 35, 36, 37, 38, 39, 40, 41, 42, 43, 44, 45, 46, 47], "x": [488.303, 490.31, 492.274, 494.222, 496.155, 504.002, 507.954, 509.823, 511.89, 556.815, 552.991, 537.332, 523.507, 515.727, 509.896, 504.008, 502.038, 494.155, 482.475, 466.8, 443.284, 413.856], "y": [366.949, 368.849, 372.742, 382.51, 396.163, 407.99, 415.903, 415.914, 415.86, 415.819, 425.661, 431.563, 431.466, 415.878, 406.053, 398.164, 386.444, 384.501, 386.49, 390.359, 390.388, 400.127], "conf": [0.902353, 0.91288, 0.881601, 0.937868, 0.868649, 0.846572, 0.910629, 0.90571, 0.876582, 0.924192, 0.870065, 0.877171, 0.804283, 0.832172, 0.857512, 0.901555, 0.870604, 0.938824, 0.85001, 0.818916, 0.799401, 0.874065]}, "RElbow": {"frame": [26, 27, 28, 29, 30, 31, 32, 33, 34, 35, 36, 37, 38, 39, 40, 41, 42, 43, 44, 45, 46, 47], "x": [501.994, 507.923, 505.938, 502.002, 496.237, 494.187, 478.559, 476.482, 478.528, 582.329, 572.667, 523.672, 529.5, 527.562, 521.571, 521.584, 515.765, 509.923, 507.879, 462.827, 449.104, 429.44], "y": [406.066, 413.785, 417.818, 429.521, 441.329, 455.048, 458.853, 429.433, 417.787, 392.283, 411.916, 488.313, 474.585, 464.855, 453.072, 433.503, 427.546, 417.84, 421.722, 421.703, 433.464, 447.244], "conf": [0.850945, 0.97608, 0.925072, 0.92711, 0.864621, 0.923238, 0.898845, 0.900558, 0.902396, 0.792287, 0.706331, 0.779389, 0.45841, 0.754124, 0.653171, 0.192088, 0.17332, 0.156143, 0.188973, 0.508054, 0.872839, 0.892002]}, "RWrist": {"frame": [26, 27, 28, 29, 30, 31, 32, 33, 34, 35, 36, 37, 38, 39, 40, 41, 42, 43, 44, 45, 46, 47], "x": [529.464, 535.304, 531.399, 539.209, 525.511, 498.15, 472.607, 476.526, 509.839, 541.164, 562.748, 496.171, 521.592, 527.491, 523.481, 511.814, 507.971, 0, 496.15, 443.213, 429.468, 413.831], "y": [386.454, 386.516, 400.185, 427.63, 462.825, 500.1, 492.297, 462.801, 398.269, 392.314, 413.854, 511.838, 476.615, 507.927, 486.366, 464.859, 460.948, 0, 460.842, 439.354, 462.84, 480.53], "conf": [0.869366, 0.829927, 0.864104, 0.896026, 0.923456, 0.850311, 0.91969, 0.881998, 0.851787, 0.834273, 0.206662, 0.858581, 0.446323, 0.909168, 0.735757, 0.151631, 0.298092, 0, 0.0929991, 0.698439, 0.927049, 0.916764]}, "LShoulder": {"frame": [26, 27, 28, 29, 30, 31, 32, 33, 34, 35, 36, 37, 38, 39, 40, 41, 42, 43, 44, 45, 46, 47], "x": [519.665, 521.549, 523.539, 523.55, 525.491, 533.367, 545.148, 550.975, 547.065, 507.965, 507.826, 502.013, 498.087, 490.307, 476.625, 468.754, 462.95, 460.891, 456.969, 447.275, 437.422, 429.549], "y": [362.973, 366.768, 364.916, 368.9, 380.597, 392.342, 400.178, 402.15, 411.889, 437.374, 449.145, 443.201, 429.528, 415.861, 411.943, 404.089, 404.072, 409.921, 407.999, 404.06, 398.167, 396.181], "conf": [0.771787, 0.804815, 0.874464, 0.851161, 0.870921, 0.82373, 0.86026, 0.812517, 0.759693, 0.875209, 0.894194, 0.852021, 0.928333, 0.931593, 0.928667, 0.842875, 0.879406, 0.888168, 0.840965, 0.891025, 0.880066, 0.913081]}, "LElbow": {"frame": [26, 27, 28, 29, 30, 31, 32, 33, 34, 35, 36, 37, 38, 39, 40, 41, 42, 43, 44, 45, 46, 47], "x": [541.301, 539.172, 531.405, 525.63, 531.405, 554.964, 576.517, 580.39, 554.895, 503.948, 509.788, 505.939, 507.831, 505.929, 492.291, 484.391, 484.442, 482.428, 478.439, 466.802, 460.841, 449.157], "y": [384.415, 396.27, 402.12, 406.07, 409.932, 400.192, 388.396, 421.68, 445.244, 490.202, 498.127, 488.332, 447.23, 431.453, 427.557, 429.588, 445.118, 447.25, 453.039, 447.3, 435.472, 431.555], "conf": [0.389627, 0.336166, 0.426644, 0.798257, 0.458038, 0.879261, 0.686908, 0.582038, 0.365956, 0.831631, 0.825352, 0.767458, 0.92501, 0.915992, 0.865162, 0.870768, 0.877627, 0.906985, 0.908674, 0.879595, 0.879083, 0.936926]}, "LWrist": {"frame": [26, 27, 28, 29, 30, 31, 32, 33, 34, 35, 36, 37, 38, 39, 40, 41, 42, 43, 44, 45, 46, 47], "x": [537.329, 539.251, 539.266, 552.994, 556.841, 570.672, 578.433, 572.658, 564.694, 511.828, 507.993, 513.764, 492.179, 492.246, 492.276, 492.162, 494.308, 494.248, 482.412, 474.622, 458.891, 445.274], "y": [382.555, 384.548, 400.113, 411.948, 409.922, 400.219, 388.408, 394.288, 447.184, 513.777, 509.856, 486.338, 474.6, 460.873, 458.942, 462.828, 478.467, 482.481, 486.367, 484.392, 472.667, 474.558], "conf": [0.285037, 0.234369, 0.353795, 0.807239, 0.48141, 0.890762, 0.596754, 0.707465, 0.305211, 0.814013, 0.592387, 0.354376, 0.913684, 0.924773, 0.90468, 0.915564, 0.939635, 0.884097, 0.835257, 0.871808, 0.857838, 0.909806]}, "MidHip": {"frame": [26, 27, 28, 29, 30, 31, 32, 33, 34, 35, 36, 37, 38, 39, 40, 41, 42, 43, 44, 45, 46, 47], "x": [517.681, 521.571, 521.634, 521.604, 517.68, 523.514, 523.573, 527.581, 539.279, 543.145, 549.034, 556.896, 562.781, 556.825, 553.008, 549.078, 541.31, 539.33, 529.477, 511.833, 478.631, 460.871], "y": [439.35, 437.41, 443.241, 447.26, 460.874, 474.58, 484.375, 492.146, 492.31, 494.171, 482.421, 468.74, 464.826, 458.956, 456.956, 449.136, 447.234, 449.103, 453.068, 462.793, 470.658, 466.82], "conf": [0.77417, 0.78853, 0.819176, 0.847543, 0.861086, 0.902522, 0.886442, 0.869228, 0.844292, 0.86043, 0.805112, 0.816869, 0.762857, 0.824844, 0.782168, 0.767737, 0.851395, 0.863606, 0.763524, 0.803934, 0.831603, 0.857065]}, "RHip": {"frame": [26, 27, 28, 29, 30, 31, 32, 33, 34, 35, 36, 37, 38, 39, 40, 41, 42, 43, 44, 45, 46, 47], "x": [507.869, 509.811, 509.854, 507.977, 507.821, 509.908, 511.804, 523.545, 539.266, 556.959, 562.773, 572.548, 574.571, 568.626, 562.75, 556.934, 553.007, 549.07, 539.177, 523.501, 470.69, 447.177], "y": [447.108, 445.259, 447.179, 455.012, 462.927, 476.561, 488.31, 492.26, 494.177, 492.25, 478.504, 462.895, 460.82, 447.274, 447.1, 443.267, 443.21, 443.25, 447.134, 458.952, 472.629, 472.64], "conf": [0.880522, 0.901655, 0.883537, 0.843205, 0.86677, 0.903368, 0.844573, 0.914454, 0.796441, 0.848802, 0.823759, 0.851385, 0.81165, 0.812441, 0.788409, 0.753604, 0.783236, 0.797121, 0.800502, 0.767668, 0.772743, 0.838853]}, "RKnee": {"frame": [26, 27, 28, 29, 30, 31, 32, 33, 34, 35, 36, 37, 38, 39, 40, 41, 42, 43, 44, 45, 46, 47], "x": [511.903, 517.716, 521.642, 523.539, 525.525, 531.4, 539.258, 543.259, 554.895, 560.823, 570.604, 592.178, 617.598, 627.388, 633.196, 629.392, 598.03, 566.671, 507.837, 527.57, 445.184, 429.516], "y": [509.965, 509.97, 511.86, 515.767, 519.686, 523.513, 529.45, 541.234, 541.314, 541.24, 525.542, 531.397, 507.862, 476.584, 449.167, 449.197, 474.54, 490.266, 505.991, 531.393, 519.694, 521.62], "conf": [0.886786, 0.874711, 0.882963, 0.918075, 0.916699, 0.911538, 0.938704, 0.900778, 0.832069, 0.85421, 0.81196, 0.874428, 0.883235, 0.872183, 0.823602, 0.80143, 0.842911, 0.836594, 0.882831, 0.801404, 0.90841, 0.921186]},