{"Nose": {"frame": [31, 32, 33, 34, 35, 36, 37, 38, 39, 40, 41, 42, 43, 44, 45, 46, 47, 48, 49, 50, 51, 52, 53], "x": [562.744, 570.602, 572.675, 576.45, 570.662, 0, 0, 0, 0, 0, 0, 0, 0, 0, 0, 0, 0, 0, 0, 0, 0, 0, 366.762], "y": [333.474, 349.18, 358.984, 355.098, 353.215, 0, 0, 0, 0, 0, 0, 0, 0, 0, 0, 0, 0, 0, 0, 0, 0, 0, 427.523], "conf": [0.24035, 0.600375, 0.816391, 0.60373, 0.370501, 0, 0, 0, 0, 0, 0, 0, 0, 0, 0, 0, 0, 0, 0, 0, 0, 0, 0.351507]}, "Neck": {"frame": [31, 32, 33, 34, 35, 36, 37, 38, 39, 40, 41, 42, 43, 44, 45, 46, 47, 48, 49, 50, 51, 52, 53], "x": [539.29, 545.11, 555.025, 556.927, 556.895, 556.932, 554.836, 541.284, 537.223, 525.5, 513.803, 505.968, 496.222, 492.208, 478.493, 462.766, 443.292, 427.561, 415.87, 411.925, 409.948, 404.102, 402.149], "y": [359.06, 370.835, 382.522, 382.475, 392.321, 404.073, 406.014, 398.156, 382.488, 364.907, 353.063, 351.251, 366.782, 384.579, 398.247, 409.94, 421.731, 431.578, 441.309, 445.145, 445.236, 443.267, 437.386], "conf": [0.901314, 0.882044, 0.966149, 0.910087, 0.818907, 0.880574, 0.876198, 0.91263, 0.903975, 0.918974, 0.912077, 0.950072, 0.902025, 0.91733, 0.944218, 0.889787, 0.853151, 0.828511, 0.852991, 0.863757, 0.83062, 0.799999, 0.815508]}, "RShoulder": {"frame": [31, 32, 33, 34, 35, 36, 37, 38, 39, 40, 41, 42, 43, 44, 45, 46, 47, 48, 49, 50, 51, 52, 53], "x": [523.556, 527.477, 537.268, 539.241, 560.796, 586.288, 574.524, 558.903, 554.994, 554.837, 541.17, 529.45, 521.575, 509.793, 494.256, 476.648, 455.023, 429.537, 417.784, 413.798, 411.865, 404.056, 400.108], "y": [366.883, 382.443, 388.441, 388.392, 396.25, 390.344, 398.161, 396.178, 376.685, 355.183, 345.288, 337.513, 351.104, 368.791, 382.459, 396.261, 411.887, 423.66, 429.46, 429.624, 431.585, 429.629, 429.453], "conf": [0.912423, 0.894312, 0.834806, 0.834663, 0.77894, 0.837885, 0.906669, 0.829158, 0.87894, 0.888255, 0.892329, 0.901496, 0.882851, 0.931698, 0.919033, 0.901501, 0.814701, 0.818903, 0.814077, 0.862045, 0.817379, 0.779315, 0.758764]}, "RElbow": {"frame": [31, 32, 33, 34, 35, 36, 37, 38, 39, 40, 41, 42, 43, 44, 45, 46, 47, 48, 49, 50, 51, 52, 53], "x": [523.567, 513.797, 505.902, 498.104, 525.579, 611.731, 592.133, 554.88, 562.782, 582.318, 586.211, 570.562, 556.901, 543.184, 539.273, 515.778, 474.548, 413.939, 417.81, 443.27, 445.161, 429.6, 408], "y": [415.886, 429.503, 419.802, 394.289, 396.246, 366.789, 429.519, 435.443, 413.905, 396.268, 357.066, 337.426, 345.338, 366.898, 390.36, 415.913, 439.376, 470.682, 472.63, 453.066, 453.083, 449.143, 462.804], "conf": [0.905608, 0.84102, 0.848663, 0.756528, 0.835029, 0.705102, 0.202605, 0.652552, 0.426354, 0.790143, 0.857656, 0.884688, 0.751057, 0.868575, 0.786015, 0.798645, 0.27335, 0.414709, 0.134904, 0.215578, 0.279526, 0.151039, 0.0763441]}, "RWrist": {"frame": [31, 32, 33, 34, 35, 36, 37, 38, 39, 40, 41, 42, 43, 44, 45, 46, 47, 48, 49, 50, 51, 52, 53], "x": [556.847, 523.556, 494.14, 505.927, 539.17, 617.678, 0, 527.574, 554.981, 599.913, 586.293, 582.365, 572.653, 570.551, 564.712, 529.485, 0, 384.472, 368.78, 0, 447.14, 0, 0], "y": [443.274, 472.64, 460.933, 406.046, 364.842, 351.143, 0, 470.682, 458.879, 415.823, 366.78, 333.516, 335.594, 360.98, 404.053, 445.178, 0, 494.16, 515.758, 0, 464.874, 0, 0], "conf": [0.874807, 0.866382, 0.987992, 0.664333, 0.749807, 0.412056, 0, 0.706925, 0.501993, 0.159656, 0.215608, 0.821804, 0.901981, 0.832698, 0.835438, 0.771254, 0, 0.239381, 0.0786054, 0, 0.0676103, 0, 0]}, "LShoulder": {"frame": [31, 32, 33, 34, 35, 36, 37, 38, 39, 40, 41, 42, 43, 44, 45, 46, 47, 48, 49, 50, 51, 52, 53], "x": [556.802, 564.714, 574.585, 576.528, 552.971, 529.476, 527.54, 523.654, 509.97, 496.231, 486.374, 478.537, 476.637, 474.612, 460.947, 447.11, 431.479, 425.594, 415.777, 411.88, 409.923, 406.061, 411.859], "y": [351.256, 366.858, 370.804, 370.819, 388.432, 417.809, 415.844, 398.272, 384.405, 366.941, 360.956, 364.875, 382.439, 402.176, 415.815, 421.701, 431.593, 445.179, 451.148, 458.872, 458.87, 453.087, 447.228], "conf": [0.893704, 0.867756, 0.880773, 0.749732, 0.593007, 0.834743, 0.902277, 0.957096, 0.93552, 0.910024, 0.836349, 0.906533, 0.930312, 0.876015, 0.913931, 0.86272, 0.886633, 0.857498, 0.834946, 0.80872, 0.795508, 0.787962, 0.84882]}, "LElbow": {"frame": [31, 32, 33, 34, 35, 36, 37, 38, 39, 40, 41, 42, 43, 44, 45, 46, 47, 48, 49, 50, 51, 52, 53], "x": [560.842, 586.275, 601.903, 601.943, 523.651, 527.497, 537.285, 523.601, 513.774, 498.129, 492.236, 484.42, 480.554, 476.614, 462.811, 445.114, 419.741, 411.846, 402.145, 413.766, 419.739, 429.535, 433.485], "y": [380.552, 374.665, 366.759, 382.457, 396.256, 474.564, 462.892, 445.155, 411.891, 400.07, 400.077, 411.878, 429.614, 449.198, 458.868, 466.784, 488.325, 494.108, 504.019, 504.024, 507.908, 502.006, 492.229], "conf": [0.844981, 0.823654, 0.738316, 0.205199, 0.114442, 0.820971, 0.771868, 0.807269, 0.850151, 0.911879, 0.944043, 0.849073, 0.895395, 0.905833, 0.8799, 0.852493, 0.795186, 0.894659, 0.805368, 0.865334, 0.912801, 0.919207, 0.94442]}, "LWrist": {"frame": [31, 32, 33, 34, 35, 36, 37, 38, 39, 40, 41, 42, 43, 44, 45, 46, 47, 48, 49, 50, 51, 52, 53], "x": [592.204, 617.6, 627.394, 607.877, 0, 552.931, 541.164, 525.536, 500.058, 496.202, 494.267, 492.175, 472.677, 453.082, 435.391, 415.876, 396.281, 376.669, 368.814, 372.733, 384.568, 400.122, 413.785], "y": [394.278, 382.56, 357.111, 388.434, 0, 496.131, 478.482, 460.849, 441.335, 433.429, 443.193, 449.179, 453.044, 445.308, 445.164, 453.084, 476.568, 498.1, 521.605, 533.405, 539.305, 537.233, 529.487], "conf": [0.831616, 0.872887, 0.702971, 0.14804, 0, 0.761615, 0.408155, 0.407923, 0.865011, 0.890805, 0.89952, 0.896348, 0.842022, 0.848777, 0.870594, 0.85679, 0.836628, 0.822142, 0.911895, 0.82212, 0.927234, 0.877316, 0.867056]}, "MidHip": {"frame": [31, 32, 33, 34, 35, 36, 37, 38, 39, 40, 41, 42, 43, 44, 45, 46, 47, 48, 49, 50, 51, 52, 53], "x": [541.209, 543.251, 551.016, 556.962, 562.798, 570.619, 574.594, 578.422, 580.382, 570.529, 558.898, 554.979, 556.985, 554.967, 539.246, 507.945, 490.232, 476.509, 468.702, 460.965, 460.876, 458.914, 449.183], "y": [435.471, 447.2, 460.822, 464.841, 474.545, 464.82, 451.086, 437.36, 431.589, 427.552, 417.768, 415.832, 429.511, 441.262, 455.038, 474.612, 486.337, 492.296, 494.259, 494.174, 494.245, 492.155, 478.629], "conf": [0.87305, 0.881581, 0.871469, 0.848296, 0.76596, 0.828232, 0.802207, 0.787486, 0.776262, 0.779872, 0.784129, 0.853784, 0.854217, 0.813584, 0.799768, 0.811131, 0.76577, 0.855072, 0.767327, 0.832592, 0.828543, 0.758563, 0.747146]}, "RHip": {"frame": [31, 32, 33, 34, 35, 36, 37, 38, 39, 40, 41, 42, 43, 44, 45, 46, 47, 48, 49, 50, 51, 52, 53], "x": [527.552, 535.365, 539.225, 554.838, 574.543, 586.32, 594.134, 594.106, 594.119, 584.286, 572.623, 568.618, 570.62, 562.769, 541.304, 496.16, 478.486, 462.844, 460.836, 454.989, 449.165, 447.227, 441.301], "y": [443.254, 449.156, 460.954, 468.741, 472.678, 460.963, 447.252, 431.52, 427.59, 415.918, 409.989, 406.072, 417.758, 431.433, 447.146, 472.637, 480.493, 492.161, 492.301, 492.19, 492.314, 488.318, 478.48], "conf": [0.846763, 0.834274, 0.907673, 0.818903, 0.768941, 0.853037, 0.787522, 0.80513, 0.763025, 0.765939, 0.746395, 0.752943, 0.826398, 0.769172, 0.783867, 0.658139, 0.691912, 0.724709, 0.67857, 0.637341, 0.666674, 0.598711, 0.680518]}, "RKnee": {"frame": [31, 32, 33, 34, 35, 36, 37, 38, 39, 40, 41, 42, 43, 44, 45, 46, 47, 48, 49, 50, 51, 52, 53], "x": [552.98, 556.982, 570.538, 572.612, 586.164, 592.206, 603.985, 627.438, 639.174, 646.995, 643.063, 619.645, 586.162, 525.552, 480.519, 447.127, 419.753, 409.978, 400.213, 386.481, 390.397, 388.454, 390.362], "y": [492.281, 494.236, 505.964, 521.584, 525.476, 523.627, 519.653, 490.303, 464.845, 437.395, 427.512, 443.232, 462.89, 476.592, 486.325, 494.246, 492.286, 496.21, 498.169, 494.243, 496.125, 496.193, 496.243],