{"Nose": {"frame": [19, 20, 21], "x": [670.521, 682.383, 684.3], "y": [304.138, 304.187, 290.503], "conf": [0.913313, 0.929509, 0.918553]}, "Neck": {"frame": [19, 20, 21], "x": [650.985, 662.654, 664.575], "y": [317.828, 306.11, 304.137], "conf": [0.797354, 0.78903, 0.810028]}, "RShoulder": {"frame": [19, 20, 21], "x": [633.217, 637.2, 646.938], "y": [321.758, 317.86, 310.08], "conf": [0.822794, 0.778928, 0.763352]}, "RElbow": {"frame": [19, 20, 21], "x": [656.851, 648.967, 635.325], "y": [372.721, 366.94, 376.648], "conf": [0.807739, 0.861248, 0.820791]}, "RWrist": {"frame": [19, 20, 21], "x": [697.892, 676.379, 660.701], "y": [386.471, 359.022, 366.871], "conf": [0.874281, 0.724777, 0.740838]}, "LShoulder": {"frame": [19, 20, 21], "x": [678.366, 686.191, 688.16], "y": [308.121, 302.184, 300.241], "conf": [0.627768, 0.574012, 0.585358]}, "LElbow": {"frame": [19, 20, 21], "x": [686.186, 682.311, 680.34], "y": [323.751, 329.637, 333.551], "conf": [0.24361, 0.322271, 0.324293]}, "LWrist": {"frame": [19, 20, 21], "x": [695.911, 680.302, 662.702], "y": [321.806, 349.213, 353.119], "conf": [0.499588, 0.379436, 0.257057]}, "MidHip": {"frame": [19, 20, 21], "x": [584.281, 572.609, 572.493], "y": [368.845, 366.767, 355.163], "conf": [0.819942, 0.809252, 0.792334]}, "RHip": {"frame": [19, 20, 21], "x": [558.911, 554.929, 554.964], "y": [366.768, 353.181, 351.105], "conf": [0.78701, 0.789301, 0.792742]}, "RKnee": {"frame": [19, 20, 21], "x": [539.235, 509.896, 486.323], "y": [435.473, 413.842, 404.074], "conf": [0.793436, 0.878037, 0.811675]}, "RAnkle": {"frame": [19, 20, 21], "x": [523.61, 460.91, 411.864], "y": [427.542, 382.59, 370.77], "conf": [0.852031, 0.899384, 0.819022]}, "LHip": {"frame": [19, 20, 21], "x": [602.031, 592.147, 588.184], "y": [378.586, 374.67, 366.903], "conf": [0.770154, 0.720239, 0.785374]}, "LKnee": {"frame": [19, 20, 21], "x": [596.052, 586.322, 586.177], "y": [462.854, 460.963, 458.924], "conf": [0.822841, 0.875519, 0.832812]}, "LAnkle": {"frame": [19, 20, 21], "x": [588.237, 586.205, 572.631], "y": [556.864, 554.966, 553], "conf": [0.876155, 0.840044, 0.819483]}, "REye": {"frame": [19, 20, 21], "x": [664.7, 680.239, 680.355], "y": [292.429, 294.349, 284.531], "conf": [0.924345, 0.875964, 0.901757]}, "LEye": {"frame": [19, 20, 21], "x": [680.295, 692.089, 695.911], "y": [294.36, 296.328, 286.53], "conf": [0.911212, 0.834008, 0.907242]}, "REar": {"frame": [19, 20, 21], "x": [650.847, 662.644, 664.617], "y": [290.396, 288.494, 274.868], "conf": [0.900524, 0.870817, 0.88062]}, "LEar": {"frame": [19, 20, 21], "x": [686.184, 0, 699.929], "y": [294.381, 0, 286.487], "conf": [0.304715, 0, 0.108397]}, "LBigToe": {"frame": [19, 20, 21], "x": [572.614, 574.575, 582.349], "y": [572.657, 572.644, 574.525], "conf": [0.857966, 0.80376, 0.785105]}, "LSmallToe": {"frame": [19, 20, 21], "x": [588.224, 588.34, 592.174], "y": [574.545, 572.598, 572.554], "conf": [0.803948, 0.837279, 0.832003]}, "LHeel": {"frame": [19, 20, 21], "x": [590.177, 586.218, 566.704], "y": [568.588, 562.797, 562.774], "conf": [0.724775, 0.680979, 0.730237]}, "RBigToe": {"frame": [19, 20, 21], "x": [521.641, 439.35, 384.419], "y": [449.201, 402.112, 390.404], "conf": [0.683079, 0.664036, 0.535505]}, "RSmallToe": {"frame": [19, 20, 21], "x": [513.789, 435.431, 382.449], "y": [445.262, 396.203, 382.491], "conf": [0.659381, 0.688226, 0.610408]}, "RHeel": {"frame": [19, 20, 21], "x": [523.609, 460.817, 406.015], "y": [415.873, 368.862, 359.016], "conf": [0.736562, 0.767383, 0.676377]}, "Background": {"frame": [], "x": [], "y": [], "conf": []}}