{"Nose": {"frame": [0, 1, 2, 3, 4, 5, 6, 7, 8, 9, 10, 11, 12, 13, 14, 15, 16, 17, 18, 19, 21, 22], "x": [294.379, 294.415, 298.267, 302.166, 304.11, 304.248, 306.093, 306.175, 308.053, 308.051, 308.068, 306.244, 306.231, 306.22, 306.189, 306.207, 306.194, 306.196, 306.18, 306.037, 304.157, 304.235], "y": [335.518, 335.522, 335.541, 335.552, 335.58, 335.568, 335.595, 337.437, 337.468, 337.539, 337.521, 337.522, 337.461, 337.477, 337.483, 337.479, 337.485, 337.508, 337.536, 339.475, 343.333, 345.329], "conf": [0.897129, 0.900564, 0.894381, 0.912805, 0.949748, 0.957227, 0.957618, 0.955744, 0.929348, 0.915667, 0.920821, 0.926073, 0.948845, 0.949563, 0.948802, 0.948942, 0.951933, 0.945678, 0.941124, 0.922617, 0.883494, 0.894784]}, "Neck": {"frame": [0, 1, 2, 3, 4, 5, 6, 7, 8, 9, 10, 11, 12, 13, 14, 15, 16, 17, 18, 19, 21, 22], "x": [290.52, 290.511, 290.533, 292.451, 296.337, 300.277, 302.233, 304.055, 304.088, 304.105, 304.092, 304.097, 304.092, 304.078, 304.071, 304.079, 304.081, 304.062, 302.222, 302.167, 302.136, 302.207], "y": [364.872, 364.883, 364.881, 364.922, 366.751, 366.763, 366.799, 366.8, 366.803, 366.837, 366.84, 366.84, 366.854, 366.868, 366.883, 366.877, 366.873, 366.895, 366.922, 368.728, 366.907, 368.73], "conf": [0.932361, 0.937907, 0.931744, 0.918399, 0.903366, 0.923443, 0.952021, 0.955813, 0.961623, 0.971207, 0.970775, 0.973314, 0.969565, 0.969076, 0.965544, 0.966336, 0.966393, 0.963788, 0.960346, 0.942462, 0.912431, 0.925343]}, "RShoulder": {"frame": [0, 1, 2, 3, 4, 5, 6, 7, 8, 9, 10, 11, 12, 13, 14, 15, 16, 17, 18, 19, 21, 22], "x": [272.798, 272.782, 272.801, 272.882, 274.761, 274.881, 276.77, 276.784, 278.717, 278.74, 278.701, 278.696, 278.696, 278.69, 278.713, 278.728, 278.721, 278.684, 276.787, 276.787, 276.75, 278.677], "y": [366.766, 366.775, 366.764, 366.766, 366.764, 366.765, 366.815, 366.789, 366.814, 366.85, 366.866, 366.843, 366.874, 366.885, 366.888, 366.881, 366.864, 366.894, 366.908, 366.891, 366.814, 366.914], "conf": [0.95613, 0.952828, 0.953817, 0.968801, 0.960348, 0.92234, 0.911953, 0.907051, 0.894947, 0.894799, 0.903308, 0.900106, 0.906361, 0.909323, 0.90684, 0.905614, 0.903278, 0.913303, 0.9241, 0.919227, 0.884851, 0.872461]}, "RElbow": {"frame": [0, 1, 2, 3, 4, 5, 6, 7, 8, 9, 10, 11, 12, 13, 14, 15, 16, 17, 18, 19, 21, 22], "x": [270.786, 270.808, 270.814, 272.698, 272.788, 272.876, 274.752, 274.757, 274.801, 274.796, 274.789, 274.749, 274.749, 274.768, 274.773, 274.796, 274.795, 274.728, 274.705, 274.704, 272.81, 274.867], "y": [400.175, 400.219, 400.191, 400.223, 400.2, 400.141, 400.253, 400.121, 400.169, 400.225, 400.228, 402.12, 402.163, 402.142, 402.128, 400.243, 400.245, 402.124, 402.177, 400.161, 400.114, 400.243], "conf": [0.873595, 0.87544, 0.889023, 0.890863, 0.924497, 0.94806, 0.93244, 0.939041, 0.924795, 0.922633, 0.921332, 0.908336, 0.907721, 0.911894, 0.913344, 0.921542, 0.919277, 0.925345, 0.912959, 0.909266, 0.411067, 0.613968]}, "RWrist": {"frame": [0, 1, 2, 3, 4, 5, 6, 7, 8, 9, 10, 11, 12, 13, 14, 15, 16, 17, 18, 19, 21, 22], "x": [270.858, 270.882, 270.893, 272.821, 272.845, 272.871, 274.732, 272.9, 274.688, 274.736, 274.71, 274.695, 274.717, 274.738, 274.707, 272.896, 272.881, 272.887, 272.841, 272.735, 272.88, 268.912], "y": [427.568, 427.576, 429.478, 429.563, 427.598, 425.642, 427.539, 423.668, 425.595, 425.614, 423.708, 427.539, 427.592, 427.618, 429.453, 427.55, 427.591, 429.536, 429.581, 421.722, 406.049, 400.113], "conf": [0.802141, 0.798114, 0.84681, 0.880017, 0.873371, 0.892553, 0.884651, 0.878687, 0.874706, 0.872418, 0.865821, 0.86229, 0.879437, 0.884369, 0.897237, 0.888634, 0.886138, 0.914181, 0.909334, 0.832546, 0.285959, 0.665093]}, "LShoulder": {"frame": [0, 1, 2, 3, 4, 5, 6, 7, 8, 9, 10, 11, 12, 13, 14, 15, 16, 17, 18, 19, 21, 22], "x": [313.945, 313.94, 315.873, 317.885, 319.785, 319.909, 321.804, 321.852, 321.877, 321.906, 321.898, 321.908, 321.888, 321.869, 321.843, 321.843, 321.847, 321.838, 321.799, 319.929, 319.898, 321.731], "y": [364.818, 364.834, 364.834, 364.887, 364.918, 364.918, 366.751, 366.779, 366.771, 366.81, 366.803, 366.817, 366.831, 366.855, 366.881, 366.874, 366.875, 366.897, 366.925, 368.77, 368.778, 368.771], "conf": [0.856414, 0.861086, 0.860398, 0.889651, 0.911436, 0.926086, 0.925343, 0.930657, 0.931842, 0.931527, 0.933477, 0.928831, 0.932397, 0.937333, 0.93814, 0.939454, 0.93784, 0.9399, 0.950222, 0.952458, 0.96162, 0.954015]}, "LElbow": {"frame": [0, 1, 2, 3, 4, 5, 6, 7, 8, 9, 10, 11, 12, 13, 14, 15, 16, 17, 18, 19, 21, 22], "x": [333.532, 333.527, 333.559, 335.456, 335.566, 337.39, 337.46, 337.484, 337.503, 337.5, 337.507, 337.467, 337.487, 337.474, 337.47, 337.435, 337.428, 337.398, 335.599, 335.588, 335.514, 335.477], "y": [400.244, 400.242, 400.22, 402.086, 402.106, 400.264, 402.148, 404.057, 404.081, 406.005, 406.021, 406.036, 406.077, 408.018, 408.009, 408.021, 408.022, 409.906, 409.935, 407.996, 407.992, 409.994], "conf": [0.925633, 0.926046, 0.94397, 0.942147, 0.955542, 0.958572, 0.936815, 0.919236, 0.91167, 0.903251, 0.899876, 0.904447, 0.89457, 0.898197, 0.895214, 0.89856, 0.897659, 0.900091, 0.903966, 0.899878, 0.907271, 0.915876]}, "LWrist": {"frame": [0, 1, 2, 3, 4, 5, 6, 7, 8, 9, 10, 11, 12, 13, 14, 15, 16, 17, 18, 19, 21, 22], "x": [304.083, 304.055, 304.17, 304.185, 306.039, 306.227, 308.073, 308.049, 306.214, 308.078, 308.057, 306.22, 308.059, 306.225, 306.184, 306.146, 306.092, 306.11, 304.166, 306.054, 306.173, 306.156], "y": [429.637, 431.436, 429.615, 429.634, 431.473, 429.612, 431.434, 431.485, 431.515, 431.519, 431.506, 431.501, 431.51, 431.57, 431.609, 433.463, 433.485, 433.534, 435.452, 429.559, 415.794, 413.859], "conf": [0.88431, 0.871837, 0.9128, 0.897917, 0.883917, 0.891591, 0.899197, 0.904479, 0.910459, 0.89349, 0.894379, 0.894729, 0.888481, 0.887157, 0.886403, 0.877308, 0.873369, 0.861595, 0.835776, 0.913214, 0.868301, 0.892541]}, "MidHip": {"frame": [0, 1, 2, 3, 4, 5, 6, 7, 8, 9, 10, 11, 12, 13, 14, 15, 16, 17, 18, 19, 21, 22], "x": [292.453, 292.464, 294.34, 298.313, 302.159, 302.238, 304.066, 304.057, 304.071, 304.062, 304.046, 304.057, 304.047, 302.219, 302.216, 302.203, 302.213, 302.191, 302.128, 298.316, 300.23, 304.119], "y": [441.307, 441.286, 443.218, 445.254, 445.214, 445.214, 445.218, 445.23, 445.25, 445.257, 445.221, 445.268, 445.288, 445.299, 445.301, 447.114, 447.117, 447.186, 447.247, 447.268, 437.408, 439.326], "conf": [0.835703, 0.825855, 0.831785, 0.844974, 0.854028, 0.863392, 0.870008, 0.867391, 0.865934, 0.868263, 0.866137, 0.87047, 0.865976, 0.858214, 0.853483, 0.8521, 0.852643, 0.850256, 0.836586, 0.827595, 0.810396, 0.835687]}, "RHip": {"frame": [0, 1, 2, 3, 4, 5, 6, 7, 8, 9, 10, 11, 12, 13, 14, 15, 16, 17, 18, 19, 21, 22], "x": [278.681, 278.718, 278.733, 284.552, 286.548, 288.41, 288.448, 288.421, 288.446, 288.448, 288.431, 288.429, 288.419, 288.39, 288.401, 288.378, 288.383, 286.561, 286.5, 284.572, 288.404, 290.405], "y": [441.295, 441.287, 443.221, 445.265, 445.221, 445.223, 445.215, 445.222, 445.232, 445.236, 445.212, 445.266, 445.284, 445.285, 445.279, 445.286, 445.294, 447.171, 447.241, 447.26, 435.477, 439.319], "conf": [0.799609, 0.788556, 0.797287, 0.838331, 0.859773, 0.87572, 0.878748, 0.871605, 0.873657, 0.877397, 0.872323, 0.87405, 0.871034, 0.862322, 0.862369, 0.855038, 0.854179, 0.852612, 0.835782, 0.8235, 0.832528, 0.820544]}, "RKnee": {"frame": [0, 1, 2, 3, 4, 5, 6, 7, 8, 9, 10, 11, 12, 13, 14, 15, 16, 17, 18, 19, 21, 22], "x": [276.788, 276.797, 276.812, 278.709, 280.668, 282.599, 284.523, 282.638, 284.525, 284.554, 284.526, 282.636, 282.583, 282.625, 284.525, 282.626, 284.539, 282.621, 278.687, 276.734, 274.82, 282.574], "y": [503.975, 503.988, 503.999, 505.942, 504.009, 505.871, 504.013, 504.025, 504.02, 505.892, 505.916, 505.924, 505.942, 505.96, 507.801, 507.844, 507.887, 507.904, 507.97, 507.971, 494.175, 503.986],