{"Nose": {"frame": [0, 1, 2, 3, 4, 5, 6, 7, 8, 9], "x": [907.585, 901.688, 899.725, 897.705, 887.999, 886.031, 884.082, 882.044, 878.182, 872.322], "y": [233.622, 235.579, 237.566, 239.528, 241.389, 241.443, 241.556, 243.385, 243.496, 245.352], "conf": [0.819212, 0.902103, 0.909153, 0.883382, 0.918326, 0.940964, 0.958732, 0.922181, 0.889446, 0.912907]}, "Neck": {"frame": [0, 1, 2, 3, 4, 5, 6, 7, 8, 9], "x": [899.678, 886.125, 884.104, 883.963, 880.109, 872.362, 870.318, 868.377, 866.416, 860.581], "y": [259.132, 259.161, 261.101, 263.059, 264.977, 268.874, 270.81, 272.756, 272.871, 272.837], "conf": [0.938622, 0.932184, 0.935319, 0.896877, 0.855396, 0.879367, 0.922434, 0.94951, 0.934201, 0.909303]}, "RShoulder": {"frame": [0, 1, 2, 3, 4, 5, 6, 7, 8, 9], "x": [870.34, 866.471, 860.566, 854.714, 852.729, 850.802, 842.959, 839.108, 838.943, 837.025], "y": [257.156, 259.116, 261.104, 261.121, 262.989, 266.936, 270.789, 272.748, 272.859, 272.907], "conf": [0.94716, 0.928298, 0.842112, 0.879717, 0.893489, 0.846829, 0.828115, 0.886996, 0.923789, 0.941843]}, "RElbow": {"frame": [0, 1, 2, 3, 4, 5, 6, 7, 8, 9], "x": [868.427, 862.528, 854.698, 852.686, 842.94, 839.037, 837.03, 835.023, 825.349, 823.411], "y": [288.466, 300.247, 304.107, 304.24, 306.066, 306.233, 308.116, 312.03, 319.755, 319.84], "conf": [0.90616, 0.827473, 0.932942, 0.913329, 0.845114, 0.876972, 0.894603, 0.821392, 0.867957, 0.92808]}, "RWrist": {"frame": [0, 1, 2, 3, 4, 5, 6, 7, 8, 9], "x": [897.764, 887.998, 886.021, 0, 870.455, 870.382, 870.348, 868.326, 864.507, 852.796], "y": [259.166, 274.771, 286.553, 0, 294.341, 304.176, 308.113, 317.842, 331.626, 343.387], "conf": [0.798821, 0.912779, 0.894003, 0, 0.840971, 0.873587, 0.871555, 0.849034, 0.841496, 0.866855]}, "LShoulder": {"frame": [0, 1, 2, 3, 4, 5, 6, 7, 8, 9], "x": [923.286, 913.392, 905.598, 905.607, 903.622, 899.802, 897.802, 891.891, 887.995, 886.009], "y": [262.989, 261.068, 261.082, 265.027, 268.904, 270.847, 270.879, 272.786, 272.872, 272.782], "conf": [0.836707, 0.84557, 0.875274, 0.831689, 0.873667, 0.920246, 0.894469, 0.893098, 0.914445, 0.945127]}, "LElbow": {"frame": [0, 1, 2, 3, 4, 5, 6, 7, 8, 9], "x": [935.042, 929.09, 919.328, 917.305, 915.366, 913.373, 907.58, 901.755, 899.699, 891.908], "y": [306.232, 310.019, 310.037, 315.866, 311.999, 312.03, 312.029, 311.98, 306.21, 306.102], "conf": [0.83634, 0.807238, 0.798596, 0.849842, 0.876728, 0.815428, 0.783737, 0.852394, 0.877348, 0.871592]}, "LWrist": {"frame": [0, 1, 2, 3, 4, 5, 6, 7, 8, 9], "x": [948.698, 934.991, 927.2, 911.505, 899.696, 897.73, 895.781, 889.958, 895.816, 897.787], "y": [290.513, 292.472, 290.523, 302.204, 300.235, 304.123, 304.226, 313.965, 327.65, 335.438], "conf": [0.850793, 0.79311, 0.802461, 0.815231, 0.805442, 0.783233, 0.782722, 0.764769, 0.769383, 0.860155]}, "MidHip": {"frame": [0, 1, 2, 3, 4, 5, 6, 7, 8, 9], "x": [899.707, 889.961, 886.042, 884.016, 880.11, 872.321, 870.378, 868.46, 866.458, 858.636], "y": [339.462, 341.384, 341.403, 339.476, 343.322, 343.327, 345.295, 349.17, 353.1, 353.072], "conf": [0.829683, 0.7926, 0.838733, 0.844518, 0.792015, 0.82439, 0.842734, 0.866777, 0.876259, 0.827315]}, "RHip": {"frame": [0, 1, 2, 3, 4, 5, 6, 7, 8, 9], "x": [884.01, 876.205, 870.396, 868.333, 862.553, 856.642, 854.721, 852.8, 850.774, 842.962], "y": [339.427, 339.472, 341.373, 339.408, 339.49, 341.366, 343.382, 349.17, 353.129, 353.115], "conf": [0.815004, 0.776775, 0.826131, 0.832902, 0.783147, 0.811473, 0.822582, 0.845216, 0.852153, 0.794404]}, "RKnee": {"frame": [0, 1, 2, 3, 4, 5, 6, 7, 8, 9], "x": [884.081, 882.089, 874.314, 872.304, 868.466, 864.493, 856.632, 854.691, 852.755, 852.619], "y": [415.823, 415.766, 413.942, 409.926, 411.879, 413.782, 413.84, 415.801, 417.791, 415.847], "conf": [0.911871, 0.902558, 0.894488, 0.879452, 0.925426, 0.89452, 0.910132, 0.948394, 0.926394, 0.936607]}, "RAnkle": {"frame": [0, 1, 2, 3, 4, 5, 6, 7, 8, 9], "x": [880.105, 870.36, 868.375, 862.477, 856.686, 854.621, 854.604, 850.795, 844.905, 840.966], "y": [492.208, 490.229, 490.242, 480.463, 480.558, 480.474, 482.444, 490.219, 488.296, 484.374], "conf": [0.833803, 0.893988, 0.880985, 0.834327, 0.831304, 0.917567, 0.888687, 0.842977, 0.801535, 0.827193]}, "LHip": {"frame": [0, 1, 2, 3, 4, 5, 6, 7, 8, 9], "x": [915.391, 905.587, 901.687, 899.661, 893.878, 887.985, 886.016, 884.087, 882.116, 874.325], "y": [339.493, 343.324, 341.421, 341.406, 345.291, 345.291, 345.32, 349.178, 353.09, 351.236], "conf": [0.814071, 0.782799, 0.829827, 0.813927, 0.774485, 0.816333, 0.835568, 0.844516, 0.864227, 0.819356]}, "LKnee": {"frame": [0, 1, 2, 3, 4, 5, 6, 7, 8, 9], "x": [905.648, 899.761, 897.746, 891.918, 886.084, 884.031, 882.071, 880.147, 882.112, 886.014], "y": [415.826, 415.895, 415.813, 413.797, 413.939, 415.809, 415.806, 415.855, 415.869, 415.767], "conf": [0.833861, 0.93492, 0.895076, 0.857135, 0.931854, 0.958067, 0.887887, 0.861123, 0.900089, 0.956435]}, "LAnkle": {"frame": [0, 1, 2, 3, 4, 5, 6, 7, 8, 9], "x": [899.679, 888.062, 884.151, 882.072, 872.375, 870.372, 868.424, 866.436, 866.403, 866.422], "y": [488.35, 486.363, 486.35, 480.477, 480.532, 480.556, 480.552, 482.461, 480.524, 476.617], "conf": [0.868282, 0.827974, 0.889601, 0.877371, 0.848726, 0.881582, 0.881869, 0.847517, 0.871901, 0.910274]}, "REye": {"frame": [0, 1, 2, 3, 4, 5, 6, 7, 8, 9], "x": [901.666, 897.769, 891.887, 886.137, 884.123, 882.142, 878.177, 872.288, 870.361, 868.429], "y": [227.732, 227.771, 227.865, 229.776, 231.66, 233.636, 237.578, 239.475, 241.401, 241.436], "conf": [0.959185, 0.925209, 0.876344, 0.898891, 0.926009, 0.875363, 0.853299, 0.917255, 0.969535, 0.962424]}, "LEye": {"frame": [0, 1, 2, 3, 4, 5, 6, 7, 8, 9], "x": [915.298, 905.613, 901.714, 899.778, 895.822, 889.932, 886.047, 884.084, 883.968, 880.114], "y": [227.698, 227.79, 227.872, 229.747, 231.695, 233.653, 237.535, 239.459, 241.381, 241.451], "conf": [0.901528, 0.876537, 0.90183, 0.89548, 0.844002, 0.832445, 0.87848, 0.912232, 0.907317, 0.899551]}, "REar": {"frame": [0, 1, 2, 3, 4, 5, 6, 7, 8, 9], "x": [886.079, 883.956, 876.206, 872.311, 870.325, 868.341, 864.483, 858.585, 854.755, 854.643], "y": [227.709, 227.757, 227.854, 229.757, 229.767, 233.623, 237.589, 239.472, 241.408, 241.424], "conf": [0.94686, 0.899489, 0.858107, 0.878882, 0.906299, 0.857194, 0.815584, 0.848691, 0.906008, 0.909356]}, "LEar": {"frame": [0, 1, 2, 3, 4, 5, 6, 7, 8, 9], "x": [915.432, 0, 0, 0, 0, 0, 0, 0, 0, 0], "y": [227.668, 0, 0, 0, 0, 0, 0, 0, 0, 0], "conf": [0.059534, 0, 0, 0, 0, 0, 0, 0, 0, 0]}, "LBigToe": {"frame": [0, 1, 2, 3, 4, 5, 6, 7, 8, 9], "x": [915.455, 903.648, 901.654, 895.797, 891.913, 886.011, 884.101, 884.021, 882.039, 876.259], "y": [502.035, 496.228, 496.236, 496.127, 496.128, 494.248, 494.2, 494.249, 496.138, 492.332], "conf": [0.85414, 0.797763, 0.823189, 0.802457, 0.711589, 0.772781, 0.797766, 0.812399, 0.81567, 0.878344]}, "LSmallToe": {"frame": [0, 1, 2, 3, 4, 5, 6, 7, 8, 9], "x": [917.345, 907.57, 901.757, 899.658, 893.887, 886.123, 886.022, 884.068, 884.009, 882.125], "y": [496.154, 494.192, 494.165, 494.114, 494.124, 492.28, 492.242, 492.266, 494.138, 492.148], "conf": [0.86388, 0.779723, 0.862127, 0.842195, 0.719861, 0.78495, 0.820297, 0.809801, 0.839597, 0.873888]}, "LHeel": {"frame": [0, 1, 2, 3, 4, 5, 6, 7, 8, 9], "x": [891.867, 885.956, 880.171, 872.298, 868.36, 866.43, 862.494, 856.676, 856.619, 856.658], "y": [494.132, 492.295, 492.252, 490.252, 490.287, 490.3, 492.128, 492.143, 490.211, 480.476], "conf": [0.522068, 0.676877, 0.591631, 0.533118, 0.472271, 0.537525, 0.470672, 0.470516, 0.528448, 0.670166]}, "RBigToe": {"frame": [0, 1, 2, 3, 4, 5, 6, 7, 8, 9], "x": [897.797, 886.022, 884.055, 876.265, 876.273, 870.356, 870.334, 870.301, 864.494, 854.696], "y": [503.965, 498.131, 500.076, 496.137, 494.263, 494.184, 494.216, 498.086, 496.209, 494.186], "conf": [0.653465, 0.807898, 0.736361, 0.778085, 0.668684, 0.80876, 0.775866, 0.698192, 0.731024, 0.766758]},