{"Nose": {"frame": [34, 35, 36, 37, 38, 39, 40, 41, 42, 43, 44, 45, 46, 47, 48, 49, 50, 51, 52], "x": [460.844, 460.925, 466.778, 476.503, 478.638, 449.138, 0, 0, 0, 0, 0, 0, 0, 0, 0, 0, 317.904, 308.046, 317.86], "y": [321.901, 335.459, 351.096, 364.89, 368.799, 368.83, 0, 0, 0, 0, 0, 0, 0, 0, 0, 0, 353.136, 351.219, 339.421], "conf": [0.590794, 0.310494, 0.311667, 0.538648, 0.883765, 0.502924, 0, 0, 0, 0, 0, 0, 0, 0, 0, 0, 0.401222, 0.912804, 0.915606]}, "Neck": {"frame": [34, 35, 36, 37, 38, 39, 40, 41, 42, 43, 44, 45, 46, 47, 48, 49, 50, 51, 52], "x": [431.514, 433.446, 443.241, 449.168, 455.013, 457.006, 447.233, 447.113, 437.353, 425.601, 413.831, 406.015, 398.129, 386.514, 380.539, 366.89, 355.085, 339.461, 335.507], "y": [353.165, 364.905, 376.687, 388.424, 396.173, 396.172, 411.937, 413.781, 402.145, 388.42, 376.684, 366.917, 364.93, 366.948, 372.734, 376.647, 382.441, 380.589, 370.828], "conf": [0.970037, 0.914195, 0.871379, 0.875425, 0.832152, 0.808704, 0.906636, 0.936041, 0.856867, 0.86483, 0.889728, 0.904168, 0.9264, 0.931093, 0.868829, 0.879524, 0.898124, 0.853029, 0.916412]}, "RShoulder": {"frame": [34, 35, 36, 37, 38, 39, 40, 41, 42, 43, 44, 45, 46, 47, 48, 49, 50, 51, 52], "x": [415.843, 417.824, 427.527, 431.429, 433.538, 441.335, 478.454, 474.531, 453.062, 441.279, 433.439, 429.609, 415.847, 409.92, 398.153, 382.566, 368.779, 337.416, 321.752], "y": [357.104, 368.885, 384.478, 398.171, 400.09, 398.215, 400.161, 400.237, 400.24, 386.436, 370.851, 362.888, 351.25, 353.238, 357.121, 364.924, 372.701, 378.64, 376.652], "conf": [0.887583, 0.886439, 0.893805, 0.927442, 0.848826, 0.842709, 0.894993, 0.878919, 0.849713, 0.880002, 0.891292, 0.885443, 0.943063, 0.851036, 0.863497, 0.898142, 0.870026, 0.837113, 0.86945]}, "RElbow": {"frame": [34, 35, 36, 37, 38, 39, 40, 41, 42, 43, 44, 45, 46, 47, 48, 49, 50, 51, 52], "x": [419.777, 415.899, 411.939, 398.244, 398.17, 413.863, 515.734, 478.605, 435.396, 445.198, 439.34, 460.903, 447.277, 431.501, 425.631, 413.805, 386.423, 343.386, 319.832], "y": [411.887, 417.797, 431.444, 429.491, 398.163, 398.173, 380.573, 433.537, 453.06, 431.43, 413.909, 388.421, 341.385, 339.483, 351.18, 368.911, 413.846, 425.658, 427.526], "conf": [0.883338, 0.914095, 0.902548, 0.938624, 0.86246, 0.878668, 0.691362, 0.196467, 0.789316, 0.846742, 0.354729, 0.849739, 0.817712, 0.879997, 0.911903, 0.841386, 0.360519, 0.762762, 0.886119]}, "RWrist": {"frame": [34, 35, 36, 37, 38, 39, 40, 41, 42, 43, 44, 45, 46, 47, 48, 49, 50, 51, 52], "x": [462.943, 449.136, 415.757, 384.568, 398.097, 437.371, 478.582, 0, 402.086, 433.512, 413.883, 460.81, 431.561, 429.456, 406.025, 386.506, 378.614, 321.836, 290.492], "y": [411.864, 445.253, 476.502, 462.958, 429.479, 370.83, 380.547, 0, 478.611, 462.912, 433.524, 415.794, 349.216, 323.761, 331.552, 376.633, 433.508, 445.134, 456.959], "conf": [0.884931, 0.910012, 0.934323, 0.94661, 0.816554, 0.723812, 0.53413, 0, 0.891093, 0.851306, 0.249589, 0.453709, 0.292419, 0.87438, 0.790856, 0.141712, 0.0501715, 0.922047, 0.889004]}, "LShoulder": {"frame": [34, 35, 36, 37, 38, 39, 40, 41, 42, 43, 44, 45, 46, 47, 48, 49, 50, 51, 52], "x": [447.141, 447.293, 458.941, 474.565, 476.533, 474.594, 417.795, 421.714, 419.753, 408.009, 390.4, 382.607, 372.751, 368.846, 362.933, 351.218, 345.294, 349.179, 349.214], "y": [351.17, 355.173, 366.909, 382.525, 384.578, 390.374, 421.742, 419.772, 404.123, 388.456, 378.636, 368.932, 374.658, 380.607, 386.44, 386.456, 384.569, 382.452, 368.857], "conf": [0.924543, 0.84734, 0.882712, 0.911899, 0.793062, 0.703901, 0.853372, 0.83606, 0.846172, 0.863656, 0.853819, 0.927901, 0.837798, 0.930329, 0.865217, 0.913691, 0.887553, 0.907923, 0.911734]}, "LElbow": {"frame": [34, 35, 36, 37, 38, 39, 40, 41, 42, 43, 44, 45, 46, 47, 48, 49, 50, 51, 52], "x": [447.275, 456.957, 478.565, 500.073, 505.89, 488.286, 413.825, 415.882, 411.92, 413.859, 404.098, 390.349, 386.463, 386.485, 382.419, 368.887, 362.901, 362.951, 368.911], "y": [382.603, 384.574, 384.397, 382.445, 382.485, 370.806, 468.763, 476.506, 447.272, 417.865, 400.2, 400.18, 413.862, 429.458, 429.605, 435.425, 431.608, 427.581, 411.93], "conf": [0.855567, 0.85721, 0.938626, 0.779548, 0.591962, 0.0731198, 0.879187, 0.82688, 0.822479, 0.913819, 0.88093, 0.874727, 0.913505, 0.897324, 0.920682, 0.89115, 0.864317, 0.878063, 0.871844]}, "LWrist": {"frame": [34, 35, 36, 37, 38, 39, 40, 41, 42, 43, 44, 45, 46, 47, 48, 49, 50, 51, 52], "x": [470.695, 492.164, 507.983, 525.477, 509.861, 0, 427.567, 423.658, 400.161, 392.331, 386.455, 384.44, 390.335, 398.19, 388.391, 376.68, 360.984, 359.001, 368.745], "y": [384.503, 402.098, 398.225, 380.608, 390.392, 0, 496.183, 476.483, 451.105, 443.249, 433.474, 435.427, 449.184, 466.749, 476.466, 478.442, 474.554, 462.876, 453.056], "conf": [0.81134, 0.898312, 0.918967, 0.84729, 0.370451, 0, 0.843542, 0.339899, 0.467566, 0.844885, 0.860768, 0.909844, 0.853369, 0.904144, 0.876951, 0.898106, 0.836, 0.876926, 0.853018]}, "MidHip": {"frame": [34, 35, 36, 37, 38, 39, 40, 41, 42, 43, 44, 45, 46, 47, 48, 49, 50, 51, 52], "x": [433.475, 431.557, 435.43, 435.465, 445.169, 456.968, 455.027, 462.835, 474.576, 470.666, 460.957, 456.963, 445.279, 445.138, 435.459, 415.907, 394.29, 368.834, 357.051], "y": [433.504, 443.28, 449.201, 462.909, 476.469, 478.449, 476.619, 466.786, 455.023, 445.241, 441.267, 433.489, 431.43, 433.464, 439.359, 447.123, 458.904, 458.878, 449.184], "conf": [0.843226, 0.902702, 0.829321, 0.86316, 0.891246, 0.830964, 0.813572, 0.845445, 0.790721, 0.802724, 0.791639, 0.775208, 0.850355, 0.846287, 0.766635, 0.797625, 0.781646, 0.846832, 0.836191]}, "RHip": {"frame": [34, 35, 36, 37, 38, 39, 40, 41, 42, 43, 44, 45, 46, 47, 48, 49, 50, 51, 52], "x": [421.706, 419.757, 429.443, 427.57, 433.506, 447.21, 472.648, 478.551, 488.327, 480.551, 476.489, 466.77, 458.932, 453.025, 447.13, 423.652, 400.221, 357.075, 347.262], "y": [441.257, 447.095, 455.013, 464.809, 476.537, 476.644, 474.595, 464.78, 449.204, 439.344, 431.483, 427.6, 419.769, 425.639, 431.452, 443.228, 453.059, 456.925, 449.135], "conf": [0.79833, 0.859905, 0.824798, 0.856175, 0.871392, 0.798107, 0.784912, 0.850611, 0.789008, 0.797451, 0.798523, 0.763716, 0.761487, 0.78824, 0.794199, 0.683511, 0.77451, 0.757248, 0.845433]}, "RKnee": {"frame": [34, 35, 36, 37, 38, 39, 40, 41, 42, 43, 44, 45, 46, 47, 48, 49, 50, 51, 52], "x": [443.192, 445.183, 449.108, 458.95, 460.958, 468.718, 476.555, 480.478, 498.132, 507.949, 537.27, 537.249, 521.584, 476.611, 413.913, 368.881, 415.901, 321.889, 321.706], "y": [502.05, 504.019, 505.986, 511.798, 525.553, 525.607, 537.321, 521.584, 505.983, 480.456, 464.805, 445.2, 451.139, 470.661, 478.582, 494.124, 523.605, 507.848, 507.927], "conf": [0.857257, 0.926768, 0.919062, 0.930155, 0.961471, 0.67069, 0.900284, 0.798355, 0.606976, 0.808915, 0.885291, 0.856352, 0.838386, 0.861598, 0.767135, 0.910745, 0.938199, 0.942423, 1.00497]}, "RAnkle": {"frame": [34, 35, 36, 37, 38, 39, 40, 41, 42, 43, 44, 45, 46, 47, 48, 49, 50, 51, 52], "x": [415.903, 415.869, 415.925, 417.875, 427.579, 449.167, 441.296, 478.523, 492.261, 521.615, 594.096, 615.681, 582.376, 509.884, 413.9, 351.197, 472.68, 337.537, 337.573], "y": [572.579, 572.539, 572.594, 572.604, 570.67, 562.787, 572.575, 560.817, 513.797, 478.478, 429.466, 439.335, 474.559, 509.833, 539.148, 558.921, 570.526, 572.646, 572.615], "conf": [0.917377, 0.928568, 0.915296, 0.889115, 0.890926, 0.740251, 0.768248, 0.59771, 0.748284, 0.726254, 0.575439, 0.776661, 0.800065, 0.868544, 0.853264, 0.885952, 0.883923, 0.90043, 0.907151]}, "LHip": {"frame": [34, 35, 36, 37, 38, 39, 40, 41, 42, 43, 44, 45, 46, 47, 48, 49, 50, 51, 52], "x": [447.231, 447.103, 447.165, 447.194, 449.207, 462.836, 437.362, 447.1, 460.788, 458.886, 447.221, 445.174, 433.443, 431.513, 429.529, 413.914, 384.454, 382.427, 368.899],