{"Nose": {"frame": [30, 31, 32, 33, 34, 35, 36, 37, 38, 39, 40, 41, 42, 43, 44, 45, 46, 47, 48, 49, 50], "x": [535.306, 539.319, 549.031, 554.979, 552.978, 547.067, 0, 0, 0, 0, 0, 0, 0, 0, 0, 0, 0, 0, 0, 0, 349.258], "y": [327.663, 341.38, 357.107, 368.809, 366.921, 380.599, 0, 0, 0, 0, 0, 0, 0, 0, 0, 0, 0, 0, 0, 0, 321.742], "conf": [0.453097, 0.711091, 0.638776, 0.796897, 0.660629, 0.267731, 0, 0, 0, 0, 0, 0, 0, 0, 0, 0, 0, 0, 0, 0, 0.722825]}, "Neck": {"frame": [30, 31, 32, 33, 34, 35, 36, 37, 38, 39, 40, 41, 42, 43, 44, 45, 46, 47, 48, 49, 50], "x": [509.807, 511.885, 523.559, 527.546, 529.513, 525.549, 523.499, 507.995, 494.124, 478.626, 468.771, 458.913, 447.195, 435.441, 417.791, 400.25, 394.262, 384.578, 382.562, 376.639, 370.781], "y": [355.081, 368.76, 384.426, 394.294, 396.257, 408.016, 415.915, 417.775, 411.941, 398.142, 384.588, 384.476, 392.305, 400.181, 402.086, 402.091, 398.143, 384.465, 368.872, 359.052, 351.262], "conf": [0.949175, 0.933974, 0.971119, 0.860076, 0.857948, 0.855338, 0.919097, 0.904802, 0.8968, 0.922094, 0.876625, 0.919846, 0.879362, 0.883032, 0.886501, 0.886212, 0.875037, 0.901851, 0.895926, 0.792883, 0.919127]}, "RShoulder": {"frame": [30, 31, 32, 33, 34, 35, 36, 37, 38, 39, 40, 41, 42, 43, 44, 45, 46, 47, 48, 49, 50], "x": [494.115, 496.236, 505.992, 509.927, 509.924, 543.237, 543.222, 525.598, 507.905, 496.213, 492.203, 476.649, 462.965, 449.115, 429.627, 409.91, 398.27, 392.327, 384.467, 378.594, 366.764], "y": [360.967, 372.751, 388.415, 398.294, 398.143, 402.131, 411.895, 413.901, 411.857, 390.378, 382.445, 370.852, 376.618, 382.56, 384.451, 394.316, 386.457, 378.638, 364.902, 353.167, 349.181], "conf": [0.876459, 0.851739, 0.878806, 0.901129, 0.891284, 0.782575, 0.901419, 0.909002, 0.833975, 0.826446, 0.925029, 0.916543, 0.865587, 0.896095, 0.922079, 0.803854, 0.876111, 0.824225, 0.883179, 0.847857, 0.851121]}, "RElbow": {"frame": [30, 31, 32, 33, 34, 35, 36, 37, 38, 39, 40, 41, 42, 43, 44, 45, 46, 47, 48, 49, 50], "x": [494.305, 494.205, 482.455, 474.566, 476.625, 527.552, 586.204, 552.925, 509.813, 511.852, 502.057, 507.798, 488.286, 470.664, 447.195, 413.896, 384.532, 384.42, 368.773, 364.831, 355.067], "y": [409.939, 423.652, 431.592, 406.066, 392.354, 411.895, 394.279, 445.172, 449.158, 445.197, 415.785, 386.461, 366.803, 370.752, 394.314, 429.509, 427.597, 427.554, 407.979, 394.241, 382.485], "conf": [0.910651, 0.914496, 0.848261, 0.842024, 0.644493, 0.110206, 0.831784, 0.152404, 0.652353, 0.324294, 0.212576, 0.901158, 0.838118, 0.811794, 0.512204, 0.343429, 0.693573, 0.83368, 0.806725, 0.817333, 0.875106]}, "RWrist": {"frame": [30, 31, 32, 33, 34, 35, 36, 37, 38, 39, 40, 41, 42, 43, 44, 45, 46, 47, 48, 49, 50], "x": [537.261, 511.887, 476.598, 462.883, 462.812, 0, 607.799, 0, 494.164, 521.564, 486.334, 492.156, 474.613, 458.88, 443.229, 394.274, 358.996, 353.082, 341.412, 337.448, 337.492], "y": [415.893, 456.944, 470.67, 443.26, 392.32, 0, 376.673, 0, 462.947, 482.487, 445.279, 419.784, 359.035, 364.823, 400.143, 445.268, 431.506, 443.203, 441.287, 417.857, 404.054], "conf": [0.887265, 0.862509, 0.925028, 0.832998, 0.478211, 0, 0.653901, 0, 0.72426, 0.460234, 0.118283, 0.219662, 0.792999, 0.845329, 0.0666272, 0.331629, 0.783788, 0.838254, 0.781156, 0.906619, 0.914524]}, "LShoulder": {"frame": [30, 31, 32, 33, 34, 35, 36, 37, 38, 39, 40, 41, 42, 43, 44, 45, 46, 47, 48, 49, 50], "x": [525.476, 527.491, 539.298, 550.982, 552.972, 507.967, 496.158, 492.235, 478.61, 462.819, 447.202, 435.441, 431.469, 425.604, 406.074, 398.218, 386.428, 382.597, 380.603, 376.683, 382.505], "y": [351.251, 364.92, 378.585, 384.5, 394.278, 413.781, 427.594, 425.607, 413.808, 400.081, 396.194, 398.156, 407.97, 417.84, 419.774, 413.869, 402.197, 390.391, 376.64, 366.828, 355.097], "conf": [0.929418, 0.890005, 0.874588, 0.877919, 0.808605, 0.881081, 0.876531, 0.892883, 0.954109, 0.949514, 0.896343, 0.888528, 0.867551, 0.836461, 0.816408, 0.914583, 0.863331, 0.852821, 0.816204, 0.861474, 0.901644]}, "LElbow": {"frame": [30, 31, 32, 33, 34, 35, 36, 37, 38, 39, 40, 41, 42, 43, 44, 45, 46, 47, 48, 49, 50], "x": [527.49, 539.258, 556.953, 570.628, 539.33, 492.293, 494.152, 494.242, 494.112, 480.537, 464.824, 456.94, 447.262, 429.569, 398.239, 380.556, 374.685, 380.509, 386.474, 398.202, 402.083], "y": [386.526, 384.557, 380.599, 380.517, 427.574, 458.884, 462.873, 476.626, 431.541, 415.854, 415.886, 431.591, 447.208, 468.739, 464.876, 460.861, 449.226, 431.543, 415.828, 404.087, 398.272], "conf": [0.835422, 0.874358, 0.852363, 0.776146, 0.581631, 0.918038, 0.727996, 0.942042, 0.929972, 0.889346, 0.858944, 0.860109, 0.903333, 0.845693, 0.90067, 0.905705, 0.852683, 0.899713, 0.95447, 0.932329, 0.948758]}, "LWrist": {"frame": [30, 31, 32, 33, 34, 35, 36, 37, 38, 39, 40, 41, 42, 43, 44, 45, 46, 47, 48, 49, 50], "x": [552.956, 570.531, 586.326, 586.283, 556.926, 507.812, 502.069, 476.576, 476.507, 468.723, 470.723, 466.756, 449.186, 409.918, 370.822, 345.302, 339.502, 349.207, 364.906, 380.589, 386.417], "y": [400.177, 400.135, 384.523, 380.496, 445.18, 494.162, 492.16, 496.15, 453.041, 449.206, 453.063, 468.745, 478.619, 478.487, 460.949, 458.925, 458.964, 453.077, 447.16, 435.457, 431.623], "conf": [0.844965, 0.898381, 0.90607, 0.842897, 0.782649, 0.846411, 0.665214, 0.896418, 0.890489, 0.836395, 0.82046, 0.850707, 0.854481, 0.803881, 0.887538, 0.828292, 0.869379, 0.827097, 0.93221, 0.860366, 0.915603]}, "MidHip": {"frame": [30, 31, 32, 33, 34, 35, 36, 37, 38, 39, 40, 41, 42, 43, 44, 45, 46, 47, 48, 49, 50], "x": [509.879, 509.826, 509.873, 517.675, 527.472, 531.455, 539.204, 545.118, 545.13, 539.235, 525.623, 521.571, 517.704, 502.017, 470.682, 443.191, 427.551, 415.819, 407.966, 400.103, 388.449], "y": [433.435, 445.165, 456.972, 466.785, 476.534, 478.516, 472.638, 458.92, 453.05, 447.207, 445.153, 443.216, 445.294, 447.264, 462.8, 466.805, 466.806, 458.928, 445.232, 435.433, 431.534], "conf": [0.919596, 0.927567, 0.894217, 0.815106, 0.854847, 0.80271, 0.854523, 0.824336, 0.762411, 0.820513, 0.808275, 0.805788, 0.812181, 0.777693, 0.804171, 0.801377, 0.813526, 0.87044, 0.841564, 0.841423, 0.822601]}, "RHip": {"frame": [30, 31, 32, 33, 34, 35, 36, 37, 38, 39, 40, 41, 42, 43, 44, 45, 46, 47, 48, 49, 50], "x": [496.212, 496.214, 500.07, 507.951, 521.64, 549.048, 554.828, 558.915, 556.982, 551.018, 539.222, 527.494, 525.539, 502.042, 458.949, 429.496, 413.893, 409.923, 400.204, 392.346, 382.502], "y": [435.458, 447.129, 458.911, 470.653, 476.563, 476.607, 464.877, 451.105, 445.278, 439.352, 431.553, 429.609, 433.5, 445.135, 460.971, 466.739, 464.85, 456.978, 445.153, 435.405, 431.456], "conf": [0.82344, 0.880549, 0.838293, 0.856063, 0.841688, 0.793249, 0.828048, 0.791971, 0.818728, 0.734237, 0.783831, 0.791577, 0.780408, 0.720892, 0.724835, 0.790061, 0.813404, 0.760847, 0.812731, 0.733767, 0.839264]}, "RKnee": {"frame": [30, 31, 32, 33, 34, 35, 36, 37, 38, 39, 40, 41, 42, 43, 44, 45, 46, 47, 48, 49, 50], "x": [509.957, 519.675, 525.586, 539.255, 554.903, 554.809, 556.978, 574.575, 605.913, 607.882, 605.887, 580.362, 511.863, 455.016, 413.95, 388.387, 376.624, 368.848, 368.88, 370.75, 368.897], "y": [494.232, 496.216, 504.025, 515.731, 503.987, 531.442, 519.663, 498.152, 496.18, 470.675, 443.273, 449.109, 472.646, 478.468, 494.22, 500.048, 503.946, 503.98, 500.066, 494.156, 496.166], "conf": [0.938265, 0.879984, 0.91936, 0.895746, 0.756211, 0.794634, 0.798158, 0.758842, 0.852273, 0.832699, 0.701969, 0.823001, 0.26953, 0.870185, 0.942182, 0.870969, 0.862072, 0.915316, 0.885757, 0.838636, 0.792226]}, "RAnkle": {"frame": [30, 31, 32, 33, 34, 35, 36, 37, 38, 39, 40, 41, 42, 43, 44, 45, 46, 47, 48, 49, 50], "x": [492.231, 492.264, 494.181, 498.096, 519.641, 527.503, 555.022, 576.515, 600.003, 0, 672.498, 635.232, 517.696, 431.442, 394.234, 392.318, 390.359, 386.518, 386.42, 386.408, 382.594],