{"Nose": {"frame": [27, 28, 29, 30, 31, 32, 33, 34, 35, 37], "x": [462.96, 462.936, 462.947, 466.823, 474.54, 478.517, 486.38, 494.246, 494.323, 0], "y": [317.883, 317.831, 315.947, 317.879, 321.77, 335.454, 349.242, 362.971, 358.989, 0], "conf": [0.7334, 0.729343, 0.684098, 0.64634, 0.694918, 0.781917, 0.652795, 0.72386, 0.779976, 0]}, "Neck": {"frame": [27, 28, 29, 30, 31, 32, 33, 34, 35, 37], "x": [441.331, 443.195, 445.149, 445.244, 449.117, 455.029, 462.791, 470.708, 476.576, 474.567], "y": [339.424, 337.581, 339.49, 343.365, 349.252, 357.033, 368.897, 380.592, 382.585, 400.253], "conf": [0.876949, 0.877738, 0.878266, 0.874509, 0.910201, 0.857693, 0.954853, 0.862631, 0.956829, 0.896044]}, "RShoulder": {"frame": [27, 28, 29, 30, 31, 32, 33, 34, 35, 37], "x": [427.543, 427.617, 429.506, 431.59, 437.411, 443.233, 447.2, 453.075, 460.835, 494.22], "y": [343.366, 345.275, 345.341, 351.088, 353.091, 364.881, 376.645, 384.517, 384.409, 394.314], "conf": [0.820178, 0.835853, 0.850487, 0.891848, 0.868546, 0.871871, 0.884991, 0.854222, 0.933975, 0.882957]}, "RElbow": {"frame": [27, 28, 29, 30, 31, 32, 33, 34, 35, 37], "x": [431.506, 433.536, 445.151, 441.318, 439.301, 441.303, 433.508, 427.523, 431.538, 525.647], "y": [382.505, 382.549, 382.534, 388.433, 398.109, 409.957, 413.923, 413.772, 384.473, 382.432], "conf": [0.94842, 0.910435, 0.930031, 0.842974, 0.852001, 0.816065, 0.933498, 0.878462, 0.73445, 0.86088]}, "RWrist": {"frame": [27, 28, 29, 30, 31, 32, 33, 34, 35, 37], "x": [460.869, 462.874, 466.769, 470.687, 472.671, 460.941, 431.518, 413.965, 431.485, 537.334], "y": [366.879, 366.788, 366.858, 374.728, 400.232, 433.534, 453.047, 447.109, 384.487, 360.981], "conf": [0.934225, 0.928304, 0.865049, 0.834064, 0.89042, 0.92738, 0.927869, 0.9689, 0.410547, 0.724075]}, "LShoulder": {"frame": [27, 28, 29, 30, 31, 32, 33, 34, 35, 37], "x": [455.029, 455.015, 458.968, 456.961, 462.784, 466.797, 476.566, 490.262, 492.293, 447.277], "y": [337.492, 337.379, 337.469, 337.555, 343.363, 353.069, 366.78, 370.794, 382.502, 413.832], "conf": [0.842847, 0.837793, 0.85405, 0.805864, 0.86095, 0.846573, 0.879185, 0.819028, 0.895362, 0.896771]}, "LElbow": {"frame": [27, 28, 29, 30, 31, 32, 33, 34, 35, 37], "x": [468.711, 474.591, 478.489, 462.853, 464.78, 474.567, 494.182, 521.658, 507.923, 445.163], "y": [370.761, 355.131, 357.068, 368.809, 370.805, 374.669, 364.928, 357.055, 400.115, 445.274], "conf": [0.454612, 0.359481, 0.546073, 0.361943, 0.696751, 0.623307, 0.705261, 0.707098, 0.749447, 0.865282]}, "LWrist": {"frame": [27, 28, 29, 30, 31, 32, 33, 34, 35, 37], "x": [476.503, 476.619, 484.387, 478.479, 488.326, 494.207, 507.964, 507.913, 511.895, 447.274], "y": [366.851, 358.997, 364.914, 366.804, 370.792, 370.84, 366.879, 353.16, 402.125, 470.682], "conf": [0.498444, 0.444371, 0.260993, 0.378862, 0.735344, 0.764089, 0.787749, 0.757147, 0.653195, 0.782654]}, "MidHip": {"frame": [27, 28, 29, 30, 31, 32, 33, 34, 35, 37], "x": [453.072, 458.942, 460.805, 455.015, 455.04, 458.908, 460.976, 460.901, 468.713, 480.463], "y": [408.017, 404.09, 400.228, 407.994, 415.856, 427.542, 433.524, 445.258, 453.074, 460.816], "conf": [0.764762, 0.797511, 0.828489, 0.773609, 0.865973, 0.865287, 0.901529, 0.944457, 0.792339, 0.856934]}, "RHip": {"frame": [27, 28, 29, 30, 31, 32, 33, 34, 35, 37], "x": [445.214, 447.17, 447.188, 445.31, 445.233, 445.306, 449.215, 449.19, 460.905, 494.164], "y": [413.924, 413.845, 411.869, 413.887, 419.728, 429.531, 437.393, 447.143, 453.041, 456.98], "conf": [0.859864, 0.866691, 0.841401, 0.879696, 0.867593, 0.896633, 0.835632, 0.886917, 0.842858, 0.848492]}, "RKnee": {"frame": [27, 28, 29, 30, 31, 32, 33, 34, 35, 37], "x": [447.242, 449.195, 451.127, 453.089, 456.94, 458.968, 462.905, 476.556, 492.32, 494.306], "y": [472.654, 468.76, 468.755, 470.706, 474.642, 476.458, 478.515, 480.565, 476.482, 496.125], "conf": [0.868841, 0.839508, 0.82427, 0.818591, 0.868751, 0.919514, 0.913205, 0.877087, 0.885145, 0.841345]}, "RAnkle": {"frame": [27, 28, 29, 30, 31, 32, 33, 34, 35, 37], "x": [437.425, 435.48, 437.403, 435.476, 437.418, 439.369, 443.222, 445.233, 507.879, 484.411], "y": [537.29, 537.282, 533.4, 537.253, 537.296, 535.335, 537.248, 533.361, 525.605, 531.44], "conf": [0.824157, 0.840168, 0.81556, 0.832414, 0.844129, 0.830358, 0.858784, 0.86768, 0.816354, 0.553629]}, "LHip": {"frame": [27, 28, 29, 30, 31, 32, 33, 34, 35, 37], "x": [462.849, 464.879, 466.818, 462.867, 464.785, 466.791, 472.63, 466.821, 476.651, 466.778], "y": [400.186, 398.205, 396.244, 400.203, 413.876, 421.692, 431.6, 445.147, 453.059, 460.945], "conf": [0.828028, 0.772766, 0.767443, 0.845775, 0.882506, 0.828254, 0.845256, 0.83272, 0.823111, 0.802393]}, "LKnee": {"frame": [27, 28, 29, 30, 31, 32, 33, 34, 35, 37], "x": [503.964, 490.272, 494.23, 507.951, 509.827, 507.945, 492.314, 494.121, 486.33, 484.379], "y": [374.685, 355.084, 360.941, 386.44, 431.479, 457.005, 478.557, 476.632, 498.131, 494.218], "conf": [0.805847, 0.777301, 0.831523, 0.9004, 0.936701, 0.915126, 0.922821, 0.876248, 0.768442, 0.805847]}, "LAnkle": {"frame": [27, 28, 29, 30, 31, 32, 33, 34, 35, 37], "x": [552.9, 535.303, 509.904, 478.625, 478.59, 505.982, 537.267, 523.645, 456.987, 480.487], "y": [398.192, 374.695, 400.172, 445.17, 478.444, 511.868, 513.788, 509.973, 525.553, 535.344], "conf": [0.86723, 0.804457, 0.897859, 0.911425, 0.924805, 0.871965, 0.837995, 0.935444, 0.850756, 0.619052]}, "REye": {"frame": [27, 28, 29, 30, 31, 32, 33, 34, 35, 37], "x": [462.863, 462.845, 462.848, 464.815, 466.815, 476.588, 480.562, 492.285, 494.14, 0], "y": [311.991, 310.077, 310.036, 311.977, 319.795, 331.561, 345.336, 357.034, 353.244, 0], "conf": [0.756542, 0.757896, 0.738851, 0.67301, 0.695338, 0.753739, 0.68959, 0.738075, 0.857771, 0]}, "LEye": {"frame": [27, 28, 29, 30, 31, 32, 33, 34, 35, 37], "x": [0, 0, 0, 0, 0, 478.457, 0, 494.224, 0, 0], "y": [0, 0, 0, 0, 0, 333.511, 0, 357.067, 0, 0], "conf": [0, 0, 0, 0, 0, 0.0530971, 0, 0.0689554, 0, 0]}, "REar": {"frame": [27, 28, 29, 30, 31, 32, 33, 34, 35, 37], "x": [455.003, 453.073, 454.994, 456.972, 460.863, 462.929, 474.547, 478.604, 484.405, 474.585], "y": [313.977, 313.945, 313.929, 315.912, 321.712, 335.395, 349.201, 359.038, 359.006, 376.668], "conf": [0.823787, 0.821148, 0.823473, 0.819076, 0.878424, 0.853031, 0.836719, 0.831602, 0.82885, 0.823425]}, "LEar": {"frame": [27, 28, 29, 30, 31, 32, 33, 34, 35, 37], "x": [0, 0, 0, 0, 0, 0, 0, 0, 0, 447.274], "y": [0, 0, 0, 0, 0, 0, 0, 0, 0, 384.432], "conf": [0, 0, 0, 0, 0, 0, 0, 0, 0, 0.81677]}, "LBigToe": {"frame": [27, 28, 29, 30, 31, 32, 33, 34, 35, 37], "x": [568.592, 554.886, 525.563, 492.299, 494.141, 529.494, 558.839, 547.074, 464.85, 496.151], "y": [372.725, 351.196, 398.207, 460.818, 503.967, 537.234, 509.822, 505.946, 545.11, 539.287], "conf": [0.592001, 0.750012, 0.665907, 0.851268, 0.826949, 0.798506, 0.786009, 0.730835, 0.77925, 0.326473]}, "LSmallToe": {"frame": [27, 28, 29, 30, 31, 32, 33, 34, 35, 37], "x": [562.799, 550.968, 523.606, 494.153, 494.195, 527.567, 556.854, 541.276, 464.871, 494.168], "y": [370.801, 351.163, 396.258, 458.93, 496.181, 527.503, 507.874, 503.963, 541.273, 539.272], "conf": [0.607089, 0.726857, 0.673852, 0.743821, 0.794859, 0.774625, 0.823514, 0.737029, 0.759354, 0.306567]}, "LHeel": {"frame": [27, 28, 29, 30, 31, 32, 33, 34, 35, 37], "x": [554.869, 537.326, 509.808, 474.643, 474.586, 494.256, 539.187, 523.663, 447.117, 476.561], "y": [406.026, 384.497, 409.972, 447.184, 478.456, 519.68, 523.603, 523.508, 525.526, 539.314], "conf": [0.751329, 0.819154, 0.722845, 0.821711, 0.783205, 0.773041, 0.836736, 0.835849, 0.842938, 0.477925]}, "RBigToe": {"frame": [27, 28, 29, 30, 31, 32, 33, 34, 35, 37], "x": [466.769, 466.777, 464.782, 464.817, 464.785, 462.933, 462.857, 462.91, 523.555, 498.117], "y": [545.143, 543.146, 541.17, 541.231, 541.277, 541.186, 541.308, 541.252, 533.363, 539.262],