{"Nose": {"frame": [0, 1, 2, 4], "x": [257.167, 257.16, 259.162, 272.759], "y": [227.785, 235.569, 239.503, 241.472], "conf": [0.959062, 0.904166, 0.904961, 0.963048]}, "Neck": {"frame": [0, 1, 2, 4], "x": [259.1, 259.097, 261.108, 268.926], "y": [261.103, 264.994, 268.932, 270.832], "conf": [0.91912, 0.896651, 0.868922, 0.877654]}, "RShoulder": {"frame": [0, 1, 2, 4], "x": [219.953, 221.882, 223.859, 227.752], "y": [270.823, 270.9, 270.847, 268.875], "conf": [0.819413, 0.839644, 0.859204, 0.853222]}, "RElbow": {"frame": [0, 1, 2, 4], "x": [194.468, 194.401, 196.433, 194.534], "y": [319.809, 319.875, 319.803, 306.168], "conf": [0.924804, 0.921114, 0.914378, 0.93037]}, "RWrist": {"frame": [0, 1, 2, 4], "x": [214.117, 212.068, 212.059, 210.022], "y": [366.804, 366.886, 364.841, 353.234], "conf": [0.863857, 0.90147, 0.852922, 0.843655]}, "LShoulder": {"frame": [0, 1, 2, 4], "x": [302.129, 302.183, 304.158, 306.065], "y": [257.172, 259.131, 264.953, 270.816], "conf": [0.88352, 0.89312, 0.870382, 0.893856]}, "LElbow": {"frame": [0, 1, 2, 4], "x": [304.224, 306.041, 304.179, 304.19], "y": [313.955, 311.986, 317.816, 319.739], "conf": [0.772943, 0.882559, 0.872648, 0.914254]}, "LWrist": {"frame": [0, 1, 2, 4], "x": [304.141, 292.478, 290.403, 290.5], "y": [368.87, 353.244, 357.101, 364.876], "conf": [0.712055, 0.835819, 0.851753, 0.907881]}, "MidHip": {"frame": [0, 1, 2, 4], "x": [259.082, 251.291, 241.495, 239.476], "y": [370.832, 372.726, 368.824, 366.807], "conf": [0.797846, 0.750507, 0.810121, 0.808707]}, "RHip": {"frame": [0, 1, 2, 4], "x": [239.497, 227.776, 221.845, 214.052], "y": [370.833, 370.749, 366.834, 360.983], "conf": [0.743558, 0.788564, 0.734049, 0.745268]}, "RKnee": {"frame": [0, 1, 2, 4], "x": [241.461, 239.456, 227.708, 206.208], "y": [462.819, 464.815, 462.838, 455.036], "conf": [0.834984, 0.809807, 0.869443, 0.788743]}, "RAnkle": {"frame": [0, 1, 2, 4], "x": [241.38, 243.513, 241.483, 184.663], "y": [556.942, 560.828, 556.855, 552.981], "conf": [0.807578, 0.80265, 0.837337, 0.803399]}, "LHip": {"frame": [0, 1, 2, 4], "x": [280.661, 272.852, 261.04, 259.058], "y": [370.829, 376.678, 372.745, 368.885], "conf": [0.728717, 0.770246, 0.761815, 0.826424]}, "LKnee": {"frame": [0, 1, 2, 4], "x": [274.866, 257.053, 247.376, 255.115], "y": [462.874, 468.749, 462.901, 458.972], "conf": [0.828477, 0.808072, 0.81332, 0.823555]}, "LAnkle": {"frame": [0, 1, 2, 4], "x": [229.757, 216.043, 225.77, 249.34], "y": [539.171, 547.078, 554.845, 547.115], "conf": [0.774335, 0.771828, 0.857641, 0.786498]}, "REye": {"frame": [0, 1, 2, 4], "x": [249.292, 249.276, 255.191, 263.022], "y": [223.82, 227.684, 227.839, 231.652], "conf": [0.869613, 0.896416, 0.921924, 0.869615]}, "LEye": {"frame": [0, 1, 2, 4], "x": [263.004, 262.993, 270.809, 276.774], "y": [223.759, 225.862, 227.804, 231.712], "conf": [0.865202, 0.920402, 0.907506, 0.861294]}, "REar": {"frame": [0, 1, 2, 4], "x": [241.419, 241.414, 243.433, 255.204], "y": [225.75, 227.686, 227.87, 229.758], "conf": [0.798933, 0.759998, 0.732736, 0.72222]}, "LEar": {"frame": [0, 1, 2, 4], "x": [274.87, 274.875, 282.59, 290.424], "y": [223.836, 225.855, 227.754, 233.633], "conf": [0.835594, 0.886582, 0.85367, 0.817165]}, "LBigToe": {"frame": [0, 1, 2, 4], "x": [227.796, 225.874, 245.443, 268.86], "y": [572.485, 572.619, 580.391, 568.661], "conf": [0.175886, 0.681492, 0.231332, 0.809173]}, "LSmallToe": {"frame": [0, 1, 2, 4], "x": [0, 229.749, 0, 274.714], "y": [0, 570.627, 0, 560.844], "conf": [0, 0.688951, 0, 0.851458]}, "LHeel": {"frame": [0, 1, 2, 4], "x": [221.866, 210.052, 212.166, 241.496], "y": [539.277, 554.842, 558.848, 556.949], "conf": [0.578406, 0.764552, 0.775816, 0.849046]}, "RBigToe": {"frame": [0, 1, 2, 4], "x": [251.293, 259.063, 264.957, 196.525], "y": [588.217, 586.285, 584.25, 578.462], "conf": [0.859424, 0.821679, 0.846515, 0.786705]}, "RSmallToe": {"frame": [0, 1, 2, 4], "x": [239.527, 243.536, 255.152, 182.724], "y": [586.318, 586.235, 584.301, 576.466], "conf": [0.843219, 0.797294, 0.815466, 0.74283]}, "RHeel": {"frame": [0, 1, 2, 4], "x": [235.577, 243.477, 239.462, 180.801], "y": [566.654, 570.628, 566.691, 556.993], "conf": [0.59184, 0.810626, 0.630384, 0.694622]}, "Background": {"frame": [], "x": [], "y": [], "conf": []}}