{"Nose": {"frame": [32, 33, 34, 35, 36, 37, 38, 39, 40, 41, 42, 43, 44, 45, 46, 47, 48, 49, 50], "x": [551.019, 554.905, 556.853, 558.874, 570.593, 572.569, 570.511, 0, 0, 0, 0, 0, 0, 0, 0, 0, 0, 476.479, 470.673], "y": [323.817, 331.561, 339.443, 355.129, 366.834, 366.911, 366.798, 0, 0, 0, 0, 0, 0, 0, 0, 0, 0, 388.438, 413.897], "conf": [0.201274, 0.236915, 0.440268, 0.557071, 0.714467, 0.583923, 0.0752851, 0, 0, 0, 0, 0, 0, 0, 0, 0, 0, 0.14042, 0.874843]}, "Neck": {"frame": [32, 33, 34, 35, 36, 37, 38, 39, 40, 41, 42, 43, 44, 45, 46, 47, 48, 49, 50], "x": [525.54, 525.585, 527.581, 539.219, 543.258, 549.046, 552.895, 547.135, 547.082, 539.323, 535.335, 525.656, 523.662, 519.661, 515.776, 511.849, 513.777, 509.87, 509.875], "y": [353.083, 358.994, 366.916, 382.553, 394.313, 396.213, 398.251, 411.91, 413.783, 404.075, 386.497, 368.902, 355.168, 351.262, 351.268, 355.102, 368.883, 402.148, 425.628], "conf": [0.947245, 0.885271, 0.919267, 0.965789, 0.859292, 0.826417, 0.78901, 0.838888, 0.88306, 0.894796, 0.865755, 0.925308, 0.915165, 0.925356, 0.910165, 0.902027, 0.88776, 0.918689, 0.906792]}, "RShoulder": {"frame": [32, 33, 34, 35, 36, 37, 38, 39, 40, 41, 42, 43, 44, 45, 46, 47, 48, 49, 50], "x": [509.83, 509.897, 511.863, 521.584, 525.544, 529.432, 554.905, 572.642, 570.619, 556.88, 552.945, 552.978, 550.983, 541.194, 539.323, 537.217, 533.391, 523.63, 515.736], "y": [355.074, 366.775, 372.751, 386.527, 400.14, 400.167, 400.142, 398.154, 400.24, 400.263, 384.538, 366.94, 351.251, 339.494, 337.507, 341.406, 359.004, 384.547, 409.945], "conf": [0.921714, 0.907333, 0.854275, 0.855693, 0.914567, 0.857525, 0.667393, 0.834638, 0.922061, 0.912503, 0.918218, 0.94243, 0.915957, 0.898069, 0.913215, 0.850844, 0.821721, 0.894081, 0.831469]}, "RElbow": {"frame": [32, 33, 34, 35, 36, 37, 38, 39, 40, 41, 42, 43, 44, 45, 46, 47, 48, 49, 50], "x": [515.751, 511.91, 509.962, 509.792, 496.121, 492.232, 509.951, 605.889, 582.333, 547.096, 556.829, 554.884, 572.632, 564.755, 560.799, 556.975, 523.625, 551.014, 545.171], "y": [400.265, 411.907, 421.728, 433.484, 431.482, 400.201, 404.049, 368.82, 427.601, 445.25, 431.458, 408.01, 366.893, 327.678, 321.783, 337.545, 411.905, 390.373, 421.704], "conf": [0.867031, 0.872, 0.859828, 0.922647, 0.924748, 0.912759, 0.601493, 0.797238, 0.0974847, 0.724028, 0.733753, 0.524002, 0.861408, 0.798261, 0.853512, 0.852751, 0.289996, 0.790657, 0.814933]}, "RWrist": {"frame": [32, 33, 34, 35, 36, 37, 38, 39, 40, 41, 42, 43, 44, 45, 46, 47, 48, 49, 50], "x": [545.138, 554.833, 545.137, 513.846, 486.399, 496.212, 529.448, 586.222, 0, 523.594, 547.13, 525.523, 549.032, 556.947, 549.081, 537.266, 490.263, 535.301, 539.245], "y": [384.507, 406.015, 447.271, 480.496, 472.626, 431.575, 376.652, 370.759, 0, 474.604, 470.684, 431.472, 384.467, 313.923, 296.314, 321.762, 419.761, 415.888, 447.215], "conf": [0.854584, 0.869276, 0.853248, 0.867895, 0.852829, 0.745716, 0.432746, 0.590155, 0, 0.799704, 0.748469, 0.500905, 0.206732, 0.871681, 0.817729, 0.787085, 0.126567, 0.280603, 0.593113]}, "LShoulder": {"frame": [32, 33, 34, 35, 36, 37, 38, 39, 40, 41, 42, 43, 44, 45, 46, 47, 48, 49, 50], "x": [541.194, 541.286, 545.117, 556.818, 568.636, 570.508, 539.206, 523.5, 525.482, 523.567, 515.771, 505.969, 498.172, 494.217, 494.122, 492.313, 496.123, 496.163, 507.844], "y": [351.164, 353.237, 362.942, 374.672, 384.447, 384.554, 400.098, 425.625, 419.779, 406.061, 386.512, 372.737, 364.852, 362.926, 366.806, 368.874, 382.562, 417.872, 443.198], "conf": [0.874801, 0.860287, 0.828589, 0.887264, 0.916179, 0.772838, 0.64798, 0.861678, 0.893242, 0.889801, 0.865803, 0.882529, 0.853035, 0.893016, 0.94498, 0.939418, 0.905769, 0.803886, 0.828166]}, "LElbow": {"frame": [32, 33, 34, 35, 36, 37, 38, 39, 40, 41, 42, 43, 44, 45, 46, 47, 48, 49, 50], "x": [556.905, 541.302, 554.864, 576.47, 588.244, 578.446, 509.872, 521.572, 525.576, 525.607, 521.605, 507.918, 496.226, 498.129, 507.872, 507.89, 494.178, 460.839, 462.895], "y": [392.323, 390.397, 386.46, 382.626, 378.591, 370.776, 402.189, 476.638, 472.649, 445.296, 415.767, 404.083, 400.119, 402.108, 415.798, 415.789, 427.566, 445.264, 464.879], "conf": [0.618582, 0.616225, 0.882633, 0.84424, 0.780669, 0.554591, 0.357011, 0.87647, 0.779937, 0.808443, 0.919279, 0.874999, 0.901351, 0.848565, 0.899486, 0.93974, 0.864578, 0.932617, 0.902524]}, "LWrist": {"frame": [32, 33, 34, 35, 36, 37, 38, 39, 40, 41, 42, 43, 44, 45, 46, 47, 48, 49, 50], "x": [558.87, 564.694, 586.255, 607.882, 617.654, 601.938, 523.58, 533.396, 533.368, 521.575, 496.198, 498.092, 494.253, 505.964, 509.93, 498.091, 460.923, 427.575, 431.476], "y": [376.624, 394.287, 400.181, 394.261, 368.787, 372.739, 382.503, 498.087, 478.559, 470.697, 443.233, 437.367, 435.471, 441.276, 451.123, 445.282, 427.561, 415.838, 445.245], "conf": [0.695349, 0.696405, 0.926249, 0.842063, 0.885928, 0.557664, 0.141682, 0.717311, 0.355701, 0.397162, 0.882266, 0.838873, 0.857502, 0.848422, 0.862102, 0.880264, 0.843419, 0.876912, 0.892586]}, "MidHip": {"frame": [32, 33, 34, 35, 36, 37, 38, 39, 40, 41, 42, 43, 44, 45, 46, 47, 48, 49, 50], "x": [527.507, 527.573, 529.469, 537.327, 539.188, 545.113, 554.913, 556.998, 568.576, 572.655, 576.466, 572.548, 568.683, 564.751, 566.639, 564.756, 568.603, 556.905, 539.331], "y": [429.561, 433.521, 445.271, 453.087, 462.946, 474.631, 478.57, 474.625, 462.84, 449.126, 439.33, 429.58, 427.542, 419.757, 421.699, 429.447, 445.159, 464.871, 488.298], "conf": [0.873359, 0.838427, 0.876049, 0.8566, 0.916641, 0.849332, 0.839729, 0.832358, 0.851608, 0.824999, 0.773614, 0.82595, 0.796037, 0.769746, 0.798902, 0.810272, 0.836942, 0.788697, 0.836265]}, "RHip": {"frame": [32, 33, 34, 35, 36, 37, 38, 39, 40, 41, 42, 43, 44, 45, 46, 47, 48, 49, 50], "x": [517.7, 519.632, 519.694, 525.53, 525.535, 539.274, 562.79, 574.486, 584.306, 588.317, 588.315, 586.286, 582.325, 576.463, 574.586, 576.501, 572.573, 554.968, 525.645], "y": [433.464, 441.266, 447.279, 458.866, 464.848, 476.553, 478.614, 468.752, 460.876, 445.256, 431.529, 423.669, 415.857, 413.798, 413.842, 417.784, 437.403, 460.924, 480.464], "conf": [0.806443, 0.810701, 0.838424, 0.877001, 0.883027, 0.919125, 0.776326, 0.806745, 0.847972, 0.86284, 0.86249, 0.777599, 0.786404, 0.778996, 0.825464, 0.776282, 0.739542, 0.671907, 0.784456]}, "RKnee": {"frame": [32, 33, 34, 35, 36, 37, 38, 39, 40, 41, 42, 43, 44, 45, 46, 47, 48, 49, 50], "x": [537.314, 539.204, 543.191, 550.971, 556.816, 564.709, 570.555, 582.364, 596.106, 617.682, 633.282, 643.057, 649.011, 633.313, 603.925, 560.855, 509.845, 490.203, 478.593], "y": [498.135, 496.19, 500.111, 505.941, 511.821, 525.587, 533.397, 533.358, 527.557, 507.934, 486.382, 460.857, 433.539, 447.264, 460.837, 466.764, 462.77, 474.607, 498.133], "conf": [0.892812, 0.934465, 0.879669, 0.894053, 0.966428, 0.861855, 0.814744, 0.85476, 0.83444, 0.952034, 0.86995, 0.884464, 0.783432, 0.908313, 0.908921, 0.467529, 0.942491, 0.868673, 0.914178]}, "RAnkle": {"frame": [32, 33, 34, 35, 36, 37, 38, 39, 40, 41, 42, 43, 44, 45, 46, 47, 48, 49, 50], "x": [511.809, 511.797, 511.853, 513.779, 519.646, 525.657, 545.191, 552.998, 572.548, 586.24, 641.103, 694.049, 717.514, 697.905, 637.178, 558.914, 509.844, 480.522, 490.239], "y": [570.558, 568.678, 568.673, 570.495, 568.669, 562.751, 558.839, 556.855, 535.374, 507.925, 455.034, 425.58, 441.256, 474.549, 500.067, 513.815, 535.334, 541.289, 570.608], "conf": [0.904277, 0.892572, 0.874378, 0.868262, 0.853858, 0.85151, 0.802666, 0.740003, 0.732381, 0.763055, 0.520796, 0.679565, 0.796787, 0.865009, 0.842141, 0.629768, 0.88246, 0.880831, 0.897222]}, "LHip": {"frame": [32, 33, 34, 35, 36, 37, 38, 39, 40, 41, 42, 43, 44, 45, 46, 47, 48, 49, 50], "x": [541.181, 541.271, 541.292, 545.122, 547.123, 554.868, 541.297, 541.301, 551.048, 558.842, 564.722, 558.854, 554.967, 554.826, 553.005, 552.981, 558.875, 558.898, 552.896],