{"Nose": {"frame": [0, 1, 2, 3, 4, 5, 6, 7, 8, 9, 10, 11, 12, 13, 14, 15, 16, 17, 18, 19, 20, 21, 23], "x": [272.822, 272.816, 272.822, 272.839, 272.886, 274.752, 276.813, 282.644, 286.549, 288.417, 288.421, 288.48, 288.48, 288.467, 288.465, 288.46, 288.452, 288.481, 288.431, 288.444, 288.404, 288.396, 288.433], "y": [345.323, 343.371, 341.438, 341.409, 341.435, 341.41, 343.326, 343.352, 343.332, 343.346, 343.365, 343.364, 343.359, 343.354, 343.35, 343.38, 343.368, 343.355, 343.341, 343.34, 343.362, 347.284, 353.062], "conf": [0.929391, 0.912949, 0.907874, 0.90525, 0.904117, 0.893146, 0.853344, 0.846556, 0.879525, 0.894941, 0.887738, 0.899984, 0.900573, 0.898953, 0.896407, 0.89553, 0.894769, 0.901242, 0.891167, 0.896482, 0.88319, 0.893678, 0.942382]}, "Neck": {"frame": [0, 1, 2, 3, 4, 5, 6, 7, 8, 9, 10, 11, 12, 13, 14, 15, 16, 17, 18, 19, 20, 21, 23], "x": [274.849, 274.714, 272.828, 272.782, 272.783, 272.84, 274.748, 274.848, 276.765, 278.724, 280.651, 282.578, 282.592, 282.58, 282.575, 280.686, 280.671, 280.675, 280.661, 280.666, 278.748, 278.691, 282.592], "y": [370.759, 370.761, 368.875, 368.826, 368.823, 368.804, 368.873, 368.893, 368.921, 368.938, 370.753, 370.74, 370.746, 370.757, 370.763, 370.789, 370.796, 370.786, 370.813, 370.783, 370.816, 370.805, 374.719], "conf": [0.937141, 0.9494, 0.962878, 0.970941, 0.971523, 0.969905, 0.9584, 0.942717, 0.923038, 0.906226, 0.901048, 0.902068, 0.902346, 0.899837, 0.898001, 0.895731, 0.894205, 0.894564, 0.89217, 0.896601, 0.891825, 0.903255, 0.839121]}, "RShoulder": {"frame": [0, 1, 2, 3, 4, 5, 6, 7, 8, 9, 10, 11, 12, 13, 14, 15, 16, 17, 18, 19, 20, 21, 23], "x": [257.129, 255.161, 253.196, 249.33, 249.327, 253.208, 255.22, 257.086, 257.203, 259.06, 259.123, 259.141, 259.143, 259.136, 259.134, 259.119, 259.128, 259.12, 259.109, 259.12, 259.103, 259.114, 261.079], "y": [370.782, 370.796, 368.925, 368.868, 368.871, 368.864, 368.932, 370.748, 370.765, 370.782, 370.788, 370.758, 370.771, 370.8, 370.813, 370.834, 370.824, 370.821, 370.834, 370.812, 370.825, 370.757, 372.727], "conf": [0.939626, 0.89988, 0.892516, 0.896393, 0.89739, 0.90792, 0.926897, 0.936315, 0.950324, 0.936817, 0.928574, 0.931776, 0.928721, 0.925279, 0.920955, 0.920951, 0.922531, 0.923677, 0.925011, 0.928494, 0.925033, 0.939818, 0.856952]}, "RElbow": {"frame": [0, 1, 2, 3, 4, 5, 6, 7, 8, 9, 10, 11, 12, 13, 14, 15, 16, 17, 18, 19, 20, 21, 23], "x": [255.212, 253.223, 249.328, 245.417, 245.399, 247.343, 251.259, 255.109, 255.153, 255.226, 257.04, 257.078, 257.065, 255.195, 255.183, 255.172, 255.172, 255.198, 255.175, 255.197, 257.025, 257.134, 259.096], "y": [406.038, 406.07, 402.165, 402.199, 404.057, 402.16, 408.003, 406.064, 407.987, 406.053, 409.945, 408.013, 408.024, 409.968, 411.859, 409.935, 408.011, 407.979, 409.93, 408.024, 408.03, 400.246, 411.87], "conf": [0.840615, 0.807778, 0.822639, 0.867944, 0.872903, 0.858526, 0.801157, 0.800553, 0.820002, 0.843482, 0.854052, 0.867336, 0.860871, 0.852329, 0.853864, 0.841693, 0.837363, 0.840941, 0.839988, 0.83703, 0.843632, 0.871068, 0.731649]}, "RWrist": {"frame": [0, 1, 2, 3, 4, 5, 6, 7, 8, 9, 10, 11, 12, 13, 14, 15, 16, 17, 18, 19, 20, 21, 23], "x": [255.15, 251.294, 245.441, 245.371, 245.38, 247.33, 251.237, 253.207, 255.103, 257.067, 257.072, 257.038, 257.041, 257.108, 257.129, 257.129, 257.093, 257.089, 257.085, 257.068, 255.148, 253.235, 245.4], "y": [431.474, 431.469, 429.527, 429.57, 429.546, 429.479, 429.584, 429.61, 429.53, 429.466, 429.553, 429.592, 429.555, 429.571, 429.535, 429.538, 429.548, 429.517, 429.548, 429.501, 429.604, 419.747, 406.052], "conf": [0.875161, 0.843828, 0.866852, 0.900327, 0.901537, 0.863479, 0.836914, 0.856247, 0.840969, 0.886922, 0.890145, 0.907579, 0.903373, 0.887869, 0.865037, 0.892166, 0.904532, 0.905375, 0.89572, 0.877758, 0.879082, 0.805822, 0.804467]}, "LShoulder": {"frame": [0, 1, 2, 3, 4, 5, 6, 7, 8, 9, 10, 11, 12, 13, 14, 15, 16, 17, 18, 19, 20, 21, 23], "x": [296.326, 294.362, 292.378, 290.537, 290.546, 292.382, 294.383, 298.305, 302.14, 302.24, 304.06, 304.114, 304.134, 304.12, 304.118, 304.122, 304.1, 304.114, 304.09, 304.086, 302.236, 302.158, 304.06], "y": [370.767, 370.766, 368.864, 368.814, 368.805, 368.777, 368.808, 368.823, 368.863, 368.875, 368.924, 368.923, 368.933, 368.926, 368.935, 370.767, 370.784, 370.753, 370.82, 370.764, 370.834, 370.844, 378.571], "conf": [0.879313, 0.892099, 0.927682, 0.940613, 0.938927, 0.937619, 0.924591, 0.907673, 0.910946, 0.920354, 0.912505, 0.925425, 0.928074, 0.926677, 0.92308, 0.920842, 0.914905, 0.922483, 0.906825, 0.917568, 0.889059, 0.880009, 0.86122]}, "LElbow": {"frame": [0, 1, 2, 3, 4, 5, 6, 7, 8, 9, 10, 11, 12, 13, 14, 15, 16, 17, 18, 19, 20, 21, 23], "x": [313.954, 308.132, 308.097, 308.063, 308.058, 308.105, 310.061, 312.032, 313.953, 315.949, 317.848, 317.856, 317.855, 317.862, 317.865, 317.847, 317.837, 317.841, 317.846, 317.86, 317.873, 317.833, 317.832], "y": [411.952, 411.933, 409.913, 408.023, 408.004, 408.025, 411.882, 411.901, 413.765, 411.93, 413.83, 413.831, 413.85, 413.847, 413.861, 413.88, 413.883, 413.863, 413.902, 413.849, 413.871, 413.783, 415.749], "conf": [0.885305, 0.90695, 0.875894, 0.88177, 0.8846, 0.875316, 0.878749, 0.874838, 0.891146, 0.891076, 0.929066, 0.932451, 0.936789, 0.937352, 0.94246, 0.947083, 0.948914, 0.943347, 0.95484, 0.945511, 0.952286, 0.917994, 0.947176]}, "LWrist": {"frame": [0, 1, 2, 3, 4, 5, 6, 7, 8, 9, 10, 11, 12, 13, 14, 15, 16, 17, 18, 19, 20, 21, 23], "x": [286.506, 278.705, 278.721, 278.665, 278.701, 278.725, 282.582, 284.582, 284.58, 284.537, 278.75, 280.647, 278.712, 280.664, 280.684, 280.679, 280.678, 280.696, 282.641, 284.583, 278.72, 288.405, 288.406], "y": [433.518, 435.413, 433.537, 433.472, 433.455, 433.5, 433.536, 433.513, 435.476, 437.383, 441.314, 441.302, 443.181, 441.293, 441.292, 441.296, 441.283, 441.268, 439.378, 439.318, 441.282, 429.561, 419.758], "conf": [0.846594, 0.812217, 0.826815, 0.836431, 0.836875, 0.829053, 0.810554, 0.821382, 0.803874, 0.789314, 0.823557, 0.823722, 0.830624, 0.818515, 0.81615, 0.822067, 0.821522, 0.816827, 0.817455, 0.819144, 0.810224, 0.898748, 0.843494]}, "MidHip": {"frame": [0, 1, 2, 3, 4, 5, 6, 7, 8, 9, 10, 11, 12, 13, 14, 15, 16, 17, 18, 19, 20, 21, 23], "x": [276.764, 274.877, 274.837, 274.777, 274.803, 274.846, 274.887, 276.742, 278.693, 278.715, 278.703, 278.713, 278.713, 278.718, 278.713, 278.701, 278.691, 278.676, 278.683, 278.688, 278.737, 276.77, 286.57], "y": [449.191, 449.174, 447.214, 447.151, 447.133, 447.19, 449.119, 449.18, 449.169, 449.146, 451.097, 451.096, 451.092, 451.085, 451.076, 451.096, 451.094, 451.069, 451.129, 451.127, 453.04, 449.135, 445.27], "conf": [0.856672, 0.870529, 0.894199, 0.898854, 0.896912, 0.884994, 0.865089, 0.862284, 0.842395, 0.834622, 0.826561, 0.826976, 0.826351, 0.824819, 0.825149, 0.827425, 0.830061, 0.83262, 0.829379, 0.828189, 0.821865, 0.871219, 0.89245]}, "RHip": {"frame": [0, 1, 2, 3, 4, 5, 6, 7, 8, 9, 10, 11, 12, 13, 14, 15, 16, 17, 18, 19, 20, 21, 23], "x": [264.953, 261.078, 261.058, 259.182, 259.207, 261.063, 261.086, 262.992, 264.989, 266.899, 265.018, 266.916, 265.022, 266.909, 266.912, 265.017, 265.02, 265.003, 264.992, 265.001, 266.939, 264.972, 272.899], "y": [449.195, 449.172, 447.225, 447.189, 447.167, 447.207, 449.11, 449.187, 449.165, 449.131, 451.078, 451.073, 451.075, 449.21, 449.207, 451.082, 451.07, 449.193, 451.111, 451.109, 453.034, 449.116, 445.276], "conf": [0.822726, 0.852962, 0.873223, 0.885207, 0.881259, 0.865544, 0.848767, 0.836251, 0.821623, 0.817709, 0.801739, 0.803035, 0.799811, 0.80094, 0.801245, 0.798534, 0.802688, 0.808848, 0.802457, 0.800358, 0.803774, 0.837474, 0.892883]}, "RKnee": {"frame": [0, 1, 2, 3, 4, 5, 6, 7, 8, 9, 10, 11, 12, 13, 14, 15, 16, 17, 18, 19, 20, 21, 23], "x": [259.098, 259.09, 259.067, 259.09, 259.14, 259.172, 259.182, 261.045, 261.037, 261.052, 261.036, 261.049, 261.046, 261.05, 261.04, 261.056, 261.052, 261.057, 261.043, 261.066, 259.178, 259.19, 259.121],