{"Nose": {"frame": [27, 28, 29, 30, 31, 32, 33, 34, 35, 36, 37, 38, 39, 40, 41, 42, 43, 44, 45, 46, 47, 48], "x": [539.338, 541.224, 543.16, 551.029, 555.003, 560.81, 570.577, 568.632, 557.004, 0, 0, 494.143, 478.631, 0, 0, 0, 0, 0, 0, 411.895, 384.519, 366.858], "y": [317.82, 319.879, 321.808, 323.799, 337.54, 355.148, 366.883, 364.937, 368.893, 0, 0, 386.488, 382.524, 0, 0, 0, 0, 0, 0, 366.925, 362.934, 351.148], "conf": [0.195855, 0.159663, 0.236504, 0.311979, 0.459781, 0.46453, 0.819532, 0.797882, 0.307377, 0, 0, 0.0638283, 0.0753162, 0, 0, 0, 0, 0, 0, 0.487111, 0.85352, 0.956682]}, "Neck": {"frame": [27, 28, 29, 30, 31, 32, 33, 34, 35, 36, 37, 38, 39, 40, 41, 42, 43, 44, 45, 46, 47, 48], "x": [509.934, 511.891, 519.661, 523.551, 525.658, 539.259, 543.214, 547.096, 541.199, 539.318, 535.342, 519.689, 509.897, 502.04, 494.203, 488.339, 480.475, 476.519, 464.793, 445.229, 417.757, 398.135], "y": [347.227, 351.107, 351.257, 355.121, 368.81, 384.408, 390.402, 392.316, 406.028, 413.807, 415.771, 409.981, 398.213, 392.29, 384.54, 384.409, 384.472, 386.45, 392.318, 388.421, 384.41, 376.612], "conf": [0.871446, 0.89301, 0.900443, 0.919922, 0.935798, 0.968531, 0.845556, 0.813984, 0.877771, 0.937523, 0.909355, 0.813343, 0.871603, 0.825999, 0.903068, 0.913596, 0.909901, 0.910469, 0.867027, 0.883857, 0.844395, 0.850296]}, "RShoulder": {"frame": [27, 28, 29, 30, 31, 32, 33, 34, 35, 36, 37, 38, 39, 40, 41, 42, 43, 44, 45, 46, 47, 48], "x": [494.292, 496.166, 503.953, 507.893, 509.966, 521.614, 523.644, 529.455, 558.9, 568.596, 556.831, 527.529, 523.59, 513.786, 507.937, 498.165, 494.16, 490.241, 476.591, 453.03, 415.936, 386.52], "y": [347.274, 351.241, 353.212, 360.999, 372.754, 388.428, 398.16, 396.226, 402.125, 400.275, 411.888, 406.039, 400.129, 388.451, 382.549, 380.559, 378.611, 372.79, 380.601, 382.505, 382.507, 374.728], "conf": [0.867645, 0.905696, 0.869521, 0.875867, 0.871651, 0.86172, 0.885441, 0.815757, 0.830099, 0.870315, 0.905016, 0.773098, 0.792435, 0.757728, 0.866706, 0.861547, 0.895597, 0.847947, 0.900402, 0.825805, 0.807017, 0.782407]}, "RElbow": {"frame": [27, 28, 29, 30, 31, 32, 33, 34, 35, 36, 37, 38, 39, 40, 41, 42, 43, 44, 45, 46, 47, 48], "x": [496.148, 505.882, 507.883, 505.942, 502.068, 492.222, 484.412, 500.093, 566.682, 601.914, 576.461, 539.326, 531.445, 533.347, 537.271, 505.943, 519.681, 502.033, 460.863, 447.205, 429.498, 404.085], "y": [398.17, 400.181, 406.04, 411.937, 427.527, 433.454, 411.842, 398.189, 443.268, 392.325, 445.221, 454.983, 445.182, 447.166, 415.906, 415.802, 408.025, 415.789, 400.225, 443.287, 439.369, 415.86], "conf": [0.915552, 0.917918, 0.91891, 0.916633, 0.845698, 0.895799, 0.817489, 0.668347, 0.180756, 0.735243, 0.302189, 0.613102, 0.653805, 0.775509, 0.591947, 0.49833, 0.231948, 0.20856, 0.265674, 0.671581, 0.624372, 0.345871]}, "RWrist": {"frame": [27, 28, 29, 30, 31, 32, 33, 34, 35, 36, 37, 38, 39, 40, 41, 42, 43, 44, 45, 46, 47, 48], "x": [537.221, 539.259, 541.293, 541.201, 515.738, 482.433, 474.621, 492.182, 0, 633.276, 584.272, 519.626, 537.238, 527.529, 519.685, 482.497, 484.431, 494.187, 445.202, 415.809, 398.17, 398.248], "y": [382.545, 384.582, 400.193, 429.507, 462.93, 476.531, 443.222, 396.212, 0, 370.755, 464.792, 460.953, 476.613, 492.217, 449.187, 443.251, 449.201, 447.157, 400.151, 460.929, 458.865, 449.11], "conf": [0.855914, 0.89799, 0.868907, 0.921789, 0.832841, 0.891759, 0.846768, 0.524582, 0, 0.683966, 0.0683799, 0.58778, 0.759731, 0.904373, 0.808771, 0.603251, 0.283384, 0.131622, 0.369168, 0.61926, 0.672645, 0.451372]}, "LShoulder": {"frame": [27, 28, 29, 30, 31, 32, 33, 34, 35, 36, 37, 38, 39, 40, 41, 42, 43, 44, 45, 46, 47, 48], "x": [525.588, 529.446, 537.278, 539.209, 541.324, 556.855, 568.578, 568.576, 523.588, 509.934, 509.916, 507.957, 498.136, 490.22, 480.493, 476.485, 470.649, 462.858, 458.895, 435.458, 415.878, 402.096], "y": [347.245, 349.247, 351.089, 353.068, 366.806, 378.572, 384.49, 386.478, 408.026, 423.638, 419.806, 411.884, 396.262, 388.435, 386.475, 386.477, 392.326, 400.086, 402.132, 398.243, 384.564, 372.765], "conf": [0.859003, 0.840458, 0.855515, 0.88893, 0.858643, 0.861501, 0.87302, 0.817504, 0.852771, 0.869982, 0.882671, 0.913411, 0.881756, 0.875357, 0.909839, 0.91396, 0.843714, 0.937854, 0.868464, 0.897264, 0.904407, 0.885063]}, "LElbow": {"frame": [27, 28, 29, 30, 31, 32, 33, 34, 35, 36, 37, 38, 39, 40, 41, 42, 43, 44, 45, 46, 47, 48], "x": [539.268, 539.28, 539.303, 539.257, 545.16, 572.654, 576.467, 556.851, 504.015, 509.949, 509.887, 521.634, 523.504, 509.949, 505.932, 496.154, 492.239, 482.427, 464.873, 445.304, 417.796, 415.874], "y": [390.383, 394.26, 388.456, 386.507, 388.446, 376.612, 376.682, 419.779, 451.15, 476.578, 476.463, 447.254, 413.924, 411.84, 413.882, 425.634, 431.57, 445.194, 455.032, 449.143, 435.407, 417.856], "conf": [0.634751, 0.565475, 0.660131, 0.647152, 0.488603, 0.749151, 0.694754, 0.446114, 0.824318, 0.840323, 0.932506, 0.854135, 0.925282, 0.882426, 0.922683, 0.892998, 0.969896, 0.932795, 0.865782, 0.883747, 0.872854, 0.953688]}, "LWrist": {"frame": [27, 28, 29, 30, 31, 32, 33, 34, 35, 36, 37, 38, 39, 40, 41, 42, 43, 44, 45, 46, 47, 48], "x": [549.025, 551.035, 562.771, 564.703, 586.299, 601.948, 592.156, 572.609, 511.81, 521.586, 484.427, 505.953, 507.863, 505.93, 496.169, 494.164, 490.277, 476.456, 443.216, 411.912, 392.3, 390.354], "y": [382.464, 382.514, 398.192, 398.142, 396.221, 376.671, 368.811, 431.494, 490.215, 496.18, 492.22, 462.896, 445.133, 443.213, 447.289, 460.861, 470.723, 478.576, 480.474, 472.645, 466.777, 453.094], "conf": [0.619898, 0.572471, 0.370252, 0.600598, 0.356329, 0.871437, 0.801196, 0.365901, 0.801903, 0.574851, 0.851822, 0.847686, 0.870065, 0.852216, 0.88559, 0.95188, 0.86507, 0.924733, 0.878058, 0.841007, 0.830569, 0.840866]}, "MidHip": {"frame": [27, 28, 29, 30, 31, 32, 33, 34, 35, 36, 37, 38, 39, 40, 41, 42, 43, 44, 45, 46, 47, 48], "x": [523.554, 523.603, 523.608, 521.657, 523.521, 523.545, 527.518, 541.176, 543.222, 549.086, 560.805, 570.632, 568.612, 564.698, 558.917, 554.955, 552.898, 541.211, 527.533, 502.029, 466.824, 439.353], "y": [427.517, 429.472, 429.523, 443.235, 447.205, 460.879, 472.68, 478.458, 478.566, 476.57, 460.897, 451.092, 447.147, 445.141, 439.352, 435.402, 435.439, 445.136, 454.986, 458.891, 460.829, 451.094], "conf": [0.835904, 0.861558, 0.863025, 0.865738, 0.915955, 0.933747, 0.85224, 0.904387, 0.819844, 0.841425, 0.849815, 0.811194, 0.815605, 0.776595, 0.750682, 0.806111, 0.804429, 0.840576, 0.755809, 0.771216, 0.838522, 0.799233]}, "RHip": {"frame": [27, 28, 29, 30, 31, 32, 33, 34, 35, 36, 37, 38, 39, 40, 41, 42, 43, 44, 45, 46, 47, 48], "x": [509.806, 509.903, 509.891, 507.957, 509.808, 509.908, 521.583, 533.364, 560.797, 566.716, 580.398, 586.208, 582.322, 572.638, 570.658, 560.841, 556.92, 549.044, 531.433, 494.253, 460.808, 427.626], "y": [431.455, 431.547, 431.541, 445.161, 449.139, 460.924, 474.638, 478.498, 478.546, 474.609, 460.805, 447.137, 441.293, 433.45, 431.433, 429.494, 429.471, 433.477, 447.221, 456.966, 460.931, 454.997], "conf": [0.891344, 0.875488, 0.873228, 0.883932, 0.859199, 0.892872, 0.865615, 0.822237, 0.796302, 0.809987, 0.790993, 0.831959, 0.763134, 0.770435, 0.769124, 0.770646, 0.839226, 0.73939, 0.707632, 0.713799, 0.825013, 0.801437]}, "RKnee": {"frame": [27, 28, 29, 30, 31, 32, 33, 34, 35, 36, 37, 38, 39, 40, 41, 42, 43, 44, 45, 46, 47, 48], "x": [519.686, 523.502, 523.601, 523.675, 527.573, 539.194, 552.914, 554.84, 558.889, 570.606, 580.411, 601.91, 625.449, 635.261, 639.209, 621.526, 588.253, 541.174, 478.557, 447.239, 419.757, 408.016], "y": [503.96, 503.956, 502.045, 504.008, 504.009, 509.804, 521.582, 535.323, 541.204, 535.327, 523.547, 507.932, 494.247, 474.6, 451.133, 460.799, 476.487, 494.249, 488.286, 492.237, 507.851, 509.923],