{"Nose": {"frame": [0, 1], "x": [315.937, 315.885], "y": [288.444, 288.538], "conf": [0.301678, 0.540077]}, "Neck": {"frame": [0, 1], "x": [337.493, 339.43], "y": [306.109, 306.126], "conf": [0.927644, 0.924032]}, "RShoulder": {"frame": [0, 1], "x": [351.182, 353.213], "y": [306.107, 306.157], "conf": [0.854559, 0.832155]}, "RElbow": {"frame": [0, 1], "x": [306.16, 312.031], "y": [321.756, 325.741], "conf": [0.46123, 0.329762]}, "RWrist": {"frame": [0, 1], "x": [282.652, 290.495], "y": [304.183, 304.218], "conf": [0.60563, 0.462225]}, "LShoulder": {"frame": [0, 1], "x": [323.789, 323.808], "y": [306.098, 306.124], "conf": [0.88015, 0.862188]}, "LElbow": {"frame": [0, 1], "x": [286.553, 290.525], "y": [319.729, 319.871], "conf": [0.803844, 0.853473]}, "LWrist": {"frame": [0, 1], "x": [278.691, 284.558], "y": [300.235, 298.292], "conf": [0.735024, 0.714303]}, "MidHip": {"frame": [0, 1], "x": [349.17, 349.234], "y": [386.415, 386.416], "conf": [0.809885, 0.824297]}, "RHip": {"frame": [0, 1], "x": [360.976, 364.879], "y": [382.538, 380.556], "conf": [0.738235, 0.748432]}, "RKnee": {"frame": [0, 1], "x": [357.082, 357.118], "y": [451.067, 451.108], "conf": [0.832035, 0.822316]}, "RAnkle": {"frame": [0, 1], "x": [394.241, 390.382], "y": [509.948, 509.965], "conf": [0.850689, 0.844008]}, "LHip": {"frame": [0, 1], "x": [335.475, 335.507], "y": [386.461, 386.458], "conf": [0.85768, 0.866202]}, "LKnee": {"frame": [0, 1], "x": [296.352, 298.294], "y": [449.198, 449.18], "conf": [0.845355, 0.851188]}, "LAnkle": {"frame": [0, 1], "x": [313.985, 311.994], "y": [519.646, 519.631], "conf": [0.830043, 0.822071]}, "REye": {"frame": [0, 1], "x": [0, 0], "y": [0, 0], "conf": [0, 0]}, "LEye": {"frame": [0, 1], "x": [319.751, 317.899], "y": [284.53, 286.484], "conf": [0.340907, 0.558325]}, "REar": {"frame": [0, 1], "x": [341.393, 0], "y": [288.415, 0], "conf": [0.107864, 0]}, "LEar": {"frame": [0, 1], "x": [323.812, 327.702], "y": [288.422, 288.442], "conf": [0.81267, 0.844508]}, "LBigToe": {"frame": [0, 1], "x": [288.501, 288.528], "y": [525.613, 525.596], "conf": [0.799814, 0.745333]}, "LSmallToe": {"frame": [0, 1], "x": [292.446, 292.429], "y": [529.484, 529.451], "conf": [0.802079, 0.770295]}, "LHeel": {"frame": [0, 1], "x": [321.779, 319.897], "y": [525.497, 525.502], "conf": [0.865658, 0.845212]}, "RBigToe": {"frame": [0, 1], "x": [368.85, 368.838], "y": [523.548, 523.594], "conf": [0.85289, 0.842266]}, "RSmallToe": {"frame": [0, 1], "x": [372.767, 372.75], "y": [521.591, 521.653], "conf": [0.717241, 0.725326]}, "RHeel": {"frame": [0, 1], "x": [400.179, 400.119], "y": [519.664, 519.663], "conf": [0.854984, 0.849592]}, "Background": {"frame": [], "x": [], "y": [], "conf": []}}