{"Nose": {"frame": [25, 26, 27, 28, 29, 30, 31, 32, 33, 34, 35, 36, 37, 38, 39, 40, 41, 42, 43, 44, 45, 46, 47, 48], "x": [541.334, 541.289, 541.337, 545.143, 552.887, 554.961, 558.884, 570.62, 582.39, 584.238, 0, 0, 0, 509.805, 0, 0, 0, 0, 0, 0, 0, 0, 0, 0], "y": [304.155, 306.082, 306.084, 306.084, 306.126, 310.016, 331.621, 343.368, 360.952, 357.049, 0, 0, 0, 353.277, 0, 0, 0, 0, 0, 0, 0, 0, 0, 0], "conf": [0.332922, 0.314829, 0.204489, 0.182975, 0.293489, 0.242347, 0.307994, 0.351656, 0.431199, 0.677185, 0, 0, 0, 0.0696935, 0, 0, 0, 0, 0, 0, 0, 0, 0, 0]}, "Neck": {"frame": [25, 26, 27, 28, 29, 30, 31, 32, 33, 34, 35, 36, 37, 38, 39, 40, 41, 42, 43, 44, 45, 46, 47, 48], "x": [511.852, 511.906, 517.686, 521.613, 523.573, 525.52, 533.356, 545.103, 554.953, 556.837, 554.891, 552.998, 543.15, 539.154, 527.497, 523.544, 519.64, 511.895, 513.791, 509.962, 507.799, 496.159, 492.26, 484.424], "y": [323.726, 327.71, 329.655, 335.403, 335.598, 347.248, 355.113, 370.818, 384.426, 384.474, 398.185, 400.276, 398.09, 380.597, 357.117, 341.421, 333.539, 337.392, 351.17, 364.874, 362.967, 368.76, 370.848, 368.86], "conf": [0.878183, 0.849746, 0.793056, 0.841767, 0.92896, 0.903506, 0.864508, 0.867532, 0.955751, 0.941559, 0.928502, 0.916961, 0.904144, 0.891361, 0.873933, 0.887617, 0.890767, 0.917792, 0.905807, 0.905193, 0.895688, 0.941259, 0.907051, 0.905361]}, "RShoulder": {"frame": [25, 26, 27, 28, 29, 30, 31, 32, 33, 34, 35, 36, 37, 38, 39, 40, 41, 42, 43, 44, 45, 46, 47, 48], "x": [494.264, 496.192, 498.125, 503.967, 507.902, 509.873, 513.832, 525.578, 535.329, 539.221, 574.497, 576.488, 566.669, 554.916, 554.888, 550.985, 541.277, 541.154, 539.313, 539.178, 531.451, 523.502, 515.765, 509.856], "y": [327.672, 333.55, 335.461, 335.589, 341.366, 351.248, 366.771, 380.588, 386.463, 386.477, 388.422, 398.14, 390.347, 378.617, 353.193, 335.609, 321.703, 323.718, 337.425, 351.244, 353.14, 364.864, 368.758, 366.801], "conf": [0.858699, 0.876776, 0.877618, 0.887093, 0.877328, 0.93133, 0.866964, 0.907637, 0.839896, 0.855148, 0.853427, 0.906677, 0.817549, 0.846614, 0.94444, 0.941688, 0.939954, 0.90033, 0.928589, 0.967537, 0.916458, 0.912627, 0.934079, 0.950624]}, "RElbow": {"frame": [25, 26, 27, 28, 29, 30, 31, 32, 33, 34, 35, 36, 37, 38, 39, 40, 41, 42, 43, 44, 45, 46, 47, 48], "x": [505.976, 509.863, 519.658, 523.525, 511.907, 509.919, 509.816, 498.144, 492.285, 494.196, 599.952, 619.597, 541.292, 566.678, 554.976, 584.296, 574.521, 572.652, 576.526, 574.527, 564.725, 552.909, 492.245, 494.181], "y": [368.86, 374.71, 374.696, 380.571, 386.451, 400.091, 413.858, 421.732, 398.18, 380.489, 376.641, 380.574, 429.572, 413.914, 398.111, 351.229, 312.008, 306.23, 329.615, 355.142, 372.723, 386.469, 425.654, 415.881], "conf": [0.960186, 0.92842, 0.846988, 0.933753, 0.903705, 0.972381, 0.923719, 0.830664, 0.960328, 0.798061, 0.705594, 0.824742, 0.0758488, 0.199657, 0.486732, 0.962851, 0.842817, 0.919333, 0.829091, 0.897791, 0.858586, 0.877885, 0.406186, 0.164365]}, "RWrist": {"frame": [25, 26, 27, 28, 29, 30, 31, 32, 33, 34, 35, 36, 37, 38, 39, 40, 41, 42, 43, 44, 45, 46, 47, 48], "x": [539.225, 541.153, 543.235, 545.167, 547.101, 549.079, 523.572, 492.201, 480.465, 523.525, 564.706, 647, 531.394, 525.534, 531.417, 556.827, 572.535, 570.527, 566.648, 556.943, 547.127, 541.226, 455.025, 472.664], "y": [347.245, 349.202, 351.188, 353.089, 382.444, 411.889, 447.267, 462.873, 431.61, 382.529, 360.971, 360.953, 443.203, 421.745, 415.865, 349.237, 300.193, 286.55, 304.233, 335.518, 353.09, 359.026, 433.539, 433.47], "conf": [0.909895, 0.901076, 0.892515, 0.821779, 0.847273, 0.869626, 0.896885, 0.973339, 0.861651, 0.433963, 0.680833, 0.666733, 0.127346, 0.206636, 0.568487, 0.5185, 0.780311, 0.868739, 0.862683, 0.9081, 0.833466, 0.912259, 0.658431, 0.284558]}, "LShoulder": {"frame": [25, 26, 27, 28, 29, 30, 31, 32, 33, 34, 35, 36, 37, 38, 39, 40, 41, 42, 43, 44, 45, 46, 47, 48], "x": [529.488, 529.486, 537.235, 539.187, 539.18, 541.165, 552.89, 568.574, 576.478, 574.536, 529.446, 525.48, 523.548, 521.629, 505.991, 494.257, 492.202, 488.33, 492.163, 488.335, 478.463, 476.467, 464.892, 460.813], "y": [321.841, 323.822, 323.751, 331.565, 333.515, 337.535, 351.083, 366.824, 382.437, 382.517, 404.05, 411.888, 400.154, 382.499, 364.918, 349.255, 339.483, 351.072, 364.856, 374.679, 368.859, 374.664, 380.512, 376.673], "conf": [0.827136, 0.814309, 0.778005, 0.767769, 0.847806, 0.844991, 0.840195, 0.905474, 0.811432, 0.851957, 0.829149, 0.895257, 0.933659, 0.932782, 0.906534, 0.905173, 0.89601, 0.887078, 0.911338, 0.861572, 0.934827, 0.886408, 0.85727, 0.880666]}, "LElbow": {"frame": [25, 26, 27, 28, 29, 30, 31, 32, 33, 34, 35, 36, 37, 38, 39, 40, 41, 42, 43, 44, 45, 46, 47, 48], "x": [539.314, 541.286, 556.919, 554.948, 541.243, 541.268, 556.836, 588.315, 609.781, 568.621, 517.693, 523.658, 525.608, 523.596, 515.763, 504.027, 496.176, 494.299, 496.15, 496.229, 472.604, 456.984, 453.045, 445.291], "y": [366.845, 368.75, 351.227, 366.82, 368.826, 372.754, 370.819, 366.784, 355.085, 413.923, 447.203, 464.865, 458.891, 413.885, 396.231, 382.511, 382.62, 398.152, 411.872, 423.676, 415.858, 421.703, 421.709, 429.482], "conf": [0.452393, 0.749792, 0.430268, 0.344416, 0.515228, 0.692442, 0.879971, 0.758039, 0.624098, 0.612306, 0.856489, 0.896846, 0.90167, 0.90367, 0.846519, 0.903001, 0.935636, 0.937444, 0.8884, 0.799894, 0.796507, 0.812284, 0.83479, 0.919152]}, "LWrist": {"frame": [25, 26, 27, 28, 29, 30, 31, 32, 33, 34, 35, 36, 37, 38, 39, 40, 41, 42, 43, 44, 45, 46, 47, 48], "x": [550.962, 554.837, 0, 539.269, 556.909, 568.647, 584.28, 603.969, 586.272, 586.201, 525.532, 541.294, 503.946, 507.831, 500.057, 507.817, 507.937, 507.898, 494.236, 476.459, 455.039, 431.615, 431.496, 431.613], "y": [343.349, 349.228, 0, 362.94, 364.856, 378.574, 374.722, 366.835, 362.896, 425.662, 476.598, 490.246, 474.624, 429.632, 431.467, 421.691, 427.52, 441.321, 443.2, 417.816, 413.807, 429.574, 445.202, 458.935], "conf": [0.34074, 0.631326, 0, 0.162084, 0.42621, 0.695849, 0.833256, 0.841455, 0.559924, 0.737906, 0.78724, 0.647223, 0.849108, 0.906083, 0.889669, 0.86817, 0.895168, 0.89013, 0.887427, 0.864302, 0.80152, 0.869282, 0.928722, 0.885479]}, "MidHip": {"frame": [25, 26, 27, 28, 29, 30, 31, 32, 33, 34, 35, 36, 37, 38, 39, 40, 41, 42, 43, 44, 45, 46, 47, 48], "x": [525.561, 527.524, 537.278, 539.184, 537.226, 535.297, 535.345, 533.408, 539.216, 551.041, 554.961, 558.883, 572.566, 574.517, 570.579, 560.844, 556.943, 558.854, 564.749, 556.947, 539.229, 523.613, 521.588, 511.892], "y": [409.909, 404.061, 404.117, 406.055, 411.925, 423.689, 431.479, 445.301, 460.828, 470.697, 470.664, 460.96, 447.128, 433.446, 423.647, 415.803, 402.134, 406.054, 419.788, 431.539, 441.319, 449.165, 454.978, 445.27], "conf": [0.826605, 0.805809, 0.773154, 0.807684, 0.810074, 0.817766, 0.871616, 0.870478, 0.934828, 0.781616, 0.815383, 0.85095, 0.899973, 0.835698, 0.806831, 0.812936, 0.829643, 0.823461, 0.794331, 0.868612, 0.834181, 0.851472, 0.80341, 0.84096]}, "RHip": {"frame": [25, 26, 27, 28, 29, 30, 31, 32, 33, 34, 35, 36, 37, 38, 39, 40, 41, 42, 43, 44, 45, 46, 47, 48], "x": [513.826, 521.544, 523.648, 525.506, 523.619, 523.484, 523.555, 523.517, 525.645, 541.241, 570.61, 574.542, 588.264, 588.267, 584.347, 574.586, 572.571, 572.583, 576.508, 570.609, 550.98, 533.396, 529.453, 529.471], "y": [413.952, 413.817, 413.87, 413.91, 415.828, 429.446, 433.435, 447.124, 460.9, 470.724, 466.805, 460.888, 445.217, 429.549, 415.843, 407.979, 396.249, 398.155, 411.945, 425.6, 431.607, 447.208, 454.988, 447.154], "conf": [0.818567, 0.824107, 0.86345, 0.883381, 0.87439, 0.850483, 0.852762, 0.885037, 0.91561, 0.796592, 0.805433, 0.843347, 0.88096, 0.860723, 0.828753, 0.761334, 0.807138, 0.85588, 0.798493, 0.812258, 0.757906, 0.779016, 0.75526, 0.810545]}, "RKnee": {"frame": [25, 26, 27, 28, 29, 30, 31, 32, 33, 34, 35, 36, 37, 38, 39, 40, 41, 42, 43, 44, 45, 46, 47, 48],