{"Nose": {"frame": [1, 2, 3, 4, 5, 6, 7, 8, 9, 10, 11, 12, 13, 14, 15, 16, 17, 18, 19, 20, 22], "x": [315.949, 315.926, 315.941, 317.894, 319.755, 319.809, 319.904, 321.749, 321.832, 323.758, 329.629, 333.47, 333.513, 333.54, 333.578, 335.409, 335.418, 335.414, 333.542, 333.481, 333.554], "y": [337.454, 337.419, 337.432, 337.422, 337.422, 337.441, 337.451, 337.47, 337.465, 337.478, 337.541, 337.541, 337.501, 337.492, 337.507, 337.485, 337.487, 337.498, 337.517, 339.428, 347.289], "conf": [0.930488, 0.931152, 0.933843, 0.951341, 0.943493, 0.945397, 0.957735, 0.962008, 0.956571, 0.929546, 0.88137, 0.891941, 0.91568, 0.921442, 0.927218, 0.939191, 0.943718, 0.939825, 0.921678, 0.877122, 0.875628]}, "Neck": {"frame": [1, 2, 3, 4, 5, 6, 7, 8, 9, 10, 11, 12, 13, 14, 15, 16, 17, 18, 19, 20, 22], "x": [325.758, 323.819, 321.883, 321.786, 319.841, 319.726, 317.88, 317.904, 319.808, 321.707, 321.819, 321.883, 321.911, 323.786, 323.804, 323.814, 323.816, 323.796, 323.783, 323.778, 327.67], "y": [366.858, 366.859, 366.859, 366.837, 366.795, 366.772, 366.755, 366.789, 366.787, 366.783, 366.792, 366.811, 366.803, 366.81, 366.827, 366.822, 366.819, 366.82, 366.836, 366.822, 366.922], "conf": [0.904359, 0.920673, 0.949753, 0.948705, 0.952457, 0.938667, 0.92802, 0.940893, 0.961655, 0.960234, 0.952177, 0.951984, 0.945274, 0.939631, 0.9375, 0.934023, 0.932343, 0.937183, 0.942943, 0.934037, 0.897172]}, "RShoulder": {"frame": [1, 2, 3, 4, 5, 6, 7, 8, 9, 10, 11, 12, 13, 14, 15, 16, 17, 18, 19, 20, 22], "x": [306.127, 306.032, 304.146, 304.08, 300.201, 294.352, 292.441, 292.479, 296.35, 302.166, 304.099, 304.154, 304.175, 304.232, 304.227, 304.229, 304.233, 304.219, 304.251, 306.043, 306.194], "y": [366.837, 366.856, 366.875, 366.848, 366.824, 366.808, 366.78, 366.848, 366.829, 366.817, 366.854, 366.857, 366.858, 366.815, 366.843, 366.833, 366.819, 366.812, 366.811, 364.932, 364.936], "conf": [0.952172, 0.978587, 0.985393, 0.941182, 0.882677, 0.889412, 0.902036, 0.905178, 0.882652, 0.915432, 0.951875, 0.973578, 0.977501, 0.973067, 0.975954, 0.976431, 0.975193, 0.975661, 0.963664, 0.928835, 0.867123]}, "RElbow": {"frame": [1, 2, 3, 4, 5, 6, 7, 8, 9, 10, 11, 12, 13, 14, 15, 16, 17, 18, 19, 20, 22], "x": [304.123, 302.193, 300.274, 292.496, 292.383, 290.481, 290.415, 290.457, 290.52, 292.396, 292.475, 294.419, 300.199, 300.217, 300.203, 298.317, 298.3, 298.297, 300.259, 302.151, 300.221], "y": [400.254, 402.089, 402.137, 400.265, 400.179, 400.189, 400.142, 402.087, 402.106, 400.204, 400.233, 400.195, 402.106, 400.193, 402.086, 402.087, 400.266, 402.11, 400.198, 398.233, 398.158], "conf": [0.882588, 0.849927, 0.795666, 0.836381, 0.891564, 0.919485, 0.926596, 0.909537, 0.893681, 0.885524, 0.855881, 0.839478, 0.80292, 0.821989, 0.804238, 0.805342, 0.814672, 0.805418, 0.834916, 0.783094, 0.724321]}, "RWrist": {"frame": [1, 2, 3, 4, 5, 6, 7, 8, 9, 10, 11, 12, 13, 14, 15, 16, 17, 18, 19, 20, 22], "x": [306.05, 304.186, 304.144, 302.169, 300.228, 298.251, 294.392, 298.315, 302.163, 302.223, 304.081, 304.109, 304.127, 304.085, 304.128, 304.131, 304.152, 304.164, 302.124, 302.207, 308.068], "y": [429.618, 429.591, 429.602, 429.614, 429.488, 429.467, 427.584, 429.482, 429.579, 429.483, 429.522, 429.462, 429.502, 427.605, 429.504, 429.503, 429.509, 429.56, 427.527, 413.915, 398.158], "conf": [0.920132, 0.934821, 0.888769, 0.861258, 0.845908, 0.847364, 0.858967, 0.846544, 0.884809, 0.868355, 0.891496, 0.904234, 0.908696, 0.886058, 0.927453, 0.924482, 0.92175, 0.943717, 0.823261, 0.617915, 0.665142]}, "LShoulder": {"frame": [1, 2, 3, 4, 5, 6, 7, 8, 9, 10, 11, 12, 13, 14, 15, 16, 17, 18, 19, 20, 22], "x": [349.238, 349.175, 345.301, 341.41, 339.396, 337.458, 337.43, 337.46, 337.571, 341.371, 343.372, 347.217, 347.245, 349.196, 349.23, 349.242, 349.24, 349.225, 349.154, 347.284, 351.11], "y": [366.882, 366.887, 366.858, 366.873, 366.784, 364.91, 364.883, 364.892, 364.905, 366.744, 366.765, 366.792, 366.78, 366.83, 366.836, 366.827, 366.832, 366.844, 366.879, 366.921, 368.826], "conf": [0.925948, 0.920954, 0.90653, 0.922861, 0.917431, 0.921033, 0.916941, 0.918706, 0.913343, 0.898402, 0.887598, 0.892413, 0.890664, 0.921725, 0.927904, 0.930117, 0.930793, 0.932097, 0.922163, 0.9215, 0.93907]}, "LElbow": {"frame": [1, 2, 3, 4, 5, 6, 7, 8, 9, 10, 11, 12, 13, 14, 15, 16, 17, 18, 19, 20, 22], "x": [364.928, 364.853, 360.992, 355.099, 353.169, 351.247, 351.248, 351.249, 353.128, 353.244, 355.099, 357.074, 360.99, 361, 362.938, 362.956, 362.951, 362.967, 364.872, 364.875, 360.992], "y": [404.114, 406.016, 404.136, 406.044, 404.062, 402.186, 402.149, 402.156, 402.194, 404.096, 404.095, 404.08, 402.171, 404.083, 406.004, 404.126, 404.105, 404.122, 404.071, 404.046, 409.932], "conf": [0.879675, 0.86271, 0.843851, 0.879297, 0.915497, 0.939728, 0.950741, 0.948383, 0.929706, 0.898222, 0.881025, 0.862219, 0.870074, 0.857589, 0.86097, 0.864894, 0.864435, 0.866194, 0.882432, 0.879185, 0.826152]}, "LWrist": {"frame": [1, 2, 3, 4, 5, 6, 7, 8, 9, 10, 11, 12, 13, 14, 15, 16, 17, 18, 19, 20, 22], "x": [335.506, 335.422, 333.548, 327.677, 325.755, 323.789, 323.829, 323.824, 325.723, 325.764, 329.615, 333.506, 333.577, 333.504, 333.564, 333.56, 333.577, 333.568, 333.513, 331.582, 333.508], "y": [431.537, 431.568, 431.475, 431.528, 431.483, 431.462, 431.433, 429.615, 431.465, 431.485, 431.449, 429.635, 429.591, 429.639, 431.419, 429.632, 429.616, 429.616, 427.552, 417.767, 411.882], "conf": [0.92356, 0.896477, 0.890134, 0.866141, 0.888783, 0.893829, 0.884965, 0.882841, 0.878841, 0.879549, 0.871285, 0.888972, 0.90085, 0.889508, 0.905712, 0.906597, 0.906823, 0.913349, 0.862154, 0.835333, 0.754564]}, "MidHip": {"frame": [1, 2, 3, 4, 5, 6, 7, 8, 9, 10, 11, 12, 13, 14, 15, 16, 17, 18, 19, 20, 22], "x": [333.478, 329.647, 325.712, 323.722, 321.801, 319.925, 319.899, 321.725, 321.802, 321.844, 321.906, 323.752, 323.807, 323.809, 323.825, 323.814, 323.812, 323.806, 323.793, 321.915, 333.555], "y": [445.247, 445.237, 445.274, 445.208, 445.17, 445.16, 445.131, 443.281, 443.266, 443.239, 445.122, 445.132, 445.193, 445.191, 445.221, 445.213, 445.223, 445.216, 445.255, 441.323, 437.387], "conf": [0.860512, 0.845332, 0.865687, 0.890967, 0.89358, 0.893764, 0.886216, 0.886113, 0.884236, 0.874531, 0.881065, 0.879683, 0.889546, 0.890156, 0.890378, 0.893753, 0.893953, 0.894078, 0.895895, 0.882666, 0.821414]}, "RHip": {"frame": [1, 2, 3, 4, 5, 6, 7, 8, 9, 10, 11, 12, 13, 14, 15, 16, 17, 18, 19, 20, 22], "x": [317.851, 315.878, 311.981, 308.144, 306.209, 306.081, 306.05, 306.112, 306.179, 306.239, 308.116, 308.163, 310.065, 310.06, 310.075, 310.062, 310.053, 310.053, 310.065, 310.028, 319.917], "y": [445.273, 445.245, 447.105, 445.236, 445.217, 445.216, 445.179, 445.165, 445.141, 443.246, 445.134, 445.138, 445.217, 445.202, 445.231, 445.224, 445.229, 445.22, 445.261, 441.278, 437.363], "conf": [0.869024, 0.846623, 0.84968, 0.868844, 0.881897, 0.894968, 0.886183, 0.888331, 0.877819, 0.858143, 0.870972, 0.864971, 0.869364, 0.867852, 0.867253, 0.871118, 0.87369, 0.873266, 0.870873, 0.832115, 0.830723]}, "RKnee": {"frame": [1, 2, 3, 4, 5, 6, 7, 8, 9, 10, 11, 12, 13, 14, 15, 16, 17, 18, 19, 20, 22], "x": [306.235, 306.149, 306.12, 306.098, 306.114, 306.08, 306.091, 306.112, 306.147, 306.172, 306.208, 306.208, 306.22, 306.224, 306.235, 306.24, 308.047, 306.219, 306.141, 306.095, 306.16], "y": [498.101, 498.137, 498.116, 496.224, 498.084, 498.151, 498.104, 496.2, 496.237, 496.164, 500.049, 498.165, 496.189, 498.149, 498.164, 500.056, 500.069, 498.157, 500.098, 494.281, 500.074], "conf": [0.881643, 0.895087, 0.902106, 0.91204, 0.902953, 0.889077, 0.893117, 0.904771, 0.890039, 0.903673, 0.879011, 0.873735, 0.892303, 0.870459, 0.869642, 0.864426, 0.862925, 0.87149, 0.87937, 0.9165, 0.837083]}, "RAnkle": {"frame": [1, 2, 3, 4, 5, 6, 7, 8, 9, 10, 11, 12, 13, 14, 15, 16, 17, 18, 19, 20, 22],