{"Nose": {"frame": [44, 45, 46, 47, 48, 49, 50, 51, 52, 53, 54, 55, 56, 57, 58, 59, 60, 61, 62], "x": [0, 541.234, 507.906, 0, 0, 0, 478.484, 466.805, 460.86, 458.866, 458.962, 470.662, 478.558, 494.165, 507.958, 521.621, 525.616, 535.369, 539.29], "y": [0, 349.2, 337.423, 0, 0, 0, 337.425, 335.546, 333.503, 325.727, 323.794, 323.726, 321.808, 321.879, 319.824, 315.914, 317.893, 313.97, 304.231], "conf": [0, 0.0985347, 0.0931333, 0, 0, 0, 0.116599, 0.345332, 0.876043, 0.863866, 0.828454, 0.580722, 0.518393, 0.297298, 0.328085, 0.19074, 0.289711, 0.346744, 0.259991]}, "Neck": {"frame": [44, 45, 46, 47, 48, 49, 50, 51, 52, 53, 54, 55, 56, 57, 58, 59, 60, 61, 62], "x": [560.825, 539.286, 539.213, 537.268, 531.443, 523.663, 509.877, 498.156, 492.263, 488.327, 484.398, 486.373, 492.13, 494.237, 503.951, 509.79, 513.773, 521.607, 523.538], "y": [382.486, 368.808, 353.094, 339.497, 347.238, 351.248, 364.859, 364.93, 353.18, 345.323, 337.48, 333.587, 327.657, 323.716, 321.867, 321.784, 319.889, 319.854, 319.749], "conf": [0.696475, 0.727917, 0.924089, 0.853452, 0.83623, 0.938278, 0.896481, 0.851985, 0.955874, 0.837934, 0.871122, 0.858981, 0.877531, 0.94503, 0.906289, 0.981708, 0.920008, 0.913135, 0.929098]}, "RShoulder": {"frame": [44, 45, 46, 47, 48, 49, 50, 51, 52, 53, 54, 55, 56, 57, 58, 59, 60, 61, 62], "x": [578.416, 543.237, 556.899, 553.005, 545.169, 537.262, 509.903, 490.238, 476.519, 464.806, 460.95, 460.78, 460.903, 464.798, 474.573, 478.62, 486.395, 492.237, 494.12], "y": [368.81, 357.05, 341.44, 333.575, 335.432, 339.395, 353.136, 355.128, 351.196, 339.488, 335.539, 333.538, 331.539, 323.826, 323.825, 323.736, 321.788, 321.743, 319.795], "conf": [0.437211, 0.63051, 0.825044, 0.882582, 0.861135, 0.848428, 0.789189, 0.808287, 0.933787, 0.854618, 0.930546, 0.897001, 0.888284, 0.886484, 0.8567, 0.896168, 0.881006, 0.914211, 0.911087]}, "RElbow": {"frame": [44, 45, 46, 47, 48, 49, 50, 51, 52, 53, 54, 55, 56, 57, 58, 59, 60, 61, 62], "x": [586.287, 539.3, 570.565, 549.046, 568.616, 529.506, 505.963, 486.376, 464.837, 458.96, 451.079, 447.216, 445.297, 447.244, 458.951, 464.853, 476.602, 490.272, 492.219], "y": [345.286, 339.419, 368.845, 382.508, 368.784, 390.388, 392.333, 398.11, 386.49, 380.537, 368.859, 366.832, 362.941, 364.817, 366.782, 366.927, 368.9, 370.832, 370.767], "conf": [0.188163, 0.245358, 0.0745478, 0.355525, 0.236414, 0.165574, 0.597127, 0.779226, 0.881677, 0.918754, 0.90537, 0.947107, 0.910523, 0.903447, 0.925356, 0.918289, 0.907665, 0.845812, 0.906715]}, "RWrist": {"frame": [44, 45, 46, 47, 48, 49, 50, 51, 52, 53, 54, 55, 56, 57, 58, 59, 60, 61, 62], "x": [572.617, 531.427, 0, 533.408, 0, 515.713, 484.395, 464.779, 447.146, 435.396, 433.485, 433.492, 433.513, 437.405, 445.271, 460.799, 476.497, 494.238, 511.863], "y": [349.244, 341.385, 0, 396.167, 0, 398.184, 407.981, 417.843, 423.66, 413.917, 400.251, 394.282, 388.456, 398.085, 400.25, 409.909, 413.888, 415.869, 413.832], "conf": [0.148547, 0.205765, 0, 0.188004, 0, 0.129586, 0.760432, 0.826797, 0.916807, 0.925767, 0.928624, 0.880706, 0.862187, 0.885069, 0.962395, 0.895658, 0.946807, 0.94541, 0.912096]}, "LShoulder": {"frame": [44, 45, 46, 47, 48, 49, 50, 51, 52, 53, 54, 55, 56, 57, 58, 59, 60, 61, 62], "x": [543.147, 525.616, 515.774, 521.599, 517.737, 513.798, 509.849, 509.956, 509.825, 507.886, 507.947, 511.795, 519.634, 525.544, 529.516, 539.234, 541.303, 545.187, 552.9], "y": [386.412, 380.561, 364.928, 351.199, 355.11, 364.864, 370.78, 368.853, 357.067, 349.211, 339.446, 335.417, 323.83, 321.856, 321.757, 319.844, 317.874, 319.726, 317.826], "conf": [0.765228, 0.699171, 0.82938, 0.907929, 0.835573, 0.846907, 0.861373, 0.893976, 0.874471, 0.892698, 0.903689, 0.886458, 0.848428, 0.940614, 0.901222, 0.927949, 0.903707, 0.852667, 0.832273]}, "LElbow": {"frame": [44, 45, 46, 47, 48, 49, 50, 51, 52, 53, 54, 55, 56, 57, 58, 59, 60, 61, 62], "x": [523.647, 519.67, 494.199, 513.838, 517.713, 517.745, 515.737, 513.828, 519.618, 519.618, 523.469, 527.577, 539.209, 543.207, 552.95, 554.9, 554.99, 556.806, 554.951], "y": [368.816, 355.101, 404.071, 384.59, 402.192, 411.94, 415.892, 423.653, 406.009, 396.174, 384.474, 372.722, 366.78, 359.054, 357.102, 359.046, 359.022, 360.999, 360.957], "conf": [0.652492, 0.169607, 0.778856, 0.887003, 0.852035, 0.865542, 0.858534, 0.840837, 0.838125, 0.826976, 0.914811, 0.845818, 0.927284, 0.858035, 0.86536, 0.890884, 0.904124, 0.891491, 0.881382]}, "LWrist": {"frame": [44, 45, 46, 47, 48, 49, 50, 51, 52, 53, 54, 55, 56, 57, 58, 59, 60, 61, 62], "x": [523.62, 513.802, 505.939, 492.157, 482.421, 482.492, 482.471, 482.428, 494.316, 509.884, 523.574, 537.33, 550.966, 558.831, 570.582, 574.49, 574.534, 572.489, 568.653], "y": [364.904, 349.171, 384.532, 415.947, 433.511, 435.416, 443.29, 447.169, 445.185, 433.444, 425.651, 413.777, 400.26, 398.195, 398.268, 402.118, 409.979, 411.873, 409.949], "conf": [0.280562, 0.220873, 0.489507, 0.903974, 0.844655, 0.829952, 0.884304, 0.887905, 0.911623, 0.906812, 0.874318, 0.898173, 0.863204, 0.916485, 0.915464, 0.884068, 0.855506, 0.902517, 0.847872]}, "MidHip": {"frame": [44, 45, 46, 47, 48, 49, 50, 51, 52, 53, 54, 55, 56, 57, 58, 59, 60, 61, 62], "x": [625.437, 617.645, 605.85, 601.87, 574.534, 545.166, 519.622, 498.169, 494.169, 492.121, 492.126, 492.232, 494.144, 498.116, 505.957, 509.797, 509.937, 513.824, 515.735], "y": [396.199, 394.313, 388.451, 396.197, 411.908, 425.616, 435.425, 433.532, 429.495, 415.92, 411.895, 406.024, 402.178, 400.181, 400.257, 400.22, 400.133, 398.279, 398.245], "conf": [0.734113, 0.792242, 0.780405, 0.817151, 0.768153, 0.766722, 0.803441, 0.813158, 0.88328, 0.888115, 0.858465, 0.875771, 0.886113, 0.860815, 0.863502, 0.884426, 0.888403, 0.836001, 0.808769]}, "RHip": {"frame": [44, 45, 46, 47, 48, 49, 50, 51, 52, 53, 54, 55, 56, 57, 58, 59, 60, 61, 62], "x": [633.248, 621.566, 613.728, 607.817, 572.56, 539.18, 507.856, 486.341, 478.555, 476.484, 474.615, 476.454, 476.577, 478.608, 486.376, 492.25, 494.152, 496.233, 496.182], "y": [382.589, 382.567, 380.542, 384.477, 409.955, 423.665, 433.435, 431.563, 427.537, 415.844, 409.984, 406.026, 402.18, 400.253, 402.1, 400.215, 400.156, 400.138, 400.092], "conf": [0.728463, 0.777349, 0.744227, 0.794898, 0.683595, 0.729751, 0.792584, 0.815496, 0.85457, 0.885085, 0.828471, 0.849609, 0.880884, 0.874027, 0.820434, 0.88709, 0.872137, 0.79905, 0.802767]}, "RKnee": {"frame": [44, 45, 46, 47, 48, 49, 50, 51, 52, 53, 54, 55, 56, 57, 58, 59, 60, 61, 62], "x": [699.949, 686.183, 664.56, 590.2, 535.373, 496.208, 474.567, 457.003, 456.984, 460.892, 460.982, 464.807, 470.68, 476.544, 478.556, 482.495, 488.267, 490.211, 484.385], "y": [382.578, 366.889, 388.414, 415.785, 447.127, 462.913, 478.63, 480.483, 476.644, 474.589, 472.61, 466.826, 466.779, 464.861, 464.884, 466.774, 468.719, 464.864, 474.606], "conf": [0.849294, 0.771992, 0.818419, 0.52783, 0.887395, 0.885287, 0.878385, 0.84771, 0.847597, 0.892969, 0.889341, 0.861372, 0.831343, 0.909572, 0.872655, 0.831049, 0.81533, 0.825204, 0.812482]}, "RAnkle": {"frame": [44, 45, 46, 47, 48, 49, 50, 51, 52, 53, 54, 55, 56, 57, 58, 59, 60, 61, 62], "x": [729.292, 741.059, 709.7, 603.898, 523.487, 476.511, 458.89, 453.066, 453.073, 458.914, 460.782, 460.885, 462.834, 462.961, 464.883, 470.665, 472.612, 472.659, 466.775], "y": [325.712, 329.657, 392.361, 464.818, 509.892, 533.374, 545.175, 545.17, 543.187, 541.283, 541.317, 541.145, 541.218, 541.214, 541.196, 541.306, 545.114, 550.994, 553.005], "conf": [0.706584, 0.793119, 0.787361, 0.775409, 0.899162, 0.868531, 0.841485, 0.817384, 0.823775, 0.884306, 0.886721, 0.940173, 0.943117, 0.912343, 0.88598, 0.856329, 0.829905, 0.818173, 0.844432]}, "LHip": {"frame": [44, 45, 46, 47, 48, 49, 50, 51, 52, 53, 54, 55, 56, 57, 58, 59, 60, 61, 62], "x": [619.514, 613.672, 601.941, 590.213, 580.384, 556.845, 527.523, 511.898, 507.998, 505.935, 507.815, 507.989, 509.981, 517.734, 523.572, 525.566, 527.518, 531.425, 533.416],