{"Nose": {"frame": [8, 9, 10, 11, 12, 13, 14, 15, 16, 17, 18, 19, 20, 21, 22, 23, 24, 25, 26, 27, 29], "x": [509.863, 507.875, 0, 0, 0, 0, 0, 0, 0, 0, 496.209, 0, 0, 0, 0, 0, 0, 494.123, 494.146, 494.153, 494.305], "y": [296.35, 302.124, 0, 0, 0, 0, 0, 0, 0, 0, 300.198, 0, 0, 0, 0, 0, 0, 292.403, 292.384, 288.466, 290.54], "conf": [0.100266, 0.052051, 0, 0, 0, 0, 0, 0, 0, 0, 0.0541175, 0, 0, 0, 0, 0, 0, 0.183661, 0.237143, 0.253496, 0.362452]}, "Neck": {"frame": [8, 9, 10, 11, 12, 13, 14, 15, 16, 17, 18, 19, 20, 21, 22, 23, 24, 25, 26, 27, 29], "x": [476.574, 472.604, 470.673, 466.765, 466.754, 466.781, 466.747, 464.877, 464.851, 464.829, 466.791, 466.799, 466.761, 466.777, 466.764, 464.842, 462.904, 462.798, 462.84, 462.932, 470.663], "y": [327.645, 327.672, 327.714, 329.635, 329.658, 331.596, 331.542, 329.636, 329.615, 329.602, 325.707, 325.683, 325.701, 323.827, 323.782, 323.823, 323.735, 321.757, 319.853, 317.894, 321.777], "conf": [0.813967, 0.741812, 0.75572, 0.771439, 0.765177, 0.786276, 0.768841, 0.770197, 0.781024, 0.776138, 0.778322, 0.786443, 0.783928, 0.794767, 0.801185, 0.813021, 0.866501, 0.935866, 0.945555, 0.914592, 0.874568]}, "RShoulder": {"frame": [8, 9, 10, 11, 12, 13, 14, 15, 16, 17, 18, 19, 20, 21, 22, 23, 24, 25, 26, 27, 29], "x": [462.939, 462.829, 460.956, 460.953, 460.903, 460.896, 460.901, 460.88, 460.889, 460.941, 460.95, 460.962, 460.968, 460.965, 460.947, 460.876, 456.939, 449.157, 447.19, 447.15, 449.103], "y": [333.478, 333.502, 335.412, 335.403, 335.43, 335.459, 335.411, 333.555, 333.529, 333.529, 331.601, 331.586, 331.582, 331.564, 329.636, 331.57, 327.666, 321.905, 321.738, 319.845, 323.829], "conf": [0.878267, 0.91247, 0.924741, 0.915693, 0.919903, 0.923898, 0.906505, 0.900069, 0.896951, 0.901108, 0.896276, 0.896849, 0.899251, 0.898804, 0.889253, 0.879671, 0.833422, 0.903225, 0.95008, 0.947482, 0.869311]}, "RElbow": {"frame": [8, 9, 10, 11, 12, 13, 14, 15, 16, 17, 18, 19, 20, 21, 22, 23, 24, 25, 26, 27, 29], "x": [476.655, 474.58, 462.906, 464.783, 464.776, 462.969, 462.913, 462.834, 462.863, 462.837, 462.902, 462.925, 466.747, 464.885, 466.786, 468.705, 472.684, 472.676, 476.479, 476.64, 478.565], "y": [384.426, 384.404, 386.44, 388.398, 388.41, 386.511, 386.472, 384.576, 384.535, 384.538, 382.535, 382.542, 382.556, 382.476, 382.427, 382.466, 380.524, 368.9, 364.868, 353.247, 360.98], "conf": [0.984382, 0.925003, 0.907727, 0.864307, 0.864737, 0.874621, 0.897219, 0.911282, 0.92214, 0.919244, 0.927991, 0.923812, 0.892262, 0.894762, 0.873941, 0.892614, 0.867465, 0.900354, 0.917605, 0.981806, 0.898215]}, "RWrist": {"frame": [8, 9, 10, 11, 12, 13, 14, 15, 16, 17, 18, 19, 20, 21, 22, 23, 24, 25, 26, 27, 29], "x": [517.739, 511.8, 509.876, 509.883, 509.902, 509.866, 509.837, 509.801, 507.928, 507.94, 507.841, 507.962, 507.978, 507.935, 509.821, 509.823, 509.948, 509.792, 507.943, 507.864, 502.017], "y": [368.897, 376.648, 382.444, 382.459, 382.504, 382.566, 384.405, 382.578, 384.558, 384.493, 382.511, 382.439, 382.422, 380.523, 374.703, 370.738, 357.108, 349.225, 335.475, 321.724, 321.827], "conf": [0.875549, 0.890744, 0.957955, 0.964293, 0.968613, 1.0013, 0.988318, 0.943631, 0.9365, 0.952601, 0.90028, 0.931728, 0.941732, 0.938527, 0.916732, 0.959041, 0.904334, 0.957318, 0.878379, 0.92746, 0.862763]}, "LShoulder": {"frame": [8, 9, 10, 11, 12, 13, 14, 15, 16, 17, 18, 19, 20, 21, 22, 23, 24, 25, 26, 27, 29], "x": [484.436, 478.501, 478.539, 476.551, 476.557, 476.595, 476.554, 476.528, 476.477, 474.57, 476.541, 476.553, 476.495, 476.532, 476.515, 476.496, 476.487, 476.459, 478.454, 480.512, 492.161], "y": [323.774, 323.733, 323.719, 323.774, 323.794, 325.715, 323.819, 323.818, 323.825, 323.799, 321.836, 321.818, 321.854, 321.805, 321.742, 321.786, 321.787, 319.828, 319.738, 315.882, 317.822], "conf": [0.722098, 0.739577, 0.749722, 0.750153, 0.742556, 0.764923, 0.762751, 0.751358, 0.74736, 0.741643, 0.781024, 0.788564, 0.787463, 0.807289, 0.802872, 0.816297, 0.838017, 0.851004, 0.85632, 0.792788, 0.810384]}, "LElbow": {"frame": [8, 9, 10, 11, 12, 13, 14, 15, 16, 17, 18, 19, 20, 21, 22, 23, 24, 25, 26, 27, 29], "x": [492.272, 478.593, 480.496, 478.51, 478.508, 478.509, 478.456, 478.519, 476.535, 476.557, 478.533, 478.561, 478.537, 478.5, 478.469, 478.466, 478.467, 482.491, 494.209, 517.682, 523.615], "y": [380.542, 380.528, 374.681, 378.579, 376.656, 382.489, 380.521, 376.656, 380.515, 378.601, 370.812, 370.799, 374.695, 372.701, 370.757, 368.837, 370.743, 361.003, 355.127, 351.257, 339.468], "conf": [0.233603, 0.08119, 0.145237, 0.167837, 0.161023, 0.262141, 0.202708, 0.158637, 0.172933, 0.211715, 0.194297, 0.214053, 0.186177, 0.169421, 0.13926, 0.157692, 0.220673, 0.372706, 0.710432, 0.741911, 0.472898]}, "LWrist": {"frame": [8, 9, 10, 11, 12, 13, 14, 15, 16, 17, 18, 19, 20, 21, 22, 23, 24, 25, 26, 27, 29], "x": [519.63, 505.922, 503.97, 494.267, 0, 496.213, 494.232, 494.272, 496.142, 498.156, 494.306, 498.163, 504.018, 496.221, 496.141, 494.202, 494.281, 507.91, 509.967, 529.444, 517.694], "y": [370.796, 384.491, 372.759, 394.267, 0, 400.134, 400.178, 390.363, 386.43, 384.482, 382.55, 382.56, 374.711, 376.63, 380.58, 374.689, 368.849, 347.276, 335.562, 319.892, 319.905], "conf": [0.214029, 0.086838, 0.169172, 0.23387, 0, 0.404821, 0.330556, 0.219873, 0.350752, 0.294341, 0.343559, 0.289913, 0.295294, 0.230022, 0.156376, 0.219596, 0.211408, 0.365676, 0.623704, 0.70985, 0.488546]}, "MidHip": {"frame": [8, 9, 10, 11, 12, 13, 14, 15, 16, 17, 18, 19, 20, 21, 22, 23, 24, 25, 26, 27, 29], "x": [476.458, 470.665, 468.718, 466.799, 466.796, 466.824, 466.759, 464.827, 462.956, 462.924, 464.807, 464.871, 464.866, 466.799, 466.798, 468.76, 472.654, 468.735, 466.802, 468.705, 478.47], "y": [423.645, 423.65, 421.726, 423.655, 425.604, 425.61, 423.677, 423.682, 421.722, 421.747, 417.776, 415.908, 417.819, 417.777, 415.924, 415.931, 417.756, 415.937, 413.825, 404.08, 404.123], "conf": [0.753802, 0.705005, 0.710627, 0.693566, 0.706788, 0.705901, 0.707012, 0.728943, 0.730365, 0.74713, 0.752106, 0.748535, 0.736321, 0.739739, 0.736163, 0.745708, 0.811994, 0.813689, 0.824493, 0.785505, 0.830901]}, "RHip": {"frame": [8, 9, 10, 11, 12, 13, 14, 15, 16, 17, 18, 19, 20, 21, 22, 23, 24, 25, 26, 27, 29], "x": [470.675, 464.885, 464.782, 464.8, 464.829, 464.803, 462.957, 462.927, 462.882, 462.92, 462.904, 462.925, 462.959, 464.803, 464.806, 464.846, 462.837, 460.827, 456.976, 458.857, 462.878], "y": [425.598, 425.629, 425.617, 425.641, 427.55, 427.555, 425.654, 427.521, 423.704, 423.688, 417.845, 417.803, 419.754, 417.864, 417.832, 417.842, 417.829, 419.758, 415.872, 413.869, 413.884], "conf": [0.748066, 0.773229, 0.785501, 0.781615, 0.778692, 0.783676, 0.781859, 0.796061, 0.791247, 0.790219, 0.803887, 0.808899, 0.795712, 0.785247, 0.790615, 0.781166, 0.836703, 0.817804, 0.821568, 0.821486, 0.853074]}, "RKnee": {"frame": [8, 9, 10, 11, 12, 13, 14, 15, 16, 17, 18, 19, 20, 21, 22, 23, 24, 25, 26, 27, 29], "x": [492.323, 492.203, 492.13, 492.15, 490.311, 490.278, 490.29, 490.243, 490.256, 490.292, 490.298, 490.278, 492.121, 492.134, 492.159, 492.218, 492.182, 488.322, 480.522, 476.573, 478.439], "y": [505.918, 505.912, 505.925, 505.954, 505.945, 505.986, 505.957, 505.969, 505.958, 505.889, 503.992, 503.969, 503.966, 502.056, 502.003, 500.08, 498.142, 498.155, 496.175, 494.219, 494.291], "conf": [0.899206, 0.899201, 0.886765, 0.900303, 0.896216, 0.896418, 0.891653, 0.888964, 0.889849, 0.88625, 0.876855, 0.871322, 0.885938, 0.880271, 0.881136, 0.886252, 0.888763, 0.839836, 0.876161, 0.917995, 0.86982]}, "RAnkle": {"frame": [8, 9, 10, 11, 12, 13, 14, 15, 16, 17, 18, 19, 20, 21, 22, 23, 24, 25, 26, 27, 29], "x": [474.584, 470.692, 468.74, 468.71, 466.822, 466.776, 466.763, 464.808, 464.819, 464.783, 462.953, 464.829, 464.845, 462.954, 464.813, 464.844, 464.869, 462.94, 462.87, 462.804, 462.828],