{"Nose": {"frame": [18, 19, 20, 21, 22, 23, 24, 25, 26, 27, 28, 29, 30, 31], "x": [0, 478.506, 0, 478.453, 476.62, 476.527, 474.575, 466.757, 470.669, 474.544, 474.627, 476.468, 476.639, 476.645], "y": [0, 270.817, 0, 261.09, 268.869, 264.977, 270.782, 270.856, 264.972, 264.955, 263.037, 263.045, 270.873, 274.708], "conf": [0, 0.0522013, 0, 0.0582561, 0.0732985, 0.124425, 0.0861191, 0.176271, 0.225, 0.429424, 0.326661, 0.356728, 0.529183, 0.39837]}, "Neck": {"frame": [18, 19, 20, 21, 22, 23, 24, 25, 26, 27, 28, 29, 30, 31], "x": [447.158, 447.178, 447.164, 447.116, 445.296, 445.229, 443.266, 443.197, 443.204, 445.191, 447.099, 447.199, 449.159, 449.158], "y": [300.231, 302.15, 302.131, 300.23, 300.252, 300.263, 302.184, 298.28, 294.378, 292.427, 294.365, 300.196, 304.098, 306.065], "conf": [0.849044, 0.861382, 0.860629, 0.857372, 0.866928, 0.88197, 0.872108, 0.839389, 0.84898, 0.912245, 0.901015, 0.887751, 0.91431, 0.906615]}, "RShoulder": {"frame": [18, 19, 20, 21, 22, 23, 24, 25, 26, 27, 28, 29, 30, 31], "x": [435.464, 435.477, 435.467, 435.399, 433.526, 431.585, 429.596, 427.615, 423.686, 423.682, 425.637, 427.611, 429.517, 429.597], "y": [304.096, 304.14, 304.147, 304.12, 304.14, 304.161, 304.205, 302.237, 298.265, 296.365, 300.213, 304.122, 306.172, 315.945], "conf": [0.877119, 0.889079, 0.887398, 0.889478, 0.903708, 0.943749, 0.952545, 0.896231, 0.81522, 0.818438, 0.834664, 0.91608, 0.928337, 0.869886]}, "RElbow": {"frame": [18, 19, 20, 21, 22, 23, 24, 25, 26, 27, 28, 29, 30, 31], "x": [435.447, 437.388, 437.402, 439.322, 439.336, 441.285, 435.412, 437.374, 445.112, 447.139, 449.103, 449.205, 453.041, 445.292], "y": [360.994, 362.926, 362.945, 362.932, 362.949, 362.942, 360.941, 353.122, 345.316, 337.586, 337.441, 339.483, 353.109, 366.852], "conf": [0.841714, 0.843429, 0.84811, 0.849057, 0.854056, 0.867193, 0.862364, 0.913177, 0.899491, 0.984688, 0.952922, 0.896739, 0.919717, 0.985844]}, "RWrist": {"frame": [18, 19, 20, 21, 22, 23, 24, 25, 26, 27, 28, 29, 30, 31], "x": [490.209, 490.29, 490.298, 490.214, 490.305, 490.238, 482.439, 484.437, 480.562, 478.547, 478.44, 476.617, 478.485, 478.514], "y": [357.048, 355.124, 353.174, 353.091, 351.136, 347.26, 337.532, 329.644, 315.901, 304.222, 302.173, 304.078, 310.028, 331.62], "conf": [0.84964, 0.895751, 0.908665, 0.899237, 0.906967, 0.869259, 0.922972, 0.838792, 0.863132, 0.956937, 0.913381, 0.924719, 0.881215, 0.879687]}, "LShoulder": {"frame": [18, 19, 20, 21, 22, 23, 24, 25, 26, 27, 28, 29, 30, 31], "x": [458.91, 458.956, 458.954, 458.898, 456.979, 456.924, 455.015, 456.954, 458.929, 462.862, 464.88, 468.746, 476.508, 472.623], "y": [296.346, 298.304, 296.355, 294.388, 294.409, 294.391, 296.307, 292.427, 292.413, 290.405, 290.488, 292.375, 292.412, 294.412], "conf": [0.772683, 0.779314, 0.782748, 0.790145, 0.776342, 0.779517, 0.771979, 0.836786, 0.843743, 0.871271, 0.847838, 0.807759, 0.838444, 0.798503]}, "LElbow": {"frame": [18, 19, 20, 21, 22, 23, 24, 25, 26, 27, 28, 29, 30, 31], "x": [460.878, 460.817, 458.962, 460.879, 460.889, 460.964, 460.866, 462.939, 478.637, 494.161, 494.272, 496.179, 505.901, 496.178], "y": [349.256, 351.108, 351.133, 347.249, 349.245, 341.434, 345.343, 335.586, 339.498, 335.42, 321.75, 319.829, 333.484, 329.63], "conf": [0.311586, 0.202892, 0.271083, 0.333279, 0.334206, 0.318679, 0.251509, 0.602941, 0.793126, 0.907201, 0.796208, 0.639045, 0.789445, 0.495201]}, "LWrist": {"frame": [18, 19, 20, 21, 22, 23, 24, 25, 26, 27, 28, 29, 30, 31], "x": [486.363, 478.595, 486.343, 488.315, 490.275, 488.296, 488.338, 486.397, 494.153, 494.284, 496.184, 496.209, 496.205, 494.246], "y": [355.115, 362.942, 355.15, 349.24, 347.302, 341.425, 335.497, 321.753, 319.779, 304.15, 300.225, 302.173, 306.151, 319.802], "conf": [0.398746, 0.312397, 0.342912, 0.452723, 0.370907, 0.349306, 0.21734, 0.456412, 0.626905, 0.814041, 0.763969, 0.685265, 0.758439, 0.678674]}, "MidHip": {"frame": [18, 19, 20, 21, 22, 23, 24, 25, 26, 27, 28, 29, 30, 31], "x": [447.215, 447.21, 447.234, 447.218, 447.246, 449.126, 451.079, 449.127, 447.233, 449.181, 458.957, 460.932, 460.878, 460.862], "y": [398.123, 398.218, 398.184, 398.167, 398.165, 398.124, 398.246, 396.251, 388.451, 384.51, 382.564, 384.436, 386.517, 398.127], "conf": [0.795691, 0.797522, 0.795574, 0.793129, 0.779534, 0.791286, 0.828297, 0.824394, 0.811161, 0.819221, 0.851581, 0.85713, 0.851134, 0.9035]}, "RHip": {"frame": [18, 19, 20, 21, 22, 23, 24, 25, 26, 27, 28, 29, 30, 31], "x": [445.198, 445.208, 445.225, 445.223, 445.268, 445.261, 443.245, 437.401, 435.424, 441.262, 445.199, 447.116, 447.106, 445.259], "y": [398.23, 400.137, 400.1, 400.09, 400.088, 398.238, 400.149, 398.238, 398.108, 394.309, 390.377, 394.25, 398.188, 402.134], "conf": [0.83162, 0.830734, 0.827178, 0.828366, 0.827133, 0.84347, 0.811461, 0.795783, 0.794962, 0.770647, 0.811831, 0.813759, 0.876148, 0.867478]}, "RKnee": {"frame": [18, 19, 20, 21, 22, 23, 24, 25, 26, 27, 28, 29, 30, 31], "x": [466.787, 466.787, 466.815, 468.703, 468.743, 468.702, 466.775, 462.868, 460.822, 458.871, 460.786, 460.862, 458.956, 458.962], "y": [480.498, 482.437, 482.435, 482.459, 482.44, 480.48, 480.549, 480.508, 480.471, 478.562, 478.549, 478.552, 478.587, 478.534], "conf": [0.863786, 0.841686, 0.837442, 0.838792, 0.8384, 0.837905, 0.834478, 0.886805, 0.902733, 0.862191, 0.877681, 0.878087, 0.85917, 0.898219]}, "RAnkle": {"frame": [18, 19, 20, 21, 22, 23, 24, 25, 26, 27, 28, 29, 30, 31], "x": [445.131, 445.125, 445.132, 445.143, 445.135, 445.2, 445.134, 443.242, 443.215, 441.323, 443.268, 443.255, 443.238, 443.198], "y": [566.722, 568.593, 566.722, 566.725, 566.715, 568.592, 568.581, 570.521, 570.534, 570.541, 568.683, 568.678, 568.683, 568.665], "conf": [0.827154, 0.829549, 0.82726, 0.83195, 0.826291, 0.848416, 0.842218, 0.860058, 0.85021, 0.838751, 0.847617, 0.841681, 0.838814, 0.822742]}, "LHip": {"frame": [18, 19, 20, 21, 22, 23, 24, 25, 26, 27, 28, 29, 30, 31], "x": [455.009, 454.98, 455.008, 453.068, 453.095, 456.998, 462.815, 462.857, 462.781, 462.875, 472.634, 476.535, 474.594, 474.631], "y": [396.268, 398.18, 398.152, 398.138, 398.133, 396.246, 398.164, 392.336, 384.446, 378.61, 372.742, 374.704, 382.44, 386.44], "conf": [0.711739, 0.713075, 0.72055, 0.717268, 0.708219, 0.736132, 0.853109, 0.796241, 0.828774, 0.788054, 0.742051, 0.731854, 0.803616, 0.83764]}, "LKnee": {"frame": [18, 19, 20, 21, 22, 23, 24, 25, 26, 27, 28, 29, 30, 31], "x": [449.212, 449.218, 449.217, 449.202, 451.095, 460.95, 492.302, 523.49, 533.377, 527.514, 509.961, 509.811, 525.535, 539.304], "y": [478.588, 480.462, 480.448, 480.458, 480.457, 478.519, 476.499, 439.359, 400.083, 362.954, 333.555, 327.643, 355.116, 396.217], "conf": [0.855373, 0.839436, 0.841874, 0.848395, 0.838406, 0.842129, 0.887276, 0.867157, 0.905749, 0.772775, 0.861554, 0.8549, 0.818809, 0.904127]}, "LAnkle": {"frame": [18, 19, 20, 21, 22, 23, 24, 25, 26, 27, 28, 29, 30, 31], "x": [447.247, 447.205, 447.234, 447.177, 447.22, 449.191, 462.96, 502.003, 537.28, 545.141, 525.655, 515.745, 525.576, 552.962], "y": [562.743, 560.856, 560.825, 560.829, 562.773, 558.864, 554.873, 523.587, 490.214, 382.521, 415.919, 415.88, 445.177, 482.464], "conf": [0.785371, 0.782482, 0.782135, 0.806546, 0.797385, 0.698145, 0.858173, 0.81343, 0.807345, 0.653446, 0.790393, 0.784565, 0.865057, 0.831865]}, "REye": {"frame": [18, 19, 20, 21, 22, 23, 24, 25, 26, 27, 28, 29, 30, 31], "x": [480.469, 478.583, 478.555, 478.472, 478.435, 476.532, 476.451, 466.817, 468.721, 470.698, 472.657, 474.53, 476.53, 476.542], "y": [261.134, 261.104, 263.002, 259.124, 261.072, 259.158, 261.111, 262.996, 259.09, 259.14, 259.153, 259.179, 264.972, 270.852], "conf": [0.143934, 0.153424, 0.121683, 0.170837, 0.17773, 0.229153, 0.175554, 0.273137, 0.365828, 0.550961, 0.439712, 0.463538, 0.590274, 0.50677]}, "LEye": {"frame": [18, 19, 20, 21, 22, 23, 24, 25, 26, 27, 28, 29, 30, 31], "x": [0, 0, 0, 0, 0, 0, 0, 0, 0, 0, 0, 0, 0, 0], "y": [0, 0, 0, 0, 0, 0, 0, 0, 0, 0, 0, 0, 0, 0],