{"Nose": {"frame": [38, 39, 40, 41, 42, 43, 44, 45, 46, 47, 48, 49, 50, 51, 52, 53, 54, 55], "x": [652.908, 664.535, 652.889, 639.181, 0, 586.324, 564.756, 0, 525.594, 517.693, 511.904, 0, 0, 492.161, 488.325, 484.396, 478.502, 478.439], "y": [382.547, 382.494, 378.598, 392.328, 0, 455.028, 447.184, 0, 413.799, 372.721, 368.805, 0, 0, 362.941, 364.885, 355.095, 341.422, 333.58], "conf": [0.570496, 0.776567, 0.797585, 0.0536963, 0, 0.0939809, 0.300674, 0, 0.111063, 0.56756, 0.105334, 0, 0, 0.73606, 0.901534, 0.880977, 0.905396, 0.942097]}, "Neck": {"frame": [38, 39, 40, 41, 42, 43, 44, 45, 46, 47, 48, 49, 50, 51, 52, 53, 54, 55], "x": [633.3, 635.313, 635.237, 625.434, 619.527, 603.96, 588.202, 582.337, 564.703, 552.945, 549.076, 541.301, 539.205, 527.532, 509.886, 494.165, 490.282, 492.163], "y": [411.844, 411.868, 407.993, 421.732, 433.531, 435.404, 443.246, 431.508, 411.948, 386.486, 382.487, 366.918, 366.886, 380.524, 386.463, 382.542, 368.806, 362.912], "conf": [0.926521, 0.919399, 0.909561, 0.836507, 0.876604, 0.785344, 0.833177, 0.778996, 0.691155, 0.714761, 0.672984, 0.889703, 0.89989, 0.863526, 0.885264, 0.964524, 0.921606, 0.899526]}, "RShoulder": {"frame": [38, 39, 40, 41, 42, 43, 44, 45, 46, 47, 48, 49, 50, 51, 52, 53, 54, 55], "x": [609.824, 615.614, 615.672, 645.051, 645.052, 619.558, 586.211, 578.447, 570.591, 545.163, 545.134, 554.84, 541.31, 537.333, 507.93, 478.503, 464.85, 462.902], "y": [415.937, 417.839, 413.957, 413.803, 415.842, 431.483, 447.229, 415.821, 413.886, 392.343, 390.383, 360.984, 357.029, 368.732, 384.417, 380.579, 366.797, 355.135], "conf": [0.858615, 0.833629, 0.902516, 0.803888, 0.827978, 0.742637, 0.771506, 0.711237, 0.49396, 0.546115, 0.502374, 0.815206, 0.79899, 0.832931, 0.815821, 0.90743, 0.897672, 0.921969]}, "RElbow": {"frame": [38, 39, 40, 41, 42, 43, 44, 45, 46, 47, 48, 49, 50, 51, 52, 53, 54, 55], "x": [588.166, 572.567, 570.614, 641.128, 682.285, 631.287, 601.991, 617.651, 603.975, 527.477, 0, 547.114, 549.06, 554.893, 482.419, 476.554, 462.825, 460.926], "y": [460.961, 433.483, 423.685, 380.525, 390.366, 474.557, 474.644, 400.087, 455.038, 374.727, 0, 400.223, 413.86, 398.258, 413.862, 413.893, 404.108, 398.285], "conf": [0.941333, 0.898405, 0.870719, 0.423865, 0.797581, 0.305283, 0.897792, 0.479742, 0.848322, 0.243066, 0, 0.171093, 0.201893, 0.319152, 0.726399, 0.87624, 0.871657, 0.920919]}, "RWrist": {"frame": [38, 39, 40, 41, 42, 43, 44, 45, 46, 47, 48, 49, 50, 51, 52, 53, 54, 55], "x": [562.748, 547.087, 568.667, 601.965, 697.89, 617.656, 590.247, 615.683, 617.709, 513.773, 0, 490.286, 539.297, 502.032, 458.94, 445.188, 431.531, 433.478], "y": [502.064, 456.928, 398.244, 374.674, 366.781, 509.857, 498.154, 407.975, 505.928, 362.92, 0, 398.232, 431.55, 427.602, 427.543, 421.679, 429.47, 427.571], "conf": [0.838687, 0.845884, 0.874527, 0.320756, 0.793245, 0.288373, 0.752336, 0.270667, 0.912328, 0.331632, 0, 0.11404, 0.375947, 0.398732, 0.802911, 0.823276, 0.904239, 0.876476]}, "LShoulder": {"frame": [38, 39, 40, 41, 42, 43, 44, 45, 46, 47, 48, 49, 50, 51, 52, 53, 54, 55], "x": [652.92, 662.627, 654.871, 605.88, 596.041, 590.172, 590.2, 582.336, 554.998, 554.871, 551.029, 537.285, 531.418, 523.626, 511.89, 509.85, 509.832, 513.769], "y": [400.077, 400.106, 400.094, 433.485, 456.985, 443.197, 431.546, 443.259, 407.986, 382.568, 372.749, 372.701, 376.624, 388.404, 392.31, 384.548, 372.758, 366.823], "conf": [0.9298, 0.901313, 0.890881, 0.83709, 0.810341, 0.81976, 0.877544, 0.655285, 0.677643, 0.910473, 0.799389, 0.819943, 0.809499, 0.866516, 0.845091, 0.930912, 0.885014, 0.886999]}, "LElbow": {"frame": [38, 39, 40, 41, 42, 43, 44, 45, 46, 47, 48, 49, 50, 51, 52, 53, 54, 55], "x": [693.992, 686.193, 692.08, 601.889, 598.047, 605.867, 621.55, 617.52, 586.315, 568.639, 527.507, 527.524, 521.63, 488.307, 464.826, 484.439, 505.877, 525.509], "y": [396.264, 376.666, 398.187, 480.531, 511.879, 472.602, 439.351, 400.239, 382.552, 368.754, 374.717, 411.844, 429.514, 427.54, 406.081, 423.645, 421.739, 409.92], "conf": [0.843361, 0.795771, 0.773845, 0.886891, 0.796854, 0.86162, 0.819123, 0.387396, 0.51446, 0.897134, 0.692919, 0.845498, 0.931928, 0.878831, 0.832117, 0.852735, 0.853439, 0.873834]}, "LWrist": {"frame": [38, 39, 40, 41, 42, 43, 44, 45, 46, 47, 48, 49, 50, 51, 52, 53, 54, 55], "x": [745.037, 727.357, 709.729, 619.534, 601.881, 613.736, 633.342, 617.683, 586.266, 535.296, 492.284, 486.356, 476.529, 443.21, 427.578, 443.266, 464.808, 490.215], "y": [386.499, 366.917, 398.238, 478.526, 521.609, 509.858, 476.543, 400.127, 366.884, 351.071, 364.908, 400.129, 415.913, 419.804, 415.772, 421.685, 415.801, 417.876], "conf": [0.843398, 0.798429, 0.578225, 0.297655, 0.345003, 0.811478, 0.859515, 0.181806, 0.318366, 0.834807, 0.831035, 0.819, 0.891942, 0.826431, 0.911751, 0.807763, 0.887304, 0.839244]}, "MidHip": {"frame": [38, 39, 40, 41, 42, 43, 44, 45, 46, 47, 48, 49, 50, 51, 52, 53, 54, 55], "x": [623.49, 633.257, 646.998, 649.055, 650.842, 652.929, 662.636, 650.898, 645.024, 633.329, 619.592, 600.009, 574.589, 554.856, 523.58, 507.952, 503.99, 496.126], "y": [480.463, 492.259, 492.276, 490.223, 472.615, 447.214, 458.933, 431.568, 429.463, 431.602, 435.421, 433.525, 445.215, 458.943, 464.817, 460.951, 447.122, 445.244], "conf": [0.85235, 0.928618, 0.861263, 0.843774, 0.835394, 0.842322, 0.800931, 0.802636, 0.757251, 0.79085, 0.813558, 0.801708, 0.830464, 0.84689, 0.880449, 0.92766, 0.870839, 0.883457]}, "RHip": {"frame": [38, 39, 40, 41, 42, 43, 44, 45, 46, 47, 48, 49, 50, 51, 52, 53, 54, 55], "x": [611.726, 619.64, 633.354, 664.721, 664.706, 668.606, 650.891, 658.757, 648.967, 635.327, 619.55, 590.187, 570.512, 539.286, 507.96, 492.294, 486.35, 478.489], "y": [482.418, 494.187, 492.316, 484.379, 462.877, 441.338, 466.807, 423.64, 415.888, 429.539, 433.527, 437.381, 445.232, 458.936, 462.928, 460.827, 445.266, 445.172], "conf": [0.806667, 0.902853, 0.852832, 0.807246, 0.846168, 0.787985, 0.780325, 0.693046, 0.725873, 0.719541, 0.696244, 0.728938, 0.812451, 0.82415, 0.868085, 0.931259, 0.8642, 0.909168]}, "RKnee": {"frame": [38, 39, 40, 41, 42, 43, 44, 45, 46, 47, 48, 49, 50, 51, 52, 53, 54, 55], "x": [645.036, 648.909, 652.901, 670.576, 680.338, 686.178, 654.895, 715.571, 725.299, 697.928, 648.989, 588.304, 554.946, 507.934, 466.822, 460.895, 462.838, 462.826], "y": [529.503, 549.066, 549.031, 541.171, 513.842, 502.008, 523.615, 451.098, 431.516, 445.17, 466.825, 490.285, 505.912, 515.743, 521.586, 515.745, 509.846, 507.935], "conf": [0.87193, 0.894642, 0.55799, 0.803384, 0.830476, 0.750841, 0.843462, 0.844794, 0.871885, 0.924868, 0.638406, 0.883537, 0.885476, 0.868644, 0.830058, 0.893303, 0.940371, 0.921639]}, "RAnkle": {"frame": [38, 39, 40, 41, 42, 43, 44, 45, 46, 47, 48, 49, 50, 51, 52, 53, 54, 55], "x": [617.516, 619.528, 654.887, 656.828, 682.34, 692.075, 664.673, 729.211, 742.935, 740.983, 701.882, 635.305, 541.298, 476.646, 453.082, 449.196, 451.113, 447.184], "y": [601.915, 598.059, 586.237, 586.22, 549.062, 523.583, 584.299, 388.411, 364.876, 374.693, 429.574, 494.191, 560.829, 578.422, 586.361, 586.258, 584.253, 582.361], "conf": [0.890634, 0.86502, 0.506571, 0.718118, 0.826575, 0.75919, 0.918322, 0.695443, 0.760605, 0.740172, 0.812444, 0.528959, 0.844803, 0.858427, 0.861927, 0.868107, 0.833411, 0.875296]}, "LHip": {"frame": [38, 39, 40, 41, 42, 43, 44, 45, 46, 47, 48, 49, 50, 51, 52, 53, 54, 55], "x": [635.364, 641.173, 656.78, 633.379, 635.173, 637.275, 668.577, 645.017, 635.319, 631.347, 619.69, 604.014, 586.327, 568.616, 539.188, 523.638, 521.6, 513.802], "y": [478.547, 490.317, 492.23, 492.309, 478.529, 456.977, 447.106, 445.229, 435.468, 439.346, 435.417, 433.439, 445.212, 458.965, 466.757, 462.861, 447.233, 445.295], "conf": [0.904761, 0.823322, 0.809708, 0.86551, 0.853324, 0.775362, 0.790927, 0.763206, 0.757038, 0.765528, 0.816972, 0.845448, 0.847581, 0.803266, 0.822784, 0.894949, 0.818842, 0.837964]},