{"Nose": {"frame": [0, 1, 2, 3, 4, 5], "x": [545.126, 543.235, 543.216, 541.26, 541.28, 543.151], "y": [337.437, 335.488, 335.405, 333.579, 331.595, 327.699], "conf": [0.852247, 0.871082, 0.840363, 0.805124, 0.804326, 0.574395]}, "Neck": {"frame": [0, 1, 2, 3, 4, 5], "x": [507.924, 507.88, 507.839, 505.936, 507.838, 507.865], "y": [362.943, 362.94, 360.967, 357.096, 355.141, 353.201], "conf": [0.868825, 0.885814, 0.870937, 0.843874, 0.890356, 0.920306]}, "RShoulder": {"frame": [0, 1, 2, 3, 4, 5], "x": [494.254, 494.204, 492.248, 492.243, 492.232, 492.269], "y": [366.758, 366.766, 364.847, 364.874, 362.89, 357.079], "conf": [0.894972, 0.902515, 0.884946, 0.882427, 0.865515, 0.881416]}, "RElbow": {"frame": [0, 1, 2, 3, 4, 5], "x": [539.281, 545.118, 541.259, 539.306, 543.169, 549.04], "y": [406.06, 400.09, 396.246, 392.352, 388.375, 384.528], "conf": [0.84956, 0.876758, 0.84612, 0.834338, 0.821055, 0.817344]}, "RWrist": {"frame": [0, 1, 2, 3, 4, 5], "x": [570.622, 568.585, 566.661, 568.652, 566.661, 566.695], "y": [370.829, 359.019, 355.075, 355.158, 347.286, 341.409], "conf": [0.812072, 0.834018, 0.79179, 0.699569, 0.79039, 0.749127]}, "LShoulder": {"frame": [0, 1, 2, 3, 4, 5], "x": [521.581, 519.689, 521.613, 519.624, 523.487, 521.645], "y": [360.968, 359.035, 358.985, 353.216, 353.229, 353.086], "conf": [0.723805, 0.756794, 0.784527, 0.78687, 0.825845, 0.820574]}, "LElbow": {"frame": [0, 1, 2, 3, 4, 5], "x": [541.19, 543.235, 554.875, 547.115, 554.851, 554.959], "y": [402.156, 400.217, 396.242, 384.516, 386.515, 386.428], "conf": [0.365372, 0.429289, 0.477852, 0.62926, 0.589266, 0.652237]}, "LWrist": {"frame": [0, 1, 2, 3, 4, 5], "x": [568.614, 570.657, 570.565, 570.667, 570.668, 570.622], "y": [380.529, 372.734, 364.873, 355.153, 353.2, 351.147], "conf": [0.317715, 0.436235, 0.468886, 0.594378, 0.612676, 0.640248]}, "MidHip": {"frame": [0, 1, 2, 3, 4, 5], "x": [490.24, 490.22, 490.211, 490.248, 490.265, 492.148], "y": [464.83, 462.94, 462.854, 462.843, 462.855, 462.838], "conf": [0.760136, 0.779773, 0.791668, 0.796674, 0.803244, 0.82257]}, "RHip": {"frame": [0, 1, 2, 3, 4, 5], "x": [480.454, 478.584, 478.531, 478.585, 478.578, 478.616], "y": [466.768, 464.804, 462.888, 462.893, 462.896, 462.875], "conf": [0.758339, 0.787527, 0.808621, 0.800796, 0.799321, 0.794576]}, "RKnee": {"frame": [0, 1, 2, 3, 4, 5], "x": [507.94, 507.986, 509.887, 509.836, 509.85, 509.827], "y": [556.862, 556.831, 556.848, 556.897, 556.862, 555.01], "conf": [0.825803, 0.83994, 0.839448, 0.842259, 0.854977, 0.852755]}, "RAnkle": {"frame": [0, 1, 2, 3, 4, 5], "x": [494.244, 494.28, 494.254, 494.15, 494.196, 494.157], "y": [650.875, 648.957, 648.984, 648.951, 648.947, 648.973], "conf": [0.775752, 0.767237, 0.777663, 0.786856, 0.802869, 0.7988]}, "LHip": {"frame": [0, 1, 2, 3, 4, 5], "x": [494.225, 494.232, 494.259, 494.268, 494.3, 496.214], "y": [464.78, 462.923, 462.846, 462.826, 462.844, 462.826], "conf": [0.743257, 0.783627, 0.780988, 0.769675, 0.770223, 0.765028]}, "LKnee": {"frame": [0, 1, 2, 3, 4, 5], "x": [509.947, 509.926, 507.892, 507.929, 505.98, 505.964], "y": [556.828, 556.849, 555.003, 556.847, 554.994, 554.971], "conf": [0.692643, 0.733771, 0.728922, 0.760192, 0.755132, 0.750416]}, "LAnkle": {"frame": [0, 1, 2, 3, 4, 5], "x": [494.186, 492.167, 494.142, 490.223, 490.283, 490.305], "y": [647.039, 641.155, 645.069, 639.167, 639.174, 643.093], "conf": [0.41436, 0.499733, 0.457765, 0.402717, 0.463222, 0.44974]}, "REye": {"frame": [0, 1, 2, 3, 4, 5], "x": [543.143, 541.291, 541.283, 541.138, 541.181, 541.313], "y": [331.577, 327.648, 323.804, 325.708, 323.721, 321.848], "conf": [0.825336, 0.85372, 0.849228, 0.817377, 0.848732, 0.685295]}, "LEye": {"frame": [0, 1, 2, 3, 4, 5], "x": [0, 0, 0, 0, 0, 0], "y": [0, 0, 0, 0, 0, 0], "conf": [0, 0, 0, 0, 0, 0]}, "REar": {"frame": [0, 1, 2, 3, 4, 5], "x": [525.6, 525.622, 525.597, 525.491, 527.51, 531.396], "y": [329.622, 327.681, 325.741, 327.691, 323.779, 321.884], "conf": [0.845483, 0.873869, 0.85822, 0.810552, 0.873185, 0.895964]}, "LEar": {"frame": [0, 1, 2, 3, 4, 5], "x": [0, 0, 0, 0, 0, 0], "y": [0, 0, 0, 0, 0, 0], "conf": [0, 0, 0, 0, 0, 0]}, "LBigToe": {"frame": [0, 1, 2, 3, 4, 5], "x": [527.52, 525.59, 529.475, 525.518, 525.551, 525.618], "y": [660.713, 654.84, 652.885, 652.921, 652.855, 656.8], "conf": [0.227236, 0.211743, 0.224175, 0.189771, 0.196743, 0.208152]}, "LSmallToe": {"frame": [0, 1, 2, 3, 4, 5], "x": [525.597, 525.542, 527.502, 523.59, 523.619, 525.542], "y": [652.941, 650.935, 649.009, 649.01, 648.978, 650.94], "conf": [0.183744, 0.177222, 0.180938, 0.158631, 0.161893, 0.167962]}, "LHeel": {"frame": [0, 1, 2, 3, 4, 5], "x": [476.614, 476.498, 476.598, 468.731, 474.595, 474.605], "y": [658.779, 650.981, 656.799, 645.054, 648.986, 650.946], "conf": [0.220822, 0.296463, 0.234275, 0.21665, 0.258605, 0.247305]}, "RBigToe": {"frame": [0, 1, 2, 3, 4, 5], "x": [535.37, 539.171, 537.287, 535.319, 535.363, 535.325], "y": [662.664, 658.766, 658.726, 658.747, 658.736, 660.721], "conf": [0.747102, 0.773708, 0.743405, 0.737261, 0.744445, 0.749088]}, "RSmallToe": {"frame": [0, 1, 2, 3, 4, 5], "x": [523.637, 525.537, 525.515, 523.57, 523.655, 523.603], "y": [664.706, 664.59, 664.546, 664.57, 664.544, 664.627], "conf": [0.788996, 0.826036, 0.790081, 0.787529, 0.805466, 0.796311]}, "RHeel": {"frame": [0, 1, 2, 3, 4, 5], "x": [484.39, 486.328, 484.389, 482.414, 482.457, 480.535], "y": [662.671, 660.692, 662.627, 656.8, 656.839, 658.756], "conf": [0.719909, 0.709301, 0.713023, 0.696906, 0.7366, 0.721096]}, "Background": {"frame": [], "x": [], "y": [], "conf": []}}