{"Nose": {"frame": [29, 30, 31, 32, 33, 34, 35, 36, 37, 38, 39, 40, 41, 42, 43, 44, 45, 46, 47, 48, 49, 50, 51, 52, 53], "x": [419.786, 415.866, 413.899, 413.765, 413.841, 413.813, 413.937, 415.831, 415.861, 417.873, 431.489, 445.258, 449.136, 0, 0, 0, 355.131, 337.513, 0, 0, 304.19, 0, 0, 0, 0], "y": [292.379, 292.475, 298.276, 296.365, 296.303, 302.198, 302.196, 306.107, 319.862, 335.556, 357.069, 368.917, 368.818, 0, 0, 0, 460.819, 462.813, 0, 0, 370.83, 0, 0, 0, 0], "conf": [0.128721, 0.189588, 0.234567, 0.225095, 0.179595, 0.338817, 0.325648, 0.510943, 0.768612, 0.615553, 0.750641, 0.803273, 0.728604, 0, 0, 0, 0.0512681, 0.20781, 0, 0, 0.0675464, 0, 0, 0, 0]}, "Neck": {"frame": [29, 30, 31, 32, 33, 34, 35, 36, 37, 38, 39, 40, 41, 42, 43, 44, 45, 46, 47, 48, 49, 50, 51, 52, 53], "x": [384.468, 382.553, 380.602, 378.613, 380.604, 382.571, 384.48, 384.534, 386.449, 396.269, 402.181, 417.867, 425.662, 429.489, 415.931, 406.009, 394.267, 378.57, 366.907, 349.188, 337.531, 337.43, 335.593, 335.56, 323.783], "y": [337.388, 337.499, 337.447, 337.432, 337.438, 337.559, 341.43, 349.254, 360.99, 376.66, 398.098, 406.049, 409.911, 419.772, 445.225, 454.988, 449.206, 460.848, 443.247, 409.943, 384.434, 364.904, 353.224, 358.989, 368.755], "conf": [0.91361, 0.927593, 0.904809, 0.884943, 0.903504, 0.908467, 0.875368, 0.906169, 0.865658, 0.862652, 0.87077, 0.841219, 0.827198, 0.847437, 0.915117, 0.734855, 0.692482, 0.70255, 0.763409, 0.493591, 0.69336, 0.882173, 0.898905, 0.837823, 0.826625]}, "RShoulder": {"frame": [29, 30, 31, 32, 33, 34, 35, 36, 37, 38, 39, 40, 41, 42, 43, 44, 45, 46, 47, 48, 49, 50, 51, 52, 53], "x": [368.845, 366.845, 362.904, 355.105, 355.114, 357.098, 359.034, 360.991, 360.948, 366.761, 372.728, 388.454, 396.227, 445.217, 449.187, 429.539, 409.984, 382.538, 370.849, 396.222, 353.168, 353.175, 351.211, 349.244, 323.742], "y": [339.46, 345.312, 345.27, 345.3, 349.153, 351.088, 351.25, 360.973, 372.761, 388.408, 413.835, 421.701, 421.747, 417.839, 415.803, 439.339, 445.16, 472.625, 456.984, 423.651, 380.61, 355.116, 347.275, 351.114, 360.963], "conf": [0.885958, 0.862221, 0.814632, 0.833698, 0.849921, 0.83764, 0.85921, 0.805686, 0.80232, 0.830333, 0.818061, 0.775445, 0.7747, 0.819083, 0.793292, 0.69176, 0.586445, 0.480942, 0.65558, 0.108543, 0.546423, 0.789792, 0.835792, 0.771889, 0.696238]}, "RElbow": {"frame": [29, 30, 31, 32, 33, 34, 35, 36, 37, 38, 39, 40, 41, 42, 43, 44, 45, 46, 47, 48, 49, 50, 51, 52, 53], "x": [382.585, 382.49, 380.539, 378.643, 382.426, 382.544, 380.598, 374.719, 366.846, 353.23, 353.133, 347.256, 343.362, 392.351, 484.378, 413.952, 0, 400.145, 409.95, 419.774, 337.529, 396.21, 386.417, 364.861, 321.826], "y": [407.988, 408.022, 404.077, 400.234, 400.183, 402.134, 411.906, 427.537, 441.309, 458.866, 474.555, 456.941, 431.603, 415.871, 370.773, 525.566, 0, 496.146, 480.523, 472.671, 453.075, 398.256, 398.173, 411.878, 413.905], "conf": [0.915776, 0.914177, 0.866622, 0.895695, 0.936738, 0.923099, 0.901179, 0.856984, 0.878682, 0.866886, 0.867877, 0.807139, 0.713103, 0.70733, 0.706043, 0.237447, 0, 0.451402, 0.777971, 0.593772, 0.106523, 0.190631, 0.119949, 0.10081, 0.472538]}, "RWrist": {"frame": [29, 30, 31, 32, 33, 34, 35, 36, 37, 38, 39, 40, 41, 42, 43, 44, 45, 46, 47, 48, 49, 50, 51, 52, 53], "x": [435.432, 435.421, 431.604, 427.619, 423.666, 419.774, 415.946, 415.851, 415.855, 402.178, 347.249, 302.229, 323.787, 357.058, 494.196, 411.904, 0, 398.188, 425.59, 443.212, 337.478, 0, 0, 0, 304.109], "y": [384.568, 382.527, 372.785, 366.916, 364.875, 362.924, 368.821, 384.438, 413.931, 476.564, 535.298, 490.228, 431.466, 384.459, 343.367, 564.699, 0, 507.884, 523.548, 539.281, 449.133, 0, 0, 0, 435.443], "conf": [0.888214, 0.891275, 0.859281, 0.827743, 0.805848, 0.84, 0.883359, 0.907075, 0.897236, 0.8004, 0.818647, 0.845336, 0.623582, 0.760457, 0.423814, 0.267701, 0, 0.578718, 0.858872, 0.837055, 0.124985, 0, 0, 0, 0.795535]}, "LShoulder": {"frame": [29, 30, 31, 32, 33, 34, 35, 36, 37, 38, 39, 40, 41, 42, 43, 44, 45, 46, 47, 48, 49, 50, 51, 52, 53], "x": [400.08, 398.239, 398.192, 398.278, 400.231, 404.06, 409.971, 413.781, 415.809, 425.622, 433.519, 449.209, 456.955, 413.791, 384.502, 384.42, 376.661, 368.826, 355.173, 335.464, 329.651, 319.859, 321.823, 323.772, 325.719], "y": [333.535, 335.42, 333.487, 331.575, 329.643, 331.623, 335.43, 335.521, 347.223, 362.955, 380.529, 388.437, 392.311, 425.615, 476.51, 470.665, 460.823, 449.14, 429.61, 411.854, 382.524, 368.83, 364.907, 368.781, 376.673], "conf": [0.826865, 0.863267, 0.848739, 0.863124, 0.856698, 0.824006, 0.796899, 0.892379, 0.903725, 0.85092, 0.847744, 0.8473, 0.801855, 0.769665, 0.842977, 0.810183, 0.804014, 0.821451, 0.782056, 0.799334, 0.830646, 0.911906, 0.870915, 0.895018, 0.810153]}, "LElbow": {"frame": [29, 30, 31, 32, 33, 34, 35, 36, 37, 38, 39, 40, 41, 42, 43, 44, 45, 46, 47, 48, 49, 50, 51, 52, 53], "x": [400.233, 404.061, 411.903, 425.581, 431.436, 441.334, 443.302, 439.332, 441.305, 460.851, 484.396, 492.199, 480.553, 370.77, 382.554, 384.416, 404.108, 404.086, 406.059, 382.475, 351.078, 345.276, 345.304, 343.348, 339.458], "y": [386.458, 384.44, 378.573, 388.46, 386.462, 384.521, 382.604, 384.474, 384.501, 384.515, 382.507, 366.768, 366.899, 427.527, 550.972, 523.649, 474.593, 443.225, 413.932, 398.106, 396.208, 392.34, 415.911, 433.546, 445.275], "conf": [0.315074, 0.534222, 0.600466, 0.764711, 0.851055, 0.850801, 0.861061, 0.660759, 0.636018, 0.887985, 0.820392, 0.808522, 0.80916, 0.55534, 0.753763, 0.918567, 0.864426, 0.750519, 0.846874, 0.859832, 0.817473, 0.814529, 0.874594, 0.846954, 0.915092]}, "LWrist": {"frame": [29, 30, 31, 32, 33, 34, 35, 36, 37, 38, 39, 40, 41, 42, 43, 44, 45, 46, 47, 48, 49, 50, 51, 52, 53], "x": [433.522, 437.422, 443.254, 441.271, 443.277, 445.126, 435.4, 441.282, 449.179, 494.147, 541.24, 551.044, 523.597, 351.247, 396.223, 390.375, 415.892, 425.6, 415.927, 374.678, 337.409, 319.852, 317.811, 308.094, 302.139], "y": [380.587, 376.667, 368.783, 364.93, 364.903, 362.914, 362.965, 368.783, 396.271, 409.96, 384.523, 339.488, 355.105, 382.577, 570.669, 566.669, 517.69, 462.802, 460.826, 431.459, 415.893, 433.522, 462.951, 478.61, 484.408], "conf": [0.417799, 0.549855, 0.575538, 0.769623, 0.780048, 0.752851, 0.667239, 0.649703, 0.701958, 0.840111, 0.865768, 0.775928, 0.817083, 0.700273, 0.770295, 0.791969, 0.773857, 0.75007, 0.52454, 0.580264, 0.691053, 0.857115, 0.833356, 0.879231, 0.825267]}, "MidHip": {"frame": [29, 30, 31, 32, 33, 34, 35, 36, 37, 38, 39, 40, 41, 42, 43, 44, 45, 46, 47, 48, 49, 50, 51, 52, 53], "x": [386.44, 388.433, 388.401, 388.408, 392.328, 390.352, 394.288, 398.098, 398.248, 402.134, 406.068, 413.835, 431.584, 445.269, 449.175, 458.957, 466.756, 462.823, 453.081, 454.99, 449.126, 433.493, 406.021, 382.44, 345.321], "y": [458.888, 458.917, 460.838, 454.999, 451.069, 449.12, 449.201, 460.807, 464.788, 478.577, 494.203, 509.852, 521.626, 527.509, 507.921, 476.507, 462.804, 474.543, 445.151, 437.397, 441.297, 439.321, 449.195, 462.854, 478.517], "conf": [0.739429, 0.757906, 0.790994, 0.771394, 0.771119, 0.776818, 0.789534, 0.827708, 0.845027, 0.819801, 0.811113, 0.865258, 0.769001, 0.781551, 0.767041, 0.767096, 0.754889, 0.749722, 0.712122, 0.652251, 0.756135, 0.737361, 0.665669, 0.780824, 0.745274]}, "RHip": {"frame": [29, 30, 31, 32, 33, 34, 35, 36, 37, 38, 39, 40, 41, 42, 43, 44, 45, 46, 47, 48, 49, 50, 51, 52, 53], "x": [382.522, 380.531, 372.764, 370.781, 372.758, 372.771, 376.632, 378.626, 382.438, 384.477, 388.391, 398.199, 427.599, 462.857, 476.473, 478.581, 490.292, 447.254, 462.849, 462.827, 455.035, 443.292, 400.231, 366.842, 331.589], "y": [460.853, 460.869, 462.802, 460.854, 460.863, 458.917, 460.825, 464.78, 472.676, 486.392, 496.182, 511.798, 523.629, 525.588, 500.089, 462.915, 449.186, 492.198, 429.54, 427.547, 429.51, 429.549, 449.183, 462.908, 476.624],