{"Nose": {"frame": [1, 2, 3, 4, 5, 6, 7, 9], "x": [599.92, 590.164, 586.314, 586.249, 584.341, 586.17, 584.269, 586.292], "y": [223.81, 225.693, 225.819, 227.834, 231.714, 231.647, 233.607, 235.564], "conf": [0.868599, 0.901825, 0.933719, 0.834167, 0.849604, 0.881616, 0.858162, 0.923309]}, "Neck": {"frame": [1, 2, 3, 4, 5, 6, 7, 9], "x": [617.644, 611.755, 603.929, 598.061, 590.224, 588.18, 586.288, 586.342], "y": [257.079, 257.024, 255.207, 255.127, 253.252, 255.155, 257.123, 259.132], "conf": [0.957372, 0.877561, 0.92869, 0.865038, 0.87108, 0.920168, 0.960074, 0.972646]}, "RShoulder": {"frame": [1, 2, 3, 4, 5, 6, 7, 9], "x": [586.177, 574.578, 572.484, 564.715, 556.92, 556.829, 554.944, 556.8], "y": [253.222, 253.254, 255.114, 255.171, 255.198, 257.076, 259.096, 263.026], "conf": [0.870961, 0.860196, 0.906456, 0.859987, 0.918025, 0.938486, 0.95463, 0.921588]}, "RElbow": {"frame": [1, 2, 3, 4, 5, 6, 7, 9], "x": [562.752, 556.966, 554.88, 547.117, 543.169, 541.218, 541.128, 541.224], "y": [296.364, 298.246, 300.223, 300.225, 300.202, 302.18, 306.125, 310.071], "conf": [0.840627, 0.902662, 0.914528, 0.844995, 0.879481, 0.9151, 0.929019, 0.89431]}, "RWrist": {"frame": [1, 2, 3, 4, 5, 6, 7, 9], "x": [541.293, 539.271, 537.289, 533.351, 529.451, 527.503, 527.572, 533.359], "y": [343.35, 347.25, 349.157, 349.15, 345.333, 351.113, 353.191, 353.213], "conf": [0.883625, 0.898676, 0.871919, 0.838418, 0.844869, 0.901818, 0.891465, 0.858317]}, "LShoulder": {"frame": [1, 2, 3, 4, 5, 6, 7, 9], "x": [650.917, 646.992, 637.194, 631.359, 625.48, 619.58, 617.595, 617.634], "y": [259.063, 257.145, 257.059, 251.269, 247.367, 249.328, 253.212, 257.132], "conf": [0.918542, 0.898132, 0.885734, 0.837938, 0.825656, 0.874567, 0.874662, 0.940266]}, "LElbow": {"frame": [1, 2, 3, 4, 5, 6, 7, 9], "x": [662.708, 652.938, 650.931, 646.974, 641.112, 635.363, 635.228, 635.169], "y": [310.075, 306.195, 304.176, 300.219, 292.485, 292.413, 292.388, 300.261], "conf": [0.841826, 0.86866, 0.909642, 0.825777, 0.816497, 0.880897, 0.921743, 0.9115]}, "LWrist": {"frame": [1, 2, 3, 4, 5, 6, 7, 9], "x": [664.524, 656.819, 651.024, 649.02, 648.911, 647.017, 646.964, 648.932], "y": [357.098, 353.21, 351.195, 343.383, 337.549, 335.593, 337.406, 339.4], "conf": [0.847162, 0.876405, 0.963609, 0.881734, 0.943174, 0.921915, 0.90041, 0.91347]}, "MidHip": {"frame": [1, 2, 3, 4, 5, 6, 7, 9], "x": [613.693, 604.026, 602.046, 599.983, 599.909, 596.09, 596.107, 599.934], "y": [351.189, 351.142, 351.145, 349.166, 339.486, 341.376, 341.374, 343.381], "conf": [0.816366, 0.835414, 0.866649, 0.804434, 0.787077, 0.779439, 0.787817, 0.803616]}, "RHip": {"frame": [1, 2, 3, 4, 5, 6, 7, 9], "x": [588.336, 586.275, 584.322, 574.592, 574.511, 572.666, 574.503, 576.49], "y": [351.15, 351.099, 351.095, 349.166, 341.38, 343.363, 343.381, 347.286], "conf": [0.826698, 0.817066, 0.807528, 0.772815, 0.779674, 0.787179, 0.784138, 0.772336]}, "RKnee": {"frame": [1, 2, 3, 4, 5, 6, 7, 9], "x": [582.34, 576.532, 572.646, 572.571, 572.572, 572.613, 572.664, 574.563], "y": [431.455, 429.572, 431.438, 429.591, 427.615, 425.607, 423.642, 419.803], "conf": [0.863694, 0.857581, 0.922727, 0.92619, 0.89622, 0.879436, 0.859271, 0.842595]}, "RAnkle": {"frame": [1, 2, 3, 4, 5, 6, 7, 9], "x": [578.446, 578.438, 578.454, 578.449, 576.531, 576.478, 578.446, 580.437], "y": [509.903, 509.869, 507.913, 507.817, 502.014, 496.201, 494.241, 492.247], "conf": [0.846723, 0.86246, 0.865853, 0.854396, 0.817137, 0.840166, 0.85651, 0.870135]}, "LHip": {"frame": [1, 2, 3, 4, 5, 6, 7, 9], "x": [633.326, 629.373, 621.562, 619.521, 617.694, 617.591, 617.57, 617.641], "y": [353.087, 351.198, 351.206, 349.214, 341.375, 339.469, 339.427, 339.49], "conf": [0.841346, 0.799123, 0.826397, 0.820868, 0.79697, 0.799211, 0.812282, 0.818451]}, "LKnee": {"frame": [1, 2, 3, 4, 5, 6, 7, 9], "x": [635.262, 633.301, 631.343, 629.355, 627.415, 625.492, 631.306, 635.214], "y": [433.471, 433.439, 431.562, 429.536, 425.595, 415.908, 415.805, 413.919], "conf": [0.870816, 0.896078, 0.867251, 0.850649, 0.805431, 0.831148, 0.86221, 0.927252]}, "LAnkle": {"frame": [1, 2, 3, 4, 5, 6, 7, 9], "x": [635.173, 633.35, 633.356, 633.253, 633.23, 633.286, 635.215, 650.855], "y": [509.875, 509.798, 507.885, 500.101, 494.296, 492.159, 486.36, 486.396], "conf": [0.909597, 0.906489, 0.899562, 0.832654, 0.853189, 0.874497, 0.845559, 0.865471]}, "REye": {"frame": [1, 2, 3, 4, 5, 6, 7, 9], "x": [598.016, 588.223, 586.188, 580.435, 576.455, 576.464, 574.545, 580.407], "y": [212.191, 214.106, 219.897, 225.729, 227.7, 227.68, 227.749, 227.793], "conf": [0.54141, 0.731345, 0.662775, 0.738012, 0.86243, 0.892194, 0.919164, 0.913505]}, "LEye": {"frame": [1, 2, 3, 4, 5, 6, 7, 9], "x": [603.885, 599.978, 590.238, 588.347, 588.235, 588.226, 586.359, 588.323], "y": [214.056, 215.975, 219.951, 225.695, 225.854, 225.817, 227.691, 227.724], "conf": [0.904236, 0.863311, 0.832652, 0.845233, 0.9154, 0.952649, 0.956926, 0.96931]}, "REar": {"frame": [1, 2, 3, 4, 5, 6, 7, 9], "x": [0, 0, 0, 0, 570.614, 570.609, 570.513, 570.64], "y": [0, 0, 0, 0, 223.782, 225.753, 225.859, 227.763], "conf": [0, 0, 0, 0, 0.167346, 0.584254, 0.776605, 0.932741]}, "LEar": {"frame": [1, 2, 3, 4, 5, 6, 7, 9], "x": [623.529, 617.698, 613.688, 605.831, 601.967, 599.952, 594.114, 599.961], "y": [214.093, 216.035, 217.93, 214.112, 219.924, 221.894, 225.784, 227.671], "conf": [0.8655, 0.914787, 0.834387, 0.876553, 0.836552, 0.765627, 0.747144, 0.770531]}, "LBigToe": {"frame": [1, 2, 3, 4, 5, 6, 7, 9], "x": [633.341, 633.279, 633.263, 633.284, 633.344, 635.265, 639.184, 654.847], "y": [523.675, 523.602, 521.661, 515.739, 511.895, 507.97, 505.991, 502.004], "conf": [0.841488, 0.835355, 0.795828, 0.793064, 0.830163, 0.871835, 0.805279, 0.737854]}, "LSmallToe": {"frame": [1, 2, 3, 4, 5, 6, 7, 9], "x": [645.045, 643.075, 641.157, 643.08, 645.01, 647, 650.849, 664.708], "y": [523.609, 523.514, 521.552, 511.84, 509.884, 505.947, 502.009, 496.124], "conf": [0.803335, 0.769869, 0.734123, 0.770671, 0.830801, 0.83136, 0.797105, 0.813301]}, "LHeel": {"frame": [1, 2, 3, 4, 5, 6, 7, 9], "x": [631.373, 631.345, 633.224, 629.396, 629.392, 631.27, 633.212, 648.893], "y": [519.635, 517.677, 511.875, 507.962, 505.918, 496.126, 492.261, 494.157], "conf": [0.693882, 0.684734, 0.710931, 0.711433, 0.682807, 0.699462, 0.743914, 0.788961]}, "RBigToe": {"frame": [1, 2, 3, 4, 5, 6, 7, 9], "x": [572.563, 572.494, 570.678, 572.51, 570.633, 570.654, 572.504, 574.529], "y": [525.543, 525.477, 523.513, 521.607, 513.843, 511.844, 509.839, 505.885], "conf": [0.84127, 0.867038, 0.848514, 0.829963, 0.779063, 0.829911, 0.866112, 0.785238]}, "RSmallToe": {"frame": [1, 2, 3, 4, 5, 6, 7, 9], "x": [562.784, 562.762, 562.804, 564.691, 560.851, 560.843, 564.726, 568.642], "y": [523.593, 523.527, 519.656, 515.782, 509.99, 509.847, 507.885, 500.065], "conf": [0.815058, 0.826417, 0.782481, 0.772438, 0.800768, 0.834697, 0.827111, 0.781873]}, "RHeel": {"frame": [1, 2, 3, 4, 5, 6, 7, 9], "x": [586.2, 586.222, 586.268, 586.253, 586.236, 586.19, 586.248, 586.241], "y": [521.564, 519.689, 513.8, 511.825, 509.792, 507.824, 503.983, 498.106], "conf": [0.796217, 0.806599, 0.807162, 0.82222, 0.821468, 0.803897, 0.804147, 0.783349]}, "Background": {"frame": [], "x": [], "y": [], "conf": []}}