{"Nose": {"frame": [33, 34, 35, 36, 37, 38, 39, 40, 41, 42, 43, 44, 45, 46, 47, 48, 49, 50, 51, 52, 53], "x": [431.62, 439.37, 439.334, 443.178, 445.142, 445.247, 455.008, 474.629, 478.519, 0, 0, 0, 462.886, 382.587, 0, 0, 0, 0, 0, 0, 335.394], "y": [296.316, 294.385, 304.058, 306.13, 319.881, 339.474, 368.732, 382.58, 382.456, 0, 0, 0, 523.534, 460.941, 0, 0, 0, 0, 0, 0, 313.951], "conf": [0.210696, 0.0764998, 0.171575, 0.24539, 0.384207, 0.378366, 0.501486, 0.803851, 0.829112, 0, 0, 0, 0.165795, 0.228017, 0, 0, 0, 0, 0, 0, 0.192833]}, "Neck": {"frame": [33, 34, 35, 36, 37, 38, 39, 40, 41, 42, 43, 44, 45, 46, 47, 48, 49, 50, 51, 52, 53], "x": [400.217, 404.124, 407.996, 409.981, 413.874, 415.888, 429.545, 447.241, 456.933, 460.839, 451.15, 445.132, 478.534, 413.935, 408.004, 402.16, 396.249, 392.299, 384.53, 382.416, 370.796], "y": [335.512, 337.502, 339.505, 349.156, 359.049, 382.58, 404.048, 413.85, 413.807, 429.505, 449.209, 456.987, 511.807, 447.179, 429.579, 411.915, 378.565, 353.128, 345.306, 349.185, 349.24], "conf": [0.932664, 0.891451, 0.842697, 0.837221, 0.88011, 0.922546, 0.886272, 0.911247, 0.869694, 0.868138, 0.834889, 0.750461, 0.337509, 0.456968, 0.540811, 0.628975, 0.628292, 0.795413, 0.83092, 0.863904, 0.854162]}, "RShoulder": {"frame": [33, 34, 35, 36, 37, 38, 39, 40, 41, 42, 43, 44, 45, 46, 47, 48, 49, 50, 51, 52, 53], "x": [380.539, 382.502, 384.409, 384.516, 384.571, 388.398, 400.088, 415.801, 429.464, 478.468, 484.396, 464.809, 454.988, 409.942, 406.041, 417.795, 409.982, 404.114, 400.213, 396.201, 382.535], "y": [337.521, 341.359, 349.179, 353.204, 368.907, 396.27, 421.686, 429.593, 427.612, 429.446, 427.613, 445.199, 492.259, 447.2, 415.901, 400.207, 376.648, 353.125, 337.528, 337.503, 337.576], "conf": [0.889031, 0.869588, 0.883067, 0.896125, 0.874686, 0.826873, 0.836516, 0.850011, 0.819222, 0.814738, 0.77418, 0.701462, 0.355991, 0.122659, 0.4024, 0.382608, 0.388832, 0.734077, 0.857115, 0.834735, 0.803117]}, "RElbow": {"frame": [33, 34, 35, 36, 37, 38, 39, 40, 41, 42, 43, 44, 45, 46, 47, 48, 49, 50, 51, 52, 53], "x": [413.946, 415.746, 413.868, 404.127, 396.19, 384.419, 382.466, 368.779, 384.558, 421.706, 515.727, 460.867, 445.152, 0, 447.117, 0, 0, 433.473, 431.459, 402.124, 362.908], "y": [378.645, 382.57, 394.306, 413.917, 433.438, 460.804, 480.508, 460.892, 433.526, 417.844, 388.411, 511.857, 535.333, 0, 396.26, 0, 0, 406.035, 390.356, 396.244, 353.235], "conf": [0.917333, 0.980356, 0.927157, 0.897174, 0.867262, 0.885396, 0.880618, 0.839623, 0.710068, 0.557521, 0.583167, 0.151904, 0.710441, 0, 0.277828, 0, 0, 0.268954, 0.156614, 0.101868, 0.345016]}, "RWrist": {"frame": [33, 34, 35, 36, 37, 38, 39, 40, 41, 42, 43, 44, 45, 46, 47, 48, 49, 50, 51, 52, 53], "x": [445.15, 445.127, 445.208, 445.181, 445.294, 431.533, 362.953, 323.741, 360.96, 392.345, 541.184, 458.9, 413.866, 0, 0, 0, 0, 409.946, 0, 0, 345.328], "y": [329.617, 333.507, 341.364, 368.839, 411.928, 478.63, 539.228, 488.269, 433.498, 380.583, 366.808, 541.202, 558.85, 0, 0, 0, 0, 441.297, 0, 0, 355.118], "conf": [0.879675, 0.869671, 0.913619, 0.91119, 0.862927, 0.815668, 0.878497, 0.809255, 0.618768, 0.58222, 0.341628, 0.0877775, 0.704993, 0, 0, 0, 0, 0.483083, 0, 0, 0.773842]}, "LShoulder": {"frame": [33, 34, 35, 36, 37, 38, 39, 40, 41, 42, 43, 44, 45, 46, 47, 48, 49, 50, 51, 52, 53], "x": [427.534, 431.452, 431.526, 431.527, 441.258, 445.239, 458.959, 478.505, 480.518, 443.211, 421.689, 421.677, 504.006, 411.89, 398.228, 382.597, 382.455, 378.591, 368.901, 366.875, 366.81], "y": [331.584, 335.444, 337.445, 337.411, 351.076, 368.871, 384.59, 398.169, 398.244, 429.592, 476.623, 466.764, 523.541, 433.467, 431.474, 413.798, 368.775, 353.093, 351.177, 353.151, 353.248], "conf": [0.804656, 0.862789, 0.84712, 0.863971, 0.847523, 0.910981, 0.897736, 0.91485, 0.850013, 0.765216, 0.811505, 0.765083, 0.247844, 0.681736, 0.632227, 0.641308, 0.79271, 0.872741, 0.889186, 0.91058, 0.895903]}, "LElbow": {"frame": [33, 34, 35, 36, 37, 38, 39, 40, 41, 42, 43, 44, 45, 46, 47, 48, 49, 50, 51, 52, 53], "x": [466.748, 474.596, 476.627, 476.612, 460.899, 478.611, 500.091, 509.932, 507.869, 404.085, 415.867, 429.478, 505.896, 445.29, 445.214, 386.471, 351.196, 372.778, 368.807, 368.823, 368.86], "y": [366.919, 366.908, 374.668, 382.525, 388.415, 390.41, 392.316, 374.679, 382.554, 417.849, 541.14, 521.606, 562.805, 431.556, 398.189, 372.747, 368.887, 374.729, 396.278, 413.969, 427.628], "conf": [0.8368, 0.732373, 0.870812, 0.893707, 0.605729, 0.819888, 0.708573, 0.756568, 0.796244, 0.494099, 0.852706, 0.833695, 0.0707271, 0.649899, 0.343284, 0.224648, 0.417402, 0.788058, 0.888005, 0.953654, 0.913899]}, "LWrist": {"frame": [33, 34, 35, 36, 37, 38, 39, 40, 41, 42, 43, 44, 45, 46, 47, 48, 49, 50, 51, 52, 53], "x": [466.776, 470.653, 468.773, 466.79, 480.451, 523.62, 564.709, 562.779, 547.091, 388.444, 431.497, 431.539, 0, 449.199, 445.227, 374.721, 323.802, 319.826, 308.097, 317.85, 319.899], "y": [337.385, 335.511, 339.476, 364.839, 392.331, 413.761, 396.186, 366.778, 372.778, 380.597, 572.508, 562.794, 0, 445.249, 433.462, 368.751, 382.562, 394.289, 421.682, 445.157, 460.968], "conf": [0.849857, 0.813854, 0.798885, 0.746325, 0.633168, 0.83949, 0.665667, 0.567418, 0.712655, 0.530515, 0.828152, 0.819229, 0, 0.431019, 0.0513618, 0.159272, 0.404908, 0.846088, 0.805285, 0.867921, 0.928459]}, "MidHip": {"frame": [33, 34, 35, 36, 37, 38, 39, 40, 41, 42, 43, 44, 45, 46, 47, 48, 49, 50, 51, 52, 53], "x": [415.795, 417.792, 419.786, 419.776, 421.721, 429.508, 429.596, 441.253, 462.788, 476.494, 482.46, 494.128, 509.899, 504.027, 498.091, 494.15, 486.384, 476.463, 447.261, 425.651, 390.376], "y": [433.518, 441.28, 443.251, 449.142, 460.966, 486.351, 504.015, 519.648, 523.653, 531.398, 507.883, 474.601, 460.895, 460.87, 445.248, 443.266, 443.246, 443.201, 445.165, 456.947, 462.851], "conf": [0.810524, 0.753172, 0.774962, 0.791173, 0.812659, 0.836139, 0.836465, 0.771053, 0.842365, 0.750061, 0.76846, 0.792979, 0.514216, 0.58726, 0.657708, 0.760783, 0.744067, 0.703174, 0.74098, 0.71394, 0.734597]}, "RHip": {"frame": [33, 34, 35, 36, 37, 38, 39, 40, 41, 42, 43, 44, 45, 46, 47, 48, 49, 50, 51, 52, 53], "x": [400.131, 402.11, 402.12, 402.106, 402.143, 411.885, 413.854, 427.557, 451.104, 494.126, 507.85, 515.777, 0, 492.183, 507.93, 504.009, 494.16, 480.462, 449.179, 417.795, 382.492], "y": [445.284, 447.262, 449.143, 460.824, 468.761, 492.293, 507.956, 521.62, 525.59, 527.526, 498.149, 462.908, 0, 472.624, 431.494, 429.566, 431.452, 431.518, 441.289, 458.9, 462.859], "conf": [0.8277, 0.770884, 0.790573, 0.791342, 0.742255, 0.826039, 0.825818, 0.78384, 0.760689, 0.735023, 0.742071, 0.708775, 0, 0.426315, 0.590326, 0.702498, 0.739788, 0.665749, 0.571459, 0.639706, 0.723938]}, "RKnee": {"frame": [33, 34, 35, 36, 37, 38, 39, 40, 41, 42, 43, 44, 45, 46, 47, 48, 49, 50, 51, 52, 53], "x": [413.863, 413.966, 415.756, 415.833, 429.447, 443.211, 449.103, 455.026, 464.821, 494.265, 513.762, 533.368, 0, 507.912, 601.924, 601.895, 558.91, 482.464, 447.158, 400.139, 347.251], "y": [552.937, 552.963, 552.954, 553.006, 554.999, 556.954, 570.526, 588.225, 602.007, 601.847, 584.271, 552.952, 0, 560.809, 449.147, 449.131, 474.526, 500.052, 521.642, 543.216, 543.248], "conf": [0.853846, 0.85124, 0.862477, 0.884028, 0.910225, 0.882552, 0.895289, 0.882035, 0.87464, 0.849393, 0.761318, 0.702171, 0, 0.542343, 0.751173, 0.829124, 0.819106, 0.251142, 0.554565, 0.831255, 0.799555]}, "RAnkle": {"frame": [33, 34, 35, 36, 37, 38, 39, 40, 41, 42, 43, 44, 45, 46, 47, 48, 49, 50, 51, 52, 53], "x": [398.141, 398.222, 398.234, 398.265, 400.111, 400.235, 402.119, 409.988, 435.465, 462.771, 507.878, 537.275, 0, 513.771, 621.519, 629.389, 621.536, 550.994, 460.946, 382.518, 321.714], "y": [650.96, 650.981, 651.008, 650.96, 652.869, 652.889, 654.838, 652.889, 648.936, 651.021, 650.926, 584.326, 0, 648.955, 404.062, 370.786, 415.883, 492.215, 539.24, 633.21, 639.21],