{"Nose": {"frame": [32, 33, 34, 35, 36, 37, 38, 39, 40, 41, 42, 43, 44, 45, 46, 47, 48, 49, 50, 51, 52, 53, 54, 56], "x": [643.124, 647.045, 646.996, 647.004, 648.952, 652.875, 662.673, 666.702, 660.705, 0, 0, 0, 582.378, 568.638, 554.898, 543.186, 541.186, 0, 0, 0, 527.567, 525.5, 535.377, 541.282], "y": [325.765, 327.655, 331.598, 337.421, 347.251, 357.075, 370.792, 370.769, 374.678, 0, 0, 0, 447.152, 443.214, 415.909, 398.136, 372.746, 0, 0, 0, 339.408, 337.548, 337.477, 319.861], "conf": [0.473579, 0.680155, 0.381479, 0.547054, 0.507791, 0.723023, 0.60715, 0.659768, 0.600985, 0, 0, 0, 0.286301, 0.2732, 0.0502751, 0.162502, 0.0868939, 0, 0, 0, 0.324925, 0.937063, 0.923515, 0.95961]}, "Neck": {"frame": [32, 33, 34, 35, 36, 37, 38, 39, 40, 41, 42, 43, 44, 45, 46, 47, 48, 49, 50, 51, 52, 53, 54, 56], "x": [617.655, 619.557, 619.651, 621.541, 621.61, 631.37, 637.252, 646.956, 643.056, 635.211, 631.332, 619.608, 603.927, 599.94, 590.196, 584.264, 576.494, 576.475, 574.554, 572.609, 564.753, 554.964, 545.114, 539.196], "y": [355.114, 360.97, 364.937, 368.784, 380.57, 388.409, 400.097, 402.11, 408.016, 423.706, 433.478, 433.548, 443.215, 433.473, 419.789, 404.07, 384.506, 368.895, 366.821, 366.743, 366.842, 368.789, 368.779, 351.24], "conf": [0.917681, 0.89353, 0.911403, 0.916144, 0.888613, 0.884624, 0.923267, 0.878191, 0.82235, 0.88499, 0.875449, 0.847484, 0.660841, 0.751148, 0.730125, 0.656042, 0.729177, 0.841914, 0.880765, 0.895228, 0.845529, 0.947383, 0.906892, 0.974662]}, "RShoulder": {"frame": [32, 33, 34, 35, 36, 37, 38, 39, 40, 41, 42, 43, 44, 45, 46, 47, 48, 49, 50, 51, 52, 53, 54, 56], "x": [601.969, 603.838, 602.04, 602.041, 603.875, 605.934, 617.682, 619.689, 631.339, 660.7, 652.903, 635.265, 605.882, 599.954, 594.118, 588.218, 574.592, 588.195, 586.239, 584.268, 562.754, 541.279, 525.48, 507.963], "y": [364.856, 366.873, 370.789, 378.582, 388.387, 400.104, 411.916, 415.801, 415.871, 411.846, 417.853, 429.602, 447.137, 445.23, 433.483, 415.856, 384.53, 364.868, 355.122, 353.234, 360.976, 368.746, 366.937, 351.091], "conf": [0.90227, 0.946047, 0.89962, 0.883503, 0.876327, 0.891122, 0.887637, 0.868875, 0.868866, 0.825223, 0.828731, 0.809626, 0.519253, 0.712675, 0.717062, 0.463319, 0.557472, 0.82856, 0.868408, 0.807766, 0.750699, 0.905291, 0.971424, 0.953417]}, "RElbow": {"frame": [32, 33, 34, 35, 36, 37, 38, 39, 40, 41, 42, 43, 44, 45, 46, 47, 48, 49, 50, 51, 52, 53, 54, 56], "x": [617.551, 617.593, 609.77, 605.839, 601.865, 594.121, 588.337, 586.187, 588.303, 682.232, 688.194, 648.949, 617.523, 617.643, 619.647, 619.655, 603.857, 621.529, 613.723, 599.987, 570.559, 545.122, 527.581, 494.27], "y": [409.922, 413.894, 417.843, 429.479, 435.43, 447.101, 456.928, 427.58, 427.511, 376.647, 396.245, 466.82, 478.501, 458.9, 470.68, 445.269, 400.158, 386.422, 390.359, 396.242, 396.219, 415.752, 406.049, 386.525], "conf": [0.932159, 1.03066, 0.869861, 0.948815, 0.876056, 0.903185, 0.870704, 0.837105, 0.898945, 0.805031, 0.807913, 0.508202, 0.915444, 0.84773, 0.875396, 0.830573, 0.148694, 0.223102, 0.274992, 0.192578, 0.565089, 0.870479, 0.632848, 0.907217]}, "RWrist": {"frame": [32, 33, 34, 35, 36, 37, 38, 39, 40, 41, 42, 43, 44, 45, 46, 47, 48, 49, 50, 51, 52, 53, 54, 56], "x": [648.982, 648.9, 647.016, 648.919, 641.115, 611.763, 566.669, 568.605, 586.232, 645.025, 707.731, 637.245, 601.953, 621.599, 635.297, 633.37, 603.871, 0, 578.467, 570.623, 547.127, 523.532, 519.675, 478.59], "y": [384.565, 384.591, 392.317, 402.164, 443.199, 482.449, 492.128, 435.407, 390.384, 382.497, 368.825, 490.26, 519.632, 482.44, 509.818, 492.135, 437.406, 0, 437.376, 425.637, 402.1, 429.541, 435.463, 431.427], "conf": [0.936283, 0.894517, 0.878921, 0.888418, 0.798772, 0.827847, 0.888979, 0.815019, 0.833299, 0.796059, 0.770282, 0.473553, 0.890949, 0.872217, 0.954748, 0.88679, 0.243599, 0, 0.292182, 0.1179, 0.819094, 0.88629, 0.405006, 0.955814]}, "LShoulder": {"frame": [32, 33, 34, 35, 36, 37, 38, 39, 40, 41, 42, 43, 44, 45, 46, 47, 48, 49, 50, 51, 52, 53, 54, 56], "x": [633.317, 635.257, 637.213, 645, 645.056, 650.909, 662.642, 666.512, 654.815, 609.797, 603.986, 603.97, 601.847, 594.123, 586.284, 572.62, 570.687, 568.678, 570.568, 568.681, 566.682, 566.7, 570.495, 570.499], "y": [351.128, 353.087, 353.23, 360.951, 368.732, 380.523, 386.477, 392.297, 400.091, 439.311, 449.174, 445.112, 435.449, 425.649, 411.842, 398.197, 384.487, 380.543, 372.783, 372.707, 370.739, 368.908, 368.899, 353.136], "conf": [0.887527, 0.887968, 0.8559, 0.802463, 0.871826, 0.917122, 0.883133, 0.882593, 0.786743, 0.801861, 0.885159, 0.895704, 0.827031, 0.800521, 0.829924, 0.905406, 0.908835, 0.848034, 0.857385, 0.855041, 0.85578, 0.893985, 0.908476, 0.924418]}, "LElbow": {"frame": [32, 33, 34, 35, 36, 37, 38, 39, 40, 41, 42, 43, 44, 45, 46, 47, 48, 49, 50, 51, 52, 53, 54, 56], "x": [648.986, 650.886, 662.672, 654.879, 660.745, 680.366, 696.052, 693.973, 666.632, 601.992, 603.836, 617.563, 631.32, 633.234, 627.396, 613.662, 602.038, 601.894, 597.982, 588.272, 582.358, 572.635, 570.559, 572.617], "y": [378.628, 386.424, 388.444, 394.283, 392.337, 392.303, 382.538, 364.856, 435.424, 490.238, 500.105, 468.726, 431.499, 415.771, 398.237, 384.571, 386.508, 400.125, 411.918, 417.773, 417.843, 419.759, 421.738, 402.114], "conf": [0.62176, 0.584105, 0.665731, 0.500977, 0.845208, 0.861836, 0.855441, 0.845863, 0.20542, 0.91812, 0.88709, 0.887233, 0.937453, 0.98006, 0.902193, 0.879623, 0.93161, 0.941081, 0.88024, 0.949547, 0.895473, 0.9219, 0.853698, 0.922368]}, "LWrist": {"frame": [32, 33, 34, 35, 36, 37, 38, 39, 40, 41, 42, 43, 44, 45, 46, 47, 48, 49, 50, 51, 52, 53, 54, 56], "x": [664.638, 664.692, 664.712, 670.517, 682.244, 717.556, 744.949, 733.218, 684.263, 617.547, 602.024, 617.535, 633.262, 637.195, 633.256, 631.311, 617.55, 601.86, 584.261, 558.844, 543.247, 537.296, 525.586, 552.913], "y": [372.709, 374.731, 378.609, 398.227, 411.855, 404.09, 368.871, 353.065, 431.535, 507.825, 525.469, 509.904, 470.701, 447.107, 421.695, 415.817, 429.605, 445.13, 449.189, 449.117, 445.308, 445.288, 447.166, 439.345], "conf": [0.718735, 0.66526, 0.769957, 0.625646, 0.876126, 0.828933, 0.645486, 0.850984, 0.209406, 0.836475, 0.902344, 0.831261, 0.850957, 0.874916, 0.724455, 0.908299, 0.905571, 0.903774, 0.85595, 0.887465, 0.922707, 0.926501, 0.93279, 0.840607]}, "MidHip": {"frame": [32, 33, 34, 35, 36, 37, 38, 39, 40, 41, 42, 43, 44, 45, 46, 47, 48, 49, 50, 51, 52, 53, 54, 56], "x": [621.586, 623.501, 629.375, 631.271, 633.193, 633.354, 633.345, 641.131, 654.858, 654.871, 664.588, 666.67, 680.236, 674.426, 666.559, 664.708, 660.741, 650.885, 635.19, 617.58, 590.188, 560.858, 543.179, 537.281], "y": [441.301, 443.216, 443.261, 447.151, 458.948, 464.81, 476.517, 488.273, 492.248, 488.316, 470.726, 447.233, 443.276, 437.415, 431.498, 429.538, 431.432, 427.609, 429.513, 439.365, 445.283, 451.075, 449.183, 433.453], "conf": [0.817078, 0.824559, 0.836105, 0.881321, 0.885724, 0.897016, 0.926792, 0.793931, 0.814009, 0.799478, 0.8345, 0.877136, 0.828883, 0.726486, 0.804619, 0.779296, 0.795671, 0.836476, 0.817801, 0.804568, 0.865525, 0.812905, 0.839243, 0.846231]}, "RHip": {"frame": [32, 33, 34, 35, 36, 37, 38, 39, 40, 41, 42, 43, 44, 45, 46, 47, 48, 49, 50, 51, 52, 53, 54, 56], "x": [611.742, 615.602, 617.525, 617.534, 617.688, 619.676, 619.641, 633.351, 650.907, 674.411, 680.33, 684.215, 690.139, 678.341, 670.497, 668.613, 662.694, 652.892, 633.248, 605.846, 576.474, 547.124, 527.466, 517.725], "y": [447.125, 447.162, 447.184, 453.039, 462.85, 470.665, 478.449, 490.256, 494.185, 480.528, 462.851, 443.196, 431.594, 431.539, 421.705, 419.782, 427.545, 415.933, 427.605, 441.331, 445.232, 449.197, 447.255, 431.59], "conf": [0.821438, 0.856526, 0.876246, 0.808727, 0.8902, 0.844078, 0.896526, 0.872959, 0.845069, 0.776439, 0.856097, 0.818239, 0.803016, 0.581548, 0.688419, 0.709329, 0.730357, 0.761173, 0.690869, 0.736112, 0.804887, 0.806624, 0.856647, 0.820219]},