{"Nose": {"frame": [24, 25, 26, 27, 29, 30], "x": [466.745, 462.93, 464.899, 472.649, 472.632, 472.637], "y": [274.797, 282.617, 274.701, 274.855, 280.673, 288.393], "conf": [0.058377, 0.0970721, 0.238956, 0.299394, 0.296117, 0.510855]}, "Neck": {"frame": [24, 25, 26, 27, 29, 30], "x": [441.318, 437.424, 443.201, 445.208, 445.258, 445.21], "y": [310.088, 306.123, 304.231, 306.183, 312.005, 317.906], "conf": [0.817031, 0.845427, 0.90248, 0.932379, 0.885085, 0.92548]}, "RShoulder": {"frame": [24, 25, 26, 27, 29, 30], "x": [429.44, 421.743, 421.703, 423.677, 425.596, 427.567], "y": [313.943, 308.056, 306.089, 308.114, 317.879, 321.734], "conf": [0.852114, 0.847315, 0.877485, 0.844347, 0.861586, 0.907741]}, "RElbow": {"frame": [24, 25, 26, 27, 29, 30], "x": [439.308, 445.121, 447.2, 447.284, 449.134, 445.168], "y": [364.864, 353.184, 347.286, 343.372, 353.158, 368.747], "conf": [0.868136, 0.932043, 0.938172, 0.914396, 0.950399, 0.97342]}, "RWrist": {"frame": [24, 25, 26, 27, 29, 30], "x": [478.558, 478.523, 476.614, 476.523, 476.487, 474.533], "y": [339.412, 325.694, 308.09, 304.212, 315.911, 333.579], "conf": [0.945641, 0.915478, 0.882636, 0.932959, 0.89984, 0.881577]}, "LShoulder": {"frame": [24, 25, 26, 27, 29, 30], "x": [453.078, 455.007, 460.798, 462.937, 462.95, 460.972], "y": [308.138, 304.172, 304.071, 304.22, 306.218, 310.026], "conf": [0.76957, 0.770332, 0.813701, 0.830447, 0.828623, 0.811056]}, "LElbow": {"frame": [24, 25, 26, 27, 29, 30], "x": [447.24, 460.842, 490.264, 511.88, 509.826, 496.174], "y": [362.915, 353.091, 337.569, 339.428, 337.431, 347.268], "conf": [0.170753, 0.126288, 0.868713, 0.755385, 0.812081, 0.836657]}, "LWrist": {"frame": [24, 25, 26, 27, 29, 30], "x": [466.788, 0, 492.181, 503.991, 500.12, 494.161], "y": [351.146, 0, 312.01, 298.314, 304.215, 321.743], "conf": [0.0764441, 0, 0.803792, 0.749853, 0.769417, 0.658171]}, "MidHip": {"frame": [24, 25, 26, 27, 29, 30], "x": [447.097, 445.224, 445.177, 447.129, 451.12, 451.077], "y": [408.022, 398.258, 396.24, 394.264, 398.17, 402.098], "conf": [0.825767, 0.885763, 0.865136, 0.831525, 0.823397, 0.828525]}, "RHip": {"frame": [24, 25, 26, 27, 29, 30], "x": [433.441, 431.451, 431.451, 431.608, 439.366, 439.309], "y": [411.882, 400.254, 400.165, 400.174, 404.127, 411.935], "conf": [0.794523, 0.843297, 0.880269, 0.826606, 0.783658, 0.794163]}, "RKnee": {"frame": [24, 25, 26, 27, 29, 30], "x": [460.908, 458.891, 449.222, 449.2, 449.214, 449.122], "y": [488.357, 486.395, 488.291, 484.375, 482.489, 484.415], "conf": [0.887069, 0.847298, 0.840915, 0.831083, 0.823377, 0.83302]}, "RAnkle": {"frame": [24, 25, 26, 27, 29, 30], "x": [437.369, 433.465, 431.6, 433.447, 433.523, 433.458], "y": [570.601, 570.67, 570.629, 570.596, 570.565, 570.606], "conf": [0.831682, 0.868616, 0.889017, 0.87027, 0.847419, 0.861617]}, "LHip": {"frame": [24, 25, 26, 27, 29, 30], "x": [458.94, 458.917, 458.858, 460.931, 464.841, 464.801], "y": [404.078, 396.181, 386.44, 382.601, 386.441, 396.27], "conf": [0.78656, 0.761781, 0.797952, 0.807543, 0.786951, 0.834785]}, "LKnee": {"frame": [24, 25, 26, 27, 29, 30], "x": [507.95, 523.613, 525.473, 509.971, 509.823, 525.515], "y": [460.983, 415.932, 380.585, 347.257, 351.246, 390.366], "conf": [0.954167, 0.96584, 0.909399, 0.861603, 0.892804, 0.869048]}, "LAnkle": {"frame": [24, 25, 26, 27, 29, 30], "x": [480.447, 519.694, 539.293, 529.484, 509.938, 535.329], "y": [541.194, 507.911, 464.84, 431.468, 439.363, 476.623], "conf": [0.826846, 0.819606, 0.859683, 0.791431, 0.847924, 0.842015]}, "REye": {"frame": [24, 25, 26, 27, 29, 30], "x": [464.861, 466.746, 464.877, 468.735, 468.725, 470.662], "y": [274.751, 274.77, 270.884, 272.865, 274.871, 280.666], "conf": [0.162991, 0.224499, 0.340492, 0.45471, 0.42168, 0.579389]}, "LEye": {"frame": [24, 25, 26, 27, 29, 30], "x": [0, 0, 0, 0, 0, 0], "y": [0, 0, 0, 0, 0, 0], "conf": [0, 0, 0, 0, 0, 0]}, "REar": {"frame": [24, 25, 26, 27, 29, 30], "x": [460.792, 460.822, 460.803, 458.951, 460.84, 460.813], "y": [276.762, 274.826, 274.717, 276.751, 282.614, 286.533], "conf": [0.813714, 0.923604, 0.895778, 0.847793, 0.808953, 0.852331]}, "LEar": {"frame": [24, 25, 26, 27, 29, 30], "x": [0, 0, 0, 0, 0, 0], "y": [0, 0, 0, 0, 0, 0], "conf": [0, 0, 0, 0, 0, 0]}, "LBigToe": {"frame": [24, 25, 26, 27, 29, 30], "x": [492.288, 537.281, 560.784, 556.91, 539.221, 564.745], "y": [574.549, 547.119, 496.139, 460.879, 462.905, 505.931], "conf": [0.600005, 0.690623, 0.771641, 0.74358, 0.792517, 0.78926]}, "LSmallToe": {"frame": [24, 25, 26, 27, 29, 30], "x": [498.097, 541.163, 568.579, 558.906, 541.149, 566.71], "y": [570.592, 539.297, 490.298, 451.075, 458.92, 494.28], "conf": [0.584482, 0.71855, 0.782987, 0.692718, 0.783286, 0.788155]}, "LHeel": {"frame": [24, 25, 26, 27, 29, 30], "x": [472.627, 507.902, 527.536, 523.537, 505.926, 523.646], "y": [543.246, 511.831, 474.607, 441.279, 447.123, 484.434], "conf": [0.687896, 0.784569, 0.758713, 0.72719, 0.798484, 0.806462]}, "RBigToe": {"frame": [24, 25, 26, 27, 29, 30], "x": [476.537, 474.6, 474.547, 474.551, 474.546, 472.666], "y": [584.339, 584.247, 582.319, 582.339, 582.318, 584.239], "conf": [0.839998, 0.755415, 0.768947, 0.786557, 0.779215, 0.820903]}, "RSmallToe": {"frame": [24, 25, 26, 27, 29, 30], "x": [462.797, 462.801, 460.929, 460.96, 460.961, 460.906], "y": [586.35, 586.302, 586.248, 586.235, 586.218, 586.31], "conf": [0.787238, 0.822181, 0.855381, 0.869843, 0.873348, 0.888696]}, "RHeel": {"frame": [24, 25, 26, 27, 29, 30], "x": [429.485, 427.525, 425.62, 425.656, 427.555, 425.655], "y": [574.592, 578.456, 578.421, 578.429, 578.417, 580.377], "conf": [0.772188, 0.78678, 0.801397, 0.803362, 0.798467, 0.797926]}, "Background": {"frame": [], "x": [], "y": [], "conf": []}}