{"Nose": {"frame": [35, 36, 37, 38, 39, 40, 41, 42, 43, 44, 45, 46, 47, 48, 49, 50, 51], "x": [431.623, 433.486, 439.36, 445.208, 460.827, 474.574, 464.89, 400.216, 0, 384.453, 359.036, 347.294, 321.859, 294.357, 0, 0, 0], "y": [290.549, 304.084, 313.983, 333.584, 357.053, 364.867, 364.846, 396.212, 0, 462.922, 462.879, 462.893, 441.296, 411.866, 0, 0, 0], "conf": [0.358635, 0.373046, 0.283108, 0.172577, 0.720406, 0.67367, 0.555955, 0.324786, 0, 0.0693168, 0.212433, 0.123823, 0.154997, 0.124672, 0, 0, 0]}, "Neck": {"frame": [35, 36, 37, 38, 39, 40, 41, 42, 43, 44, 45, 46, 47, 48, 49, 50, 51], "x": [400.231, 402.117, 408.003, 415.853, 431.45, 445.237, 447.161, 445.279, 431.494, 415.908, 396.249, 384.422, 370.758, 347.263, 335.491, 323.831, 319.915], "y": [335.442, 341.369, 357.087, 376.666, 396.27, 400.095, 402.157, 425.611, 451.113, 451.102, 462.783, 453.034, 443.23, 415.899, 390.379, 368.897, 364.856], "conf": [0.910038, 0.874782, 0.833735, 0.879696, 0.914121, 0.917675, 0.894695, 0.853429, 0.868596, 0.767973, 0.709627, 0.763591, 0.745729, 0.634754, 0.581721, 0.842938, 0.85993]}, "RShoulder": {"frame": [35, 36, 37, 38, 39, 40, 41, 42, 43, 44, 45, 46, 47, 48, 49, 50, 51], "x": [378.6, 376.669, 380.512, 384.532, 400.099, 413.806, 421.741, 464.877, 466.748, 433.483, 400.148, 384.575, 382.55, 349.231, 335.514, 335.516, 331.6], "y": [337.522, 353.123, 370.75, 392.325, 413.834, 413.943, 415.914, 413.854, 429.587, 445.18, 474.56, 460.859, 458.962, 415.82, 386.422, 362.921, 353.11], "conf": [0.874513, 0.859163, 0.83836, 0.839111, 0.847332, 0.827518, 0.799733, 0.780455, 0.818537, 0.648172, 0.573215, 0.639997, 0.665095, 0.456082, 0.504639, 0.807127, 0.793501]}, "RElbow": {"frame": [35, 36, 37, 38, 39, 40, 41, 42, 43, 44, 45, 46, 47, 48, 49, 50, 51], "x": [402.089, 392.345, 384.424, 370.804, 370.805, 366.778, 364.875, 431.527, 511.905, 445.275, 415.851, 409.963, 411.901, 386.491, 370.801, 384.523, 370.817], "y": [398.185, 415.873, 437.405, 458.957, 472.64, 433.513, 427.526, 376.656, 400.189, 507.923, 507.836, 482.463, 494.273, 384.51, 394.265, 396.222, 400.128], "conf": [0.92769, 0.870354, 0.867839, 0.867793, 0.825668, 0.816798, 0.751635, 0.574452, 0.788243, 0.667299, 0.862031, 0.66743, 0.828843, 0.0798356, 0.0639072, 0.212359, 0.229841]}, "RWrist": {"frame": [35, 36, 37, 38, 39, 40, 41, 42, 43, 44, 45, 46, 47, 48, 49, 50, 51], "x": [443.299, 433.47, 433.471, 413.846, 339.436, 321.734, 349.187, 396.263, 541.165, 429.546, 394.291, 413.763, 435.399, 0, 0, 0, 0], "y": [351.265, 382.586, 427.627, 496.152, 523.51, 456.931, 400.249, 368.771, 355.119, 584.308, 568.653, 521.574, 554.954, 0, 0, 0, 0], "conf": [0.892972, 0.874464, 0.823204, 0.824525, 0.897972, 0.843625, 0.782839, 0.748173, 0.671485, 0.771191, 0.85077, 0.844865, 0.888495, 0, 0, 0, 0]}, "LShoulder": {"frame": [35, 36, 37, 38, 39, 40, 41, 42, 43, 44, 45, 46, 47, 48, 49, 50, 51], "x": [427.607, 431.439, 435.4, 447.198, 460.975, 476.548, 474.596, 425.601, 400.117, 400.087, 388.382, 380.559, 357.098, 337.443, 327.663, 319.795, 312.032], "y": [323.789, 331.582, 345.29, 362.937, 380.534, 384.534, 390.351, 435.408, 474.559, 460.856, 447.245, 445.217, 429.465, 413.861, 396.238, 382.426, 370.775], "conf": [0.78817, 0.890167, 0.838251, 0.864548, 0.881445, 0.902398, 0.826263, 0.770853, 0.875471, 0.826869, 0.780185, 0.832024, 0.804286, 0.872146, 0.792527, 0.900104, 0.82751]}, "LElbow": {"frame": [35, 36, 37, 38, 39, 40, 41, 42, 43, 44, 45, 46, 47, 48, 49, 50, 51], "x": [462.938, 449.196, 462.87, 492.16, 517.726, 509.952, 509.816, 413.826, 400.089, 413.765, 429.502, 429.535, 400.258, 384.52, 372.748, 368.742, 357.031], "y": [368.913, 370.77, 378.644, 378.606, 370.769, 353.2, 384.515, 492.164, 539.249, 496.157, 445.144, 411.925, 396.223, 382.557, 384.551, 409.965, 417.833], "conf": [0.907362, 0.567695, 0.835518, 0.844107, 0.795399, 0.838303, 0.815274, 0.818567, 0.904906, 0.824322, 0.897727, 0.804846, 0.790598, 0.853302, 0.852916, 0.899922, 0.878997]}, "LWrist": {"frame": [35, 36, 37, 38, 39, 40, 41, 42, 43, 44, 45, 46, 47, 48, 49, 50, 51], "x": [462.89, 460.9, 488.334, 533.349, 574.576, 570.512, 541.249, 411.94, 402.184, 421.701, 443.241, 451.101, 443.213, 423.699, 398.284, 368.844, 339.49], "y": [347.248, 366.769, 398.108, 398.2, 364.827, 335.441, 384.513, 523.482, 580.392, 545.15, 480.526, 429.59, 402.13, 400.231, 433.485, 462.811, 478.491], "conf": [0.825251, 0.478911, 0.787772, 0.854331, 0.818126, 0.852002, 0.786102, 0.756127, 0.813655, 0.738504, 0.802918, 0.760151, 0.793919, 0.844654, 0.838037, 0.899183, 0.883616]}, "MidHip": {"frame": [35, 36, 37, 38, 39, 40, 41, 42, 43, 44, 45, 46, 47, 48, 49, 50, 51], "x": [415.857, 415.764, 419.758, 423.69, 427.594, 439.375, 462.85, 468.719, 474.599, 478.504, 490.301, 482.435, 470.668, 460.958, 451.07, 423.652, 394.292], "y": [437.359, 449.108, 462.833, 478.506, 496.198, 509.942, 521.564, 523.555, 492.205, 460.898, 462.862, 449.122, 439.35, 439.317, 443.269, 447.15, 462.798], "conf": [0.811684, 0.842218, 0.832268, 0.797963, 0.813471, 0.783905, 0.798185, 0.750258, 0.764688, 0.805695, 0.575923, 0.669713, 0.677853, 0.740727, 0.754964, 0.672077, 0.743203]}, "RHip": {"frame": [35, 36, 37, 38, 39, 40, 41, 42, 43, 44, 45, 46, 47, 48, 49, 50, 51], "x": [398.287, 398.233, 400.267, 404.093, 411.881, 427.563, 451.074, 492.246, 494.289, 498.106, 500.056, 490.254, 476.611, 472.66, 460.835, 421.705, 382.523], "y": [447.138, 460.826, 472.626, 482.434, 502.027, 511.855, 523.558, 521.583, 480.505, 449.19, 449.187, 439.38, 425.61, 427.568, 431.527, 445.237, 462.908], "conf": [0.833478, 0.815672, 0.775354, 0.722723, 0.754471, 0.753946, 0.744369, 0.760666, 0.735972, 0.729074, 0.393679, 0.490099, 0.624641, 0.667313, 0.739271, 0.564369, 0.724528]}, "RKnee": {"frame": [35, 36, 37, 38, 39, 40, 41, 42, 43, 44, 45, 46, 47, 48, 49, 50, 51], "x": [413.857, 417.776, 429.595, 443.214, 447.123, 451.147, 470.716, 492.258, 507.966, 527.485, 482.436, 556.91, 580.406, 564.756, 500.078, 415.831, 366.879], "y": [552.911, 554.879, 555.006, 556.966, 570.557, 588.223, 601.908, 588.243, 558.879, 535.345, 554.986, 464.832, 441.283, 451.133, 490.253, 523.49, 539.312], "conf": [0.852849, 0.874539, 0.930364, 0.87571, 0.910145, 0.87037, 0.79546, 0.862792, 0.751768, 0.726089, 0.465992, 0.743574, 0.794014, 0.832187, 0.82043, 0.889182, 0.864057]}, "RAnkle": {"frame": [35, 36, 37, 38, 39, 40, 41, 42, 43, 44, 45, 46, 47, 48, 49, 50, 51], "x": [398.271, 398.29, 400.104, 400.169, 402.104, 411.846, 447.111, 464.78, 509.982, 527.53, 500.074, 570.671, 598.041, 601.908, 586.32, 472.667, 374.71], "y": [654.877, 656.801, 658.774, 656.777, 658.769, 651.014, 646.968, 652.922, 592.207, 570.611, 647.017, 392.342, 345.31, 366.838, 419.79, 531.454, 633.246], "conf": [0.846304, 0.85002, 0.850356, 0.845717, 0.820565, 0.830984, 0.73674, 0.770614, 0.680183, 0.45299, 0.458729, 0.475928, 0.639701, 0.737227, 0.716729, 0.462112, 0.796505]}, "LHip": {"frame": [35, 36, 37, 38, 39, 40, 41, 42, 43, 44, 45, 46, 47, 48, 49, 50, 51], "x": [433.477, 431.574, 439.354, 443.278, 445.138, 451.117, 476.589, 447.126, 449.111, 460.805, 480.539, 476.612, 462.798, 451.107, 445.232, 425.596, 402.179], "y": [429.499, 443.191, 456.945, 476.477, 494.193, 509.872, 515.747, 525.61, 500.059, 470.704, 466.799, 456.96, 458.905, 453.034, 451.118, 447.276, 460.878], "conf": [0.782146, 0.810224, 0.786174, 0.80841, 0.834014, 0.784442, 0.736508, 0.771017, 0.721313, 0.710531, 0.515531, 0.576748, 0.700267, 0.690641, 0.769223, 0.71943, 0.732361]}, "LKnee": {"frame": [35, 36, 37, 38, 39, 40, 41, 42, 43, 44, 45, 46, 47, 48, 49, 50, 51], "x": [505.97, 509.855, 509.873, 507.946, 507.811, 504, 492.298, 476.478, 476.541, 480.542, 482.474, 484.398, 484.368, 478.638, 476.518, 462.936, 451.091], "y": [429.595, 478.451, 517.742, 543.17, 554.99, 556.922, 586.23, 586.214, 572.523, 560.828, 556.963, 554.948, 552.922, 552.925, 552.977, 554.867, 554.906],