{"Nose": {"frame": [34, 35, 36, 37, 38, 39, 40, 42, 43, 44, 45, 46, 47, 48, 49, 50, 51, 52, 53, 54, 55, 56], "x": [648.947, 649.042, 650.996, 652.936, 664.617, 668.526, 662.634, 0, 0, 574.544, 566.671, 0, 0, 0, 0, 0, 551.047, 547.125, 0, 539.282, 0, 525.592], "y": [317.878, 321.856, 333.528, 349.261, 364.889, 362.961, 362.907, 0, 0, 427.616, 413.843, 0, 0, 0, 0, 0, 319.72, 310.073, 0, 306.234, 0, 304.143], "conf": [0.402618, 0.452144, 0.503379, 0.351935, 0.762235, 0.713662, 0.675999, 0, 0, 0.252732, 0.117419, 0, 0, 0, 0, 0, 0.0806019, 0.146846, 0, 0.123657, 0, 0.099468]}, "Neck": {"frame": [34, 35, 36, 37, 38, 39, 40, 42, 43, 44, 45, 46, 47, 48, 49, 50, 51, 52, 53, 54, 55, 56], "x": [621.569, 623.541, 625.475, 631.346, 639.189, 647.013, 643.114, 631.347, 619.61, 603.988, 599.985, 588.313, 588.275, 588.302, 590.243, 592.19, 588.259, 578.462, 572.505, 560.778, 554.847, 549.083], "y": [349.19, 353.06, 366.859, 380.571, 390.379, 392.349, 396.224, 419.759, 417.777, 417.779, 406.065, 384.556, 366.83, 353.101, 343.368, 339.457, 339.406, 337.411, 337.488, 335.554, 335.592, 335.451], "conf": [0.887511, 0.896192, 0.90901, 0.924236, 0.85341, 0.86736, 0.831966, 0.848932, 0.851174, 0.673107, 0.623489, 0.666936, 0.808961, 0.911289, 0.841711, 0.84413, 0.89065, 0.790322, 0.816423, 0.807296, 0.861738, 0.82413]}, "RShoulder": {"frame": [34, 35, 36, 37, 38, 39, 40, 42, 43, 44, 45, 46, 47, 48, 49, 50, 51, 52, 53, 54, 55, 56], "x": [605.84, 605.835, 605.876, 605.93, 619.535, 619.639, 633.272, 652.874, 633.306, 605.864, 599.952, 590.168, 605.868, 603.994, 607.804, 609.786, 602.002, 586.184, 572.571, 556.94, 547.111, 543.192], "y": [351.185, 359.047, 372.763, 390.347, 400.207, 400.203, 400.169, 411.836, 415.794, 427.532, 402.16, 380.596, 361.006, 349.207, 337.418, 335.553, 335.532, 331.624, 335.488, 335.492, 335.533, 333.495], "conf": [0.929124, 0.849287, 0.848559, 0.825055, 0.896439, 0.874709, 0.86604, 0.823238, 0.79995, 0.53241, 0.441889, 0.631725, 0.628253, 0.863189, 0.885375, 0.879141, 0.895943, 0.76336, 0.742907, 0.837001, 0.762104, 0.738009]}, "RElbow": {"frame": [34, 35, 36, 37, 38, 39, 40, 42, 43, 44, 45, 46, 47, 48, 49, 50, 51, 52, 53, 54, 55, 56], "x": [627.401, 615.594, 603.948, 599.975, 596.073, 578.413, 592.139, 692.083, 645.056, 619.505, 633.363, 627.394, 633.287, 631.284, 629.404, 623.479, 607.827, 582.355, 570.571, 552.922, 541.183, 539.216], "y": [392.302, 409.977, 425.603, 439.369, 443.247, 413.893, 411.918, 388.39, 449.161, 451.111, 449.171, 364.83, 411.889, 380.604, 384.446, 382.579, 384.532, 386.512, 384.578, 384.475, 386.476, 384.577], "conf": [0.860771, 0.875242, 0.897372, 0.849373, 0.857634, 0.898088, 0.871041, 0.742975, 0.473645, 0.829505, 0.413906, 0.318656, 0.693192, 0.294988, 0.478177, 0.236057, 0.219882, 0.16402, 0.213954, 0.725104, 0.817934, 0.804823]}, "RWrist": {"frame": [34, 35, 36, 37, 38, 39, 40, 42, 43, 44, 45, 46, 47, 48, 49, 50, 51, 52, 53, 54, 55, 56], "x": [649.04, 643.084, 643.114, 617.628, 570.632, 564.714, 588.28, 703.801, 596.11, 604.024, 617.654, 631.325, 631.275, 615.637, 602.011, 599.921, 554.955, 566.699, 539.304, 525.525, 509.906, 509.844], "y": [355.081, 384.537, 429.451, 478.458, 478.552, 433.513, 368.887, 370.835, 535.317, 476.531, 433.467, 388.41, 449.16, 419.786, 415.851, 406.029, 413.864, 413.904, 415.827, 408.032, 409.935, 402.16], "conf": [0.93413, 0.850848, 0.85167, 0.912423, 0.946534, 0.717192, 0.726765, 0.338837, 0.289458, 0.874569, 0.469435, 0.153051, 0.848674, 0.23123, 0.72357, 0.133977, 0.161778, 0.120918, 0.160028, 0.874223, 0.876183, 0.917949]}, "LShoulder": {"frame": [34, 35, 36, 37, 38, 39, 40, 42, 43, 44, 45, 46, 47, 48, 49, 50, 51, 52, 53, 54, 55, 56], "x": [637.29, 643.103, 646.957, 650.881, 664.556, 666.685, 652.911, 605.832, 605.897, 602.014, 594.104, 586.276, 572.649, 572.592, 574.577, 576.476, 576.464, 572.663, 570.614, 562.771, 556.932, 554.928], "y": [345.291, 345.313, 357.049, 366.898, 380.539, 382.532, 386.427, 431.617, 421.697, 413.892, 404.064, 390.39, 368.734, 357.066, 353.057, 351.125, 347.294, 341.418, 339.497, 337.405, 337.424, 335.535], "conf": [0.790535, 0.80715, 0.841904, 0.944368, 0.881845, 0.888694, 0.772267, 0.893973, 0.843358, 0.904004, 0.770241, 0.788758, 0.919054, 0.89427, 0.923718, 0.890861, 0.846784, 0.878201, 0.881765, 0.887793, 0.929279, 0.949499]}, "LElbow": {"frame": [34, 35, 36, 37, 38, 39, 40, 42, 43, 44, 45, 46, 47, 48, 49, 50, 51, 52, 53, 54, 55, 56], "x": [678.36, 666.61, 666.568, 686.175, 699.976, 695.986, 666.566, 603.953, 623.483, 635.336, 637.194, 623.495, 604.01, 598.035, 590.25, 586.35, 582.336, 578.467, 576.474, 574.569, 572.558, 568.603], "y": [368.745, 368.803, 382.583, 376.686, 368.817, 351.263, 423.683, 484.397, 445.16, 402.194, 384.515, 366.892, 364.846, 382.423, 392.295, 398.18, 396.221, 394.305, 388.449, 384.418, 382.58, 382.534], "conf": [0.817425, 0.788981, 0.931037, 0.806438, 0.847971, 0.867764, 0.450381, 0.864885, 0.900772, 0.883957, 0.87364, 0.830862, 0.907798, 0.898135, 0.871559, 0.963668, 0.865617, 0.850365, 0.856232, 0.956037, 0.972983, 0.929334]}, "LWrist": {"frame": [34, 35, 36, 37, 38, 39, 40, 42, 43, 44, 45, 46, 47, 48, 49, 50, 51, 52, 53, 54, 55, 56], "x": [666.521, 666.584, 692.056, 729.301, 752.794, 733.197, 686.183, 605.914, 621.601, 635.262, 633.311, 635.208, 617.649, 592.195, 574.545, 556.811, 543.223, 537.288, 535.37, 539.214, 541.278, 541.308], "y": [347.242, 355.185, 400.203, 386.524, 353.229, 341.373, 419.726, 509.884, 480.465, 445.135, 417.865, 396.228, 406.079, 421.751, 429.592, 429.576, 419.755, 415.83, 415.865, 415.844, 425.629, 429.533], "conf": [0.804672, 0.739866, 0.852306, 0.855191, 0.784719, 0.788506, 0.515076, 0.819612, 0.675502, 0.861633, 0.788847, 0.727144, 0.866027, 0.828545, 0.882306, 0.937615, 0.844955, 0.902307, 0.883556, 0.926799, 0.889929, 0.950409]}, "MidHip": {"frame": [34, 35, 36, 37, 38, 39, 40, 42, 43, 44, 45, 46, 47, 48, 49, 50, 51, 52, 53, 54, 55, 56], "x": [629.34, 631.289, 631.302, 633.269, 633.366, 641.115, 652.869, 666.528, 674.458, 680.343, 672.517, 666.592, 662.7, 652.948, 648.997, 633.234, 611.755, 588.202, 572.51, 558.861, 556.862, 543.21], "y": [427.57, 431.517, 445.226, 453.047, 464.79, 476.575, 480.539, 455.028, 431.606, 429.586, 423.669, 415.921, 415.804, 413.889, 413.831, 421.714, 429.5, 429.57, 431.449, 429.543, 429.479, 419.781], "conf": [0.805215, 0.878516, 0.900646, 0.859001, 0.897592, 0.858511, 0.77138, 0.845116, 0.806158, 0.804608, 0.747112, 0.75826, 0.794059, 0.831003, 0.855363, 0.782277, 0.792064, 0.825178, 0.850349, 0.825067, 0.843321, 0.790101]}, "RHip": {"frame": [34, 35, 36, 37, 38, 39, 40, 42, 43, 44, 45, 46, 47, 48, 49, 50, 51, 52, 53, 54, 55, 56], "x": [617.544, 617.566, 617.589, 619.564, 619.686, 633.208, 656.839, 682.247, 690.083, 694.013, 682.23, 678.294, 668.571, 664.616, 654.82, 627.418, 601.934, 574.604, 560.788, 552.902, 549.044, 539.185], "y": [431.56, 441.271, 447.286, 458.954, 468.714, 478.451, 482.436, 447.215, 429.475, 421.713, 413.852, 409.989, 409.917, 402.155, 406.017, 421.746, 429.519, 429.541, 429.583, 429.5, 429.526, 419.74], "conf": [0.859416, 0.830957, 0.864744, 0.861449, 0.825293, 0.88276, 0.718574, 0.869651, 0.779026, 0.755752, 0.75295, 0.680205, 0.721832, 0.803212, 0.728306, 0.659985, 0.793243, 0.759265, 0.773747, 0.801114, 0.769319, 0.780911]}, "RKnee": {"frame": [34, 35, 36, 37, 38, 39, 40, 42, 43, 44, 45, 46, 47, 48, 49, 50, 51, 52, 53, 54, 55, 56], "x": [629.332, 633.18, 637.221, 646.957, 648.945, 654.823, 664.734, 693.95, 705.8, 729.223, 742.982, 754.748, 731.283, 694.062, 625.481, 600.001, 572.515, 555.016, 543.178, 541.232, 539.336, 533.408], "y": [507.962, 509.802, 511.874, 515.717, 525.493, 539.313, 539.293, 505.947, 492.308, 476.508, 443.183, 421.691, 427.562, 445.112, 458.944, 478.516, 490.287, 494.275, 496.185, 496.207, 505.89, 505.909],