{"Nose": {"frame": [36, 38, 39, 40, 41, 42, 43, 44, 45, 46, 47], "x": [505.935, 0, 0, 447.256, 404.123, 392.292, 368.838, 0, 0, 0, 347.232], "y": [335.544, 0, 0, 447.206, 429.526, 415.788, 380.526, 0, 0, 0, 302.186], "conf": [0.459374, 0, 0, 0.601744, 0.431793, 0.346945, 0.115719, 0, 0, 0, 0.147772]}, "Neck": {"frame": [36, 38, 39, 40, 41, 42, 43, 44, 45, 46, 47], "x": [480.459, 474.601, 462.891, 474.565, 435.476, 429.506, 409.968, 400.124, 398.113, 394.303, 386.419], "y": [368.889, 404.055, 413.782, 427.6, 415.922, 404.114, 382.441, 364.918, 337.467, 325.744, 323.756], "conf": [0.866209, 0.844719, 0.752501, 0.622998, 0.746906, 0.751228, 0.570946, 0.544173, 0.861787, 0.820862, 0.827546]}, "RShoulder": {"frame": [36, 38, 39, 40, 41, 42, 43, 44, 45, 46, 47], "x": [462.933, 500.099, 478.57, 449.185, 443.239, 433.434, 409.963, 396.255, 404.117, 402.187, 384.536], "y": [372.725, 388.377, 402.104, 413.814, 429.485, 415.8, 376.634, 364.837, 331.615, 319.855, 319.871], "conf": [0.83417, 0.75178, 0.54346, 0.453852, 0.623201, 0.65817, 0.423983, 0.335731, 0.73093, 0.849265, 0.787392]}, "RElbow": {"frame": [36, 38, 39, 40, 41, 42, 43, 44, 45, 46, 47], "x": [417.829, 541.192, 478.537, 460.827, 462.804, 472.605, 445.286, 0, 0, 433.451, 390.343], "y": [382.459, 370.832, 464.799, 468.767, 443.271, 445.186, 353.189, 0, 0, 362.951, 366.869], "conf": [0.855598, 0.638294, 0.555628, 0.624341, 0.696011, 0.818406, 0.146752, 0, 0, 0.246355, 0.60222]}, "RWrist": {"frame": [36, 38, 39, 40, 41, 42, 43, 44, 45, 46, 47], "x": [413.937, 570.623, 462.832, 429.585, 460.869, 488.296, 0, 0, 0, 470.706, 366.776], "y": [353.143, 333.504, 507.926, 511.817, 464.815, 478.536, 0, 0, 0, 382.479, 370.837], "conf": [0.910563, 0.617385, 0.472321, 0.784787, 0.848977, 0.861471, 0, 0, 0, 0.107964, 0.718269]}, "LShoulder": {"frame": [36, 38, 39, 40, 41, 42, 43, 44, 45, 46, 47], "x": [500.05, 445.271, 447.169, 488.299, 431.42, 415.928, 400.176, 392.295, 384.477, 384.406, 388.417], "y": [368.775, 419.77, 417.796, 443.273, 409.992, 398.209, 382.499, 364.906, 345.287, 335.509, 331.599], "conf": [0.791727, 0.858686, 0.847879, 0.401656, 0.850327, 0.830865, 0.870347, 0.783429, 0.867186, 0.934324, 0.828603]}, "LElbow": {"frame": [36, 38, 39, 40, 41, 42, 43, 44, 45, 46, 47], "x": [527.548, 439.34, 449.157, 464.852, 470.705, 462.863, 445.25, 429.605, 425.612, 421.742, 415.922], "y": [355.094, 468.728, 458.875, 474.563, 384.451, 368.75, 353.202, 353.115, 364.869, 372.748, 380.524], "conf": [0.124407, 0.797398, 0.804498, 0.178176, 0.834588, 0.695426, 0.818217, 0.91836, 0.838912, 0.821708, 0.911247]}, "LWrist": {"frame": [36, 38, 39, 40, 41, 42, 43, 44, 45, 46, 47], "x": [0, 433.501, 458.928, 431.498, 480.46, 486.33, 478.465, 460.961, 431.464, 413.837, 398.191], "y": [0, 509.821, 492.316, 511.821, 421.709, 374.728, 370.847, 386.453, 409.931, 415.816, 429.501], "conf": [0, 0.905217, 0.822833, 0.121195, 0.517944, 0.621691, 0.821025, 0.737329, 0.849533, 0.894048, 0.91202]}, "MidHip": {"frame": [36, 38, 39, 40, 41, 42, 43, 44, 45, 46, 47], "x": [492.146, 503.979, 507.968, 523.514, 509.927, 507.895, 502.041, 494.26, 480.499, 458.918, 431.487], "y": [462.838, 445.233, 419.769, 417.816, 411.947, 406.023, 400.236, 400.191, 400.194, 402.128, 415.772], "conf": [0.761534, 0.794542, 0.810922, 0.599716, 0.70342, 0.687821, 0.707155, 0.773965, 0.701765, 0.750105, 0.86443]}, "RHip": {"frame": [36, 38, 39, 40, 41, 42, 43, 44, 45, 46, 47], "x": [478.487, 523.608, 525.631, 503.997, 523.549, 509.932, 507.963, 500.079, 490.246, 454.987, 421.699], "y": [462.854, 437.417, 413.807, 429.503, 398.185, 396.251, 394.25, 398.107, 398.111, 402.17, 415.839], "conf": [0.698021, 0.766363, 0.723192, 0.476165, 0.644013, 0.657503, 0.646568, 0.717462, 0.694852, 0.660013, 0.755476]}, "RKnee": {"frame": [36, 38, 39, 40, 41, 42, 43, 44, 45, 46, 47], "x": [505.908, 533.348, 550.986, 507.931, 582.338, 594.124, 601.887, 568.617, 507.915, 447.133, 409.974], "y": [486.342, 505.935, 488.272, 496.201, 425.617, 384.573, 388.396, 415.912, 449.147, 468.765, 488.324], "conf": [0.494459, 0.768609, 0.78004, 0.758951, 0.799922, 0.715953, 0.770969, 0.865936, 0.480992, 0.862718, 0.805302]}, "RAnkle": {"frame": [36, 38, 39, 40, 41, 42, 43, 44, 45, 46, 47], "x": [494.277, 535.327, 545.119, 523.639, 586.303, 635.266, 599.969, 601.86, 584.304, 492.288, 400.098], "y": [551.033, 552.993, 533.372, 576.48, 370.776, 368.782, 366.826, 343.365, 413.881, 502.037, 566.693], "conf": [0.525546, 0.736637, 0.746848, 0.815187, 0.529712, 0.652006, 0.391603, 0.74094, 0.513862, 0.509704, 0.849313]}, "LHip": {"frame": [36, 38, 39, 40, 41, 42, 43, 44, 45, 46, 47], "x": [502.059, 480.547, 492.191, 539.258, 500.115, 498.161, 494.156, 492.228, 478.478, 460.896, 443.289], "y": [462.827, 451.113, 431.481, 413.827, 423.697, 417.779, 413.84, 407.977, 407.986, 402.117, 413.931], "conf": [0.6949, 0.765274, 0.778865, 0.699377, 0.708648, 0.683064, 0.78263, 0.774861, 0.739361, 0.785015, 0.865992]}, "LKnee": {"frame": [36, 38, 39, 40, 41, 42, 43, 44, 45, 46, 47], "x": [511.819, 500.09, 509.87, 562.789, 507.91, 509.951, 509.855, 508.002, 500.064, 488.276, 464.866], "y": [525.529, 509.806, 505.953, 462.949, 500.099, 496.166, 494.18, 494.24, 492.299, 496.134, 498.114], "conf": [0.468221, 0.856801, 0.864081, 0.663374, 0.856539, 0.846383, 0.845833, 0.883757, 0.802806, 0.780982, 0.824065]}, "LAnkle": {"frame": [36, 38, 39, 40, 41, 42, 43, 44, 45, 46, 47], "x": [523.568, 523.471, 523.672, 572.639, 523.567, 523.607, 523.621, 523.637, 523.652, 523.624, 523.493], "y": [572.615, 570.535, 574.594, 431.485, 582.38, 580.421, 576.514, 578.462, 576.513, 578.446, 574.594], "conf": [0.355889, 0.823027, 0.868329, 0.623299, 0.846018, 0.839935, 0.834501, 0.839792, 0.84195, 0.823989, 0.823969]}, "REye": {"frame": [36, 38, 39, 40, 41, 42, 43, 44, 45, 46, 47], "x": [500.067, 0, 0, 447.169, 405.999, 392.316, 0, 0, 0, 0, 0], "y": [333.512, 0, 0, 443.23, 427.609, 413.921, 0, 0, 0, 0, 0], "conf": [0.563488, 0, 0, 0.172701, 0.0647742, 0.0611433, 0, 0, 0, 0, 0]}, "LEye": {"frame": [36, 38, 39, 40, 41, 42, 43, 44, 45, 46, 47], "x": [0, 0, 0, 451.104, 402.142, 388.393, 368.83, 357.07, 0, 0, 347.215], "y": [0, 0, 0, 445.135, 425.647, 411.898, 372.774, 351.172, 0, 0, 292.459], "conf": [0, 0, 0, 0.544726, 0.487609, 0.390392, 0.181772, 0.0714863, 0, 0, 0.245017]}, "REar": {"frame": [36, 38, 39, 40, 41, 42, 43, 44, 45, 46, 47], "x": [492.173, 464.809, 456.944, 0, 0, 0, 390.393, 392.307, 382.519, 378.582, 380.49], "y": [337.514, 384.566, 402.169, 0, 0, 0, 364.89, 337.378, 317.875, 296.355, 288.564], "conf": [0.891167, 0.329673, 0.118344, 0, 0, 0, 0.0874669, 0.135905, 0.401534, 0.470714, 0.178926]}, "LEar": {"frame": [36, 38, 39, 40, 41, 42, 43, 44, 45, 46, 47], "x": [0, 445.123, 437.377, 462.915, 406.064, 392.302, 378.585, 366.869, 357.057, 353.211, 353.123], "y": [0, 400.106, 415.848, 431.609, 417.786, 402.178, 378.574, 353.068, 331.565, 310.056, 300.269], "conf": [0, 0.6469, 0.261923, 0.471578, 0.626534, 0.546026, 0.664771, 0.811644, 0.780984, 0.808023, 0.859122]}, "LBigToe": {"frame": [36, 38, 39, 40, 41, 42, 43, 44, 45, 46, 47], "x": [529.486, 527.531, 509.949, 574.529, 509.898, 511.837, 509.965, 507.987, 505.937, 496.17, 505.888], "y": [584.32, 586.229, 588.185, 462.857, 586.274, 586.275, 588.234, 590.228, 590.162, 590.262, 588.33], "conf": [0.295445, 0.300024, 0.571257, 0.277808, 0.366127, 0.380225, 0.293172, 0.654303, 0.559014, 0.64341, 0.599548]}, "LSmallToe": {"frame": [36, 38, 39, 40, 41, 42, 43, 44, 45, 46, 47], "x": [537.277, 521.59, 509.837, 578.476, 507.986, 509.883, 515.733, 513.805, 509.941, 507.99, 513.787], "y": [580.406, 586.305, 588.224, 458.883, 588.243, 588.196, 588.333, 592.164, 592.168, 596.104, 590.251], "conf": [0.30407, 0.31371, 0.738732, 0.341547, 0.524011, 0.489992, 0.328369, 0.657589, 0.616303, 0.681611, 0.617947]}, "LHeel": {"frame": [36, 38, 39, 40, 41, 42, 43, 44, 45, 46, 47], "x": [523.6, 521.658, 529.44, 574.568, 525.651, 525.641, 527.509, 531.415, 533.393, 537.315, 537.229],