{"Nose": {"frame": [39, 40, 41, 42, 43, 44, 45, 46, 47, 48, 49, 50, 51, 52, 53, 54, 55, 56, 57, 58, 59, 60], "x": [660.704, 643.097, 0, 0, 576.475, 568.654, 556.844, 0, 0, 0, 0, 0, 0, 543.207, 541.279, 539.206, 527.503, 523.658, 521.666, 521.653, 517.733, 511.797], "y": [362.972, 378.591, 0, 0, 429.544, 423.635, 400.132, 0, 0, 0, 0, 0, 0, 321.833, 321.856, 321.803, 313.929, 311.982, 308.121, 308.128, 310.007, 312.029], "conf": [0.526554, 0.0658726, 0, 0, 0.463789, 0.483305, 0.165392, 0, 0, 0, 0, 0, 0, 0.219953, 0.0919894, 0.0956993, 0.1496, 0.164557, 0.341765, 0.213073, 0.294426, 0.521629]}, "Neck": {"frame": [39, 40, 41, 42, 43, 44, 45, 46, 47, 48, 49, 50, 51, 52, 53, 54, 55, 56, 57, 58, 59, 60], "x": [639.192, 633.352, 627.42, 619.574, 603.92, 599.928, 592.128, 588.183, 588.339, 588.288, 590.207, 590.172, 588.151, 574.544, 570.584, 562.778, 554.996, 552.956, 547.083, 545.13, 541.328, 545.144], "y": [392.291, 404.101, 415.923, 415.87, 427.597, 413.837, 402.115, 382.458, 366.883, 357.032, 351.136, 349.19, 345.28, 345.337, 345.284, 341.421, 337.526, 335.52, 335.556, 335.522, 335.55, 335.536], "conf": [0.847393, 0.888052, 0.872547, 0.880186, 0.699638, 0.744658, 0.716848, 0.69716, 0.909517, 0.855217, 0.904267, 0.885677, 0.837407, 0.817029, 0.860254, 0.826002, 0.93842, 0.925163, 0.896814, 0.90113, 0.932364, 0.898777]}, "RShoulder": {"frame": [39, 40, 41, 42, 43, 44, 45, 46, 47, 48, 49, 50, 51, 52, 53, 54, 55, 56, 57, 58, 59, 60], "x": [621.556, 652.853, 649, 635.194, 605.887, 599.977, 599.958, 599.983, 603.943, 602.017, 602.001, 601.974, 590.172, 570.609, 556.93, 552.963, 541.193, 539.268, 537.299, 535.339, 531.403, 535.367], "y": [398.289, 392.313, 402.119, 413.802, 435.402, 417.771, 415.783, 374.736, 359.001, 351.181, 339.475, 337.584, 337.475, 343.335, 341.41, 341.395, 339.414, 335.49, 335.516, 335.519, 335.57, 335.525], "conf": [0.89873, 0.839594, 0.875612, 0.784817, 0.650534, 0.641589, 0.723528, 0.42744, 0.802642, 0.876787, 0.86294, 0.875344, 0.816235, 0.744424, 0.780532, 0.829051, 0.892838, 0.889309, 0.868169, 0.84837, 0.84125, 0.838151]}, "RElbow": {"frame": [39, 40, 41, 42, 43, 44, 45, 46, 47, 48, 49, 50, 51, 52, 53, 54, 55, 56, 57, 58, 59, 60], "x": [580.397, 662.635, 686.17, 635.234, 611.718, 615.687, 619.71, 633.261, 635.237, 627.425, 633.281, 631.295, 607.853, 582.372, 558.823, 541.321, 537.269, 531.424, 529.488, 533.348, 527.497, 527.581], "y": [402.183, 357.058, 382.553, 451.071, 460.864, 437.376, 449.225, 419.741, 382.453, 392.347, 374.722, 382.563, 384.476, 396.185, 382.529, 392.298, 384.581, 382.594, 382.49, 382.545, 382.585, 384.543], "conf": [0.836267, 0.598559, 0.831331, 0.567626, 0.772194, 0.76289, 0.871293, 0.600897, 0.340897, 0.242225, 0.266051, 0.272199, 0.396144, 0.108846, 0.0630062, 0.849036, 0.892821, 0.867212, 0.845735, 0.812945, 0.848161, 0.851958]}, "RWrist": {"frame": [39, 40, 41, 42, 43, 44, 45, 46, 47, 48, 49, 50, 51, 52, 53, 54, 55, 56, 57, 58, 59, 60], "x": [588.157, 615.673, 705.814, 621.536, 596.035, 619.576, 633.226, 633.318, 623.54, 603.934, 611.728, 607.798, 574.586, 564.715, 0, 525.481, 507.804, 496.154, 500.054, 505.915, 496.187, 500.063], "y": [376.668, 353.11, 353.112, 490.242, 494.216, 462.874, 494.281, 460.901, 413.908, 429.456, 413.831, 413.898, 415.899, 429.545, 0, 429.502, 413.96, 398.13, 384.546, 384.5, 392.305, 407.99], "conf": [0.820861, 0.630953, 0.771229, 0.3952, 0.793057, 0.945519, 0.901392, 0.61746, 0.275628, 0.309859, 0.0743504, 0.246323, 0.314217, 0.181446, 0, 0.956145, 0.945095, 0.907419, 0.879034, 0.904412, 0.841868, 0.845917]}, "LShoulder": {"frame": [39, 40, 41, 42, 43, 44, 45, 46, 47, 48, 49, 50, 51, 52, 53, 54, 55, 56, 57, 58, 59, 60], "x": [658.744, 615.647, 603.938, 603.993, 601.906, 592.182, 586.298, 576.515, 572.66, 574.6, 582.328, 584.255, 586.187, 586.208, 582.352, 574.57, 570.547, 564.7, 556.988, 556.959, 556.825, 556.924], "y": [384.416, 415.892, 433.463, 421.751, 415.903, 407.994, 394.265, 382.588, 372.767, 366.879, 357.061, 353.206, 351.18, 347.286, 347.237, 341.417, 337.463, 335.556, 335.585, 335.529, 335.537, 335.541], "conf": [0.824755, 0.855319, 0.899076, 0.83774, 0.87521, 0.783583, 0.84359, 0.904014, 0.850845, 0.906571, 0.839739, 0.903479, 0.914666, 0.894971, 0.84528, 0.87027, 0.912581, 0.888304, 0.930956, 0.934143, 0.967453, 0.924829]}, "LElbow": {"frame": [39, 40, 41, 42, 43, 44, 45, 46, 47, 48, 49, 50, 51, 52, 53, 54, 55, 56, 57, 58, 59, 60], "x": [693.968, 603.96, 603.948, 617.707, 633.255, 633.285, 621.594, 611.752, 603.876, 601.96, 603.893, 603.843, 603.954, 603.979, 603.847, 599.963, 588.295, 586.329, 584.34, 584.311, 580.379, 580.421], "y": [382.556, 462.937, 478.611, 451.098, 411.887, 386.417, 376.642, 370.826, 384.462, 394.297, 398.202, 400.224, 398.109, 388.438, 388.389, 384.566, 380.608, 382.417, 380.501, 378.584, 380.57, 382.442], "conf": [0.709823, 0.882384, 0.903183, 0.908691, 0.899279, 0.894361, 0.843752, 0.891641, 0.966409, 0.938354, 0.99071, 0.996989, 0.977173, 0.900755, 0.92748, 0.922517, 0.925597, 0.955107, 0.896948, 0.878511, 0.883961, 0.889105]}, "LWrist": {"frame": [39, 40, 41, 42, 43, 44, 45, 46, 47, 48, 49, 50, 51, 52, 53, 54, 55, 56, 57, 58, 59, 60], "x": [696.048, 617.617, 603.966, 617.622, 635.213, 639.166, 641.167, 633.233, 617.575, 601.846, 584.317, 572.493, 570.66, 572.628, 578.413, 588.18, 594.126, 599.939, 599.936, 597.999, 590.182, 586.273], "y": [400.21, 480.463, 509.851, 492.177, 445.232, 419.762, 400.184, 406.021, 425.592, 433.472, 435.415, 431.437, 425.638, 423.678, 429.624, 431.437, 427.583, 423.702, 419.778, 419.749, 425.584, 427.534], "conf": [0.543323, 0.637998, 0.862796, 0.817379, 0.890083, 0.801077, 0.866544, 0.852851, 0.86531, 0.887783, 0.856331, 0.9625, 0.89873, 0.859408, 0.910516, 0.9443, 0.857395, 0.859111, 0.859785, 0.83977, 0.883577, 0.885664]}, "MidHip": {"frame": [39, 40, 41, 42, 43, 44, 45, 46, 47, 48, 49, 50, 51, 52, 53, 54, 55, 56, 57, 58, 59, 60], "x": [648.937, 651.033, 656.816, 666.564, 680.285, 670.535, 666.603, 664.654, 664.544, 656.797, 649.022, 633.298, 611.755, 588.338, 570.692, 558.839, 554.845, 547.133, 541.334, 541.309, 541.223, 541.333], "y": [476.551, 472.631, 458.867, 431.578, 431.467, 423.638, 417.778, 415.768, 413.792, 409.986, 413.784, 417.766, 427.57, 429.557, 429.558, 429.596, 427.597, 427.576, 429.469, 427.59, 427.582, 425.647], "conf": [0.886921, 0.824468, 0.800463, 0.87157, 0.768976, 0.751792, 0.79981, 0.805577, 0.839848, 0.788081, 0.832709, 0.788983, 0.791901, 0.8468, 0.856717, 0.8691, 0.864748, 0.818256, 0.878473, 0.866569, 0.889377, 0.842377]}, "RHip": {"frame": [39, 40, 41, 42, 43, 44, 45, 46, 47, 48, 49, 50, 51, 52, 53, 54, 55, 56, 57, 58, 59, 60], "x": [635.337, 668.565, 672.501, 682.268, 690.105, 682.239, 672.493, 668.609, 666.678, 664.725, 652.889, 633.271, 601.96, 576.521, 556.947, 549.033, 541.144, 539.178, 533.404, 533.404, 531.404, 535.336], "y": [476.604, 464.879, 447.256, 427.601, 427.549, 413.93, 411.862, 409.92, 400.226, 400.149, 404.115, 415.86, 427.537, 429.573, 429.51, 429.584, 427.589, 427.545, 429.471, 427.588, 427.576, 425.651], "conf": [0.837282, 0.798144, 0.808164, 0.812867, 0.691144, 0.797553, 0.699187, 0.727048, 0.804304, 0.851354, 0.743234, 0.660857, 0.811475, 0.811159, 0.848574, 0.824056, 0.866896, 0.821917, 0.815786, 0.795809, 0.796688, 0.784963]}, "RKnee": {"frame": [39, 40, 41, 42, 43, 44, 45, 46, 47, 48, 49, 50, 51, 52, 53, 54, 55, 56, 57, 58, 59, 60], "x": [654.855, 676.38, 682.32, 696.007, 717.588, 729.406, 746.934, 740.966, 711.694, 676.365, 633.333, 605.834, 582.351, 558.916, 543.166, 541.149, 541.193, 541.158, 541.173, 541.221, 541.201, 541.304], "y": [529.494, 523.637, 505.93, 492.193, 488.284, 453.035, 429.461, 425.608, 431.42, 445.243, 462.966, 480.463, 484.415, 494.16, 496.188, 498.096, 496.209, 496.227, 502.017, 498.123, 498.137, 496.2],