{"Nose": {"frame": [26, 27, 28, 29, 30, 31, 32, 33, 34, 35, 36, 37, 38, 39, 41, 42, 43, 44, 45, 46, 47, 48, 49, 50], "x": [649.053, 648.919, 647.045, 649.049, 650.861, 647.026, 646.994, 649.037, 650.837, 650.951, 652.957, 664.731, 664.734, 652.87, 588.158, 0, 570.538, 549.025, 570.604, 537.335, 0, 0, 0, 0], "y": [319.82, 319.75, 319.837, 319.863, 317.815, 319.889, 319.927, 321.871, 327.687, 337.554, 355.139, 366.89, 364.896, 364.86, 431.449, 0, 433.506, 413.837, 359.023, 353.203, 0, 0, 0, 0], "conf": [0.274224, 0.236336, 0.436663, 0.660886, 0.607195, 0.156873, 0.246221, 0.512395, 0.397207, 0.636892, 0.70599, 0.730292, 0.559909, 0.628614, 0.0958524, 0, 0.382145, 0.0507312, 0.126213, 0.0928688, 0, 0, 0, 0]}, "Neck": {"frame": [26, 27, 28, 29, 30, 31, 32, 33, 34, 35, 36, 37, 38, 39, 41, 42, 43, 44, 45, 46, 47, 48, 49, 50], "x": [617.709, 617.702, 619.524, 619.566, 621.567, 621.624, 623.525, 623.508, 625.433, 625.435, 631.354, 639.163, 641.119, 635.359, 619.563, 607.876, 590.224, 578.434, 578.43, 568.677, 570.534, 570.597, 568.678, 556.852], "y": [351.139, 351.152, 347.297, 345.322, 345.304, 347.273, 349.242, 351.214, 357.113, 368.862, 384.427, 396.208, 388.375, 396.234, 429.493, 421.738, 419.745, 408.004, 388.405, 366.934, 351.082, 347.273, 351.077, 353.092], "conf": [0.86084, 0.916614, 0.902259, 0.880773, 0.879079, 0.844508, 0.879527, 0.892278, 0.849531, 0.894583, 0.943274, 0.877423, 0.847384, 0.875897, 0.870717, 0.728362, 0.604669, 0.606137, 0.659778, 0.755217, 0.893921, 0.891348, 0.895883, 0.908663]}, "RShoulder": {"frame": [26, 27, 28, 29, 30, 31, 32, 33, 34, 35, 36, 37, 38, 39, 41, 42, 43, 44, 45, 46, 47, 48, 49, 50], "x": [613.682, 605.922, 603.983, 603.833, 603.861, 603.891, 603.941, 604.017, 603.981, 604.028, 605.922, 619.582, 617.641, 621.561, 639.159, 619.636, 590.242, 576.523, 586.206, 560.813, 586.308, 588.321, 586.281, 564.73], "y": [353.101, 353.059, 351.106, 349.249, 349.223, 351.174, 351.278, 353.16, 366.808, 380.573, 396.246, 406.031, 400.193, 400.193, 413.898, 417.792, 423.681, 398.209, 378.595, 382.548, 337.564, 335.558, 337.554, 347.231], "conf": [0.876298, 0.919925, 0.932376, 0.924065, 0.916093, 0.951095, 0.943865, 0.912783, 0.918418, 0.881913, 0.860936, 0.843412, 0.886972, 0.884715, 0.81977, 0.719897, 0.399322, 0.689743, 0.567173, 0.479375, 0.889497, 0.914724, 0.868876, 0.758961]}, "RElbow": {"frame": [26, 27, 28, 29, 30, 31, 32, 33, 34, 35, 36, 37, 38, 39, 41, 42, 43, 44, 45, 46, 47, 48, 49, 50], "x": [617.556, 615.66, 617.652, 621.575, 631.344, 633.219, 633.363, 621.607, 613.678, 601.896, 596.069, 588.198, 576.485, 586.263, 676.403, 635.26, 586.306, 609.786, 584.304, 537.282, 572.589, 603.844, 586.306, 556.88], "y": [402.18, 400.177, 396.212, 390.351, 384.415, 384.507, 386.418, 398.239, 413.911, 429.525, 447.167, 445.175, 411.903, 413.761, 400.158, 453.109, 439.35, 382.55, 364.862, 396.279, 380.597, 368.867, 384.464, 386.429], "conf": [0.900481, 0.931387, 0.944717, 0.877833, 0.938143, 0.953846, 0.954873, 0.953975, 0.932409, 0.970377, 0.883413, 0.949027, 0.851194, 0.920115, 0.742498, 0.381741, 0.351576, 0.50845, 0.201436, 0.496975, 0.177132, 0.235813, 0.119732, 0.383516]}, "RWrist": {"frame": [26, 27, 28, 29, 30, 31, 32, 33, 34, 35, 36, 37, 38, 39, 41, 42, 43, 44, 45, 46, 47, 48, 49, 50], "x": [650.989, 651.006, 650.886, 650.917, 651.017, 650.915, 649.056, 648.974, 646.958, 646.951, 605.943, 556.848, 560.796, 580.422, 682.316, 629.344, 574.576, 607.844, 570.531, 513.766, 0, 0, 0, 527.483], "y": [386.52, 382.445, 366.925, 353.152, 349.218, 345.274, 347.271, 364.822, 392.332, 431.579, 494.252, 478.603, 423.703, 368.873, 388.41, 482.44, 433.502, 413.879, 362.926, 392.35, 0, 0, 0, 382.555], "conf": [0.89403, 0.902138, 0.848274, 0.90795, 0.893034, 0.860057, 0.89385, 0.92576, 0.841577, 0.858689, 0.877518, 0.92345, 0.785722, 0.679397, 0.584408, 0.142574, 0.256008, 0.262096, 0.207198, 0.49977, 0, 0, 0, 0.824855]}, "LShoulder": {"frame": [26, 27, 28, 29, 30, 31, 32, 33, 34, 35, 36, 37, 38, 39, 41, 42, 43, 44, 45, 46, 47, 48, 49, 50], "x": [627.38, 631.284, 633.241, 635.265, 643.064, 645.048, 646.939, 643.067, 646.956, 646.971, 650.881, 662.684, 664.739, 651.019, 601.896, 598.042, 586.317, 574.592, 568.659, 566.661, 552.938, 550.976, 551.01, 552.916], "y": [347.282, 349.208, 343.344, 341.368, 339.47, 339.46, 341.441, 349.22, 353.1, 362.904, 370.847, 382.544, 376.672, 386.413, 443.189, 427.533, 415.89, 415.793, 400.094, 362.937, 355.114, 353.249, 355.167, 359.016], "conf": [0.744053, 0.810861, 0.824602, 0.825722, 0.806185, 0.813277, 0.809725, 0.795906, 0.880615, 0.851549, 0.913862, 0.900787, 0.886396, 0.799678, 0.866193, 0.835059, 0.861746, 0.565417, 0.655695, 0.754203, 0.837304, 0.854351, 0.837911, 0.845147]}, "LElbow": {"frame": [26, 27, 28, 29, 30, 31, 32, 33, 34, 35, 36, 37, 38, 39, 41, 42, 43, 44, 45, 46, 47, 48, 49, 50], "x": [633.235, 633.355, 635.348, 656.796, 678.283, 666.595, 680.253, 680.256, 668.58, 666.563, 684.271, 699.961, 686.199, 664.66, 603.915, 617.518, 619.528, 607.833, 586.188, 556.89, 543.239, 541.329, 547.085, 545.188], "y": [388.385, 388.404, 380.516, 366.839, 368.917, 366.868, 366.848, 376.666, 380.552, 382.614, 382.484, 368.726, 353.084, 427.556, 478.579, 447.109, 415.772, 384.521, 366.774, 362.954, 382.615, 400.213, 413.788, 413.829], "conf": [0.359789, 0.423405, 0.582623, 0.278759, 0.83922, 0.439642, 0.864147, 0.75953, 0.814185, 0.951628, 0.88621, 0.839816, 0.849422, 0.317558, 0.922548, 0.95185, 0.929933, 0.412527, 0.303311, 0.687078, 0.890544, 0.91201, 0.882354, 0.887598]}, "LWrist": {"frame": [26, 27, 28, 29, 30, 31, 32, 33, 34, 35, 36, 37, 38, 39, 41, 42, 43, 44, 45, 46, 47, 48, 49, 50], "x": [656.809, 658.773, 662.684, 664.708, 666.706, 664.688, 664.702, 666.567, 664.697, 686.196, 731.332, 750.848, 725.325, 684.211, 603.92, 619.68, 631.278, 609.789, 570.636, 525.567, 498.088, 498.166, 507.906, 509.98], "y": [384.492, 372.715, 355.168, 341.392, 341.414, 335.539, 337.41, 351.103, 366.762, 398.217, 392.359, 351.172, 337.558, 421.747, 511.858, 480.546, 445.254, 431.494, 361.003, 368.926, 400.239, 429.476, 445.103, 447.117], "conf": [0.449534, 0.607573, 0.707462, 0.46908, 0.773907, 0.505717, 0.845379, 0.696933, 0.765868, 0.871187, 0.830814, 0.7965, 0.789091, 0.352814, 0.892866, 0.720947, 0.811814, 0.236243, 0.216995, 0.810506, 0.837937, 0.834151, 0.895236, 0.938197]}, "MidHip": {"frame": [26, 27, 28, 29, 30, 31, 32, 33, 34, 35, 36, 37, 38, 39, 41, 42, 43, 44, 45, 46, 47, 48, 49, 50], "x": [619.656, 621.588, 621.543, 621.543, 625.444, 633.248, 633.193, 625.485, 625.469, 629.396, 633.232, 633.309, 639.207, 652.92, 662.723, 664.71, 664.649, 656.827, 650.911, 645.014, 635.248, 619.615, 590.235, 562.755], "y": [441.26, 437.409, 431.509, 427.617, 415.929, 419.75, 423.671, 429.507, 431.576, 447.133, 460.852, 470.69, 476.627, 480.487, 449.196, 431.512, 425.635, 417.853, 413.904, 413.834, 413.785, 415.771, 431.485, 443.22], "conf": [0.777477, 0.797857, 0.857984, 0.82394, 0.800909, 0.816261, 0.81538, 0.825645, 0.838862, 0.88121, 0.90755, 0.856862, 0.853522, 0.772336, 0.834341, 0.882885, 0.776633, 0.746135, 0.784144, 0.803021, 0.864346, 0.854898, 0.809281, 0.755782]}, "RHip": {"frame": [26, 27, 28, 29, 30, 31, 32, 33, 34, 35, 36, 37, 38, 39, 41, 42, 43, 44, 45, 46, 47, 48, 49, 50], "x": [619.688, 615.629, 613.694, 611.781, 615.605, 619.512, 617.68, 615.66, 615.621, 615.699, 619.502, 619.663, 633.21, 652.939, 680.255, 682.2, 676.359, 666.594, 660.695, 649.012, 645.08, 629.383, 584.341, 554.922], "y": [443.205, 441.32, 435.448, 433.473, 429.483, 429.596, 431.481, 433.537, 443.191, 453.029, 462.854, 476.463, 478.544, 482.419, 445.211, 423.693, 415.755, 409.989, 402.138, 400.216, 400.204, 409.962, 431.508, 441.314], "conf": [0.822047, 0.791591, 0.788087, 0.794966, 0.823461, 0.858706, 0.87919, 0.825202, 0.813003, 0.814603, 0.890494, 0.871684, 0.867789, 0.69814, 0.84202, 0.794175, 0.762424, 0.684559, 0.68514, 0.770497, 0.786004, 0.733698, 0.74554, 0.734353]},