{"Nose": {"frame": [10, 11, 12, 13, 14, 15, 16, 17, 18, 19, 20, 21, 22, 23, 24, 25, 26, 27, 28, 29, 30, 31, 32], "x": [490.317, 492.119, 486.368, 482.461, 480.556, 480.501, 478.627, 480.501, 0, 478.601, 478.65, 0, 478.544, 476.652, 476.555, 472.637, 474.596, 476.497, 476.613, 478.489, 478.479, 478.643, 480.543], "y": [276.748, 276.754, 272.842, 272.736, 272.801, 272.792, 272.718, 270.867, 0, 272.743, 268.921, 0, 261.104, 268.894, 268.889, 270.799, 263.076, 261.071, 261.091, 263.05, 268.92, 270.866, 276.708], "conf": [0.699926, 0.419047, 0.346987, 0.207595, 0.133428, 0.0948047, 0.0574498, 0.0662744, 0, 0.0590881, 0.128532, 0, 0.0564446, 0.0764199, 0.157247, 0.110895, 0.19548, 0.419382, 0.41635, 0.243426, 0.301223, 0.199289, 0.355126]}, "Neck": {"frame": [10, 11, 12, 13, 14, 15, 16, 17, 18, 19, 20, 21, 22, 23, 24, 25, 26, 27, 28, 29, 30, 31, 32], "x": [455, 451.08, 449.137, 447.263, 447.285, 449.125, 449.145, 449.154, 447.278, 449.101, 447.26, 447.23, 447.213, 447.164, 445.239, 445.166, 445.112, 445.297, 447.176, 449.121, 449.202, 451.107, 453.074], "y": [296.311, 302.137, 302.171, 302.179, 302.219, 302.205, 300.278, 302.226, 302.222, 302.188, 302.194, 302.196, 302.155, 304.07, 304.048, 300.204, 296.328, 292.457, 294.394, 300.268, 304.083, 304.199, 308.162], "conf": [0.820027, 0.812926, 0.84383, 0.856095, 0.833119, 0.84577, 0.816604, 0.824729, 0.842282, 0.838591, 0.844329, 0.85366, 0.851986, 0.884682, 0.898088, 0.876719, 0.851792, 0.919169, 0.902632, 0.885305, 0.904486, 0.89735, 0.839684]}, "RShoulder": {"frame": [10, 11, 12, 13, 14, 15, 16, 17, 18, 19, 20, 21, 22, 23, 24, 25, 26, 27, 28, 29, 30, 31, 32], "x": [445.174, 443.289, 441.314, 437.409, 441.256, 439.377, 441.323, 443.189, 443.209, 443.205, 441.3, 441.26, 439.326, 435.47, 431.596, 429.631, 429.523, 427.601, 429.457, 429.558, 429.587, 431.429, 431.51], "y": [300.222, 300.279, 302.23, 304.068, 304.14, 304.113, 302.219, 304.161, 304.191, 304.179, 304.18, 304.189, 304.175, 306.054, 304.225, 302.236, 300.243, 294.403, 300.259, 304.161, 304.258, 306.232, 319.788], "conf": [0.877545, 0.858552, 0.865611, 0.867842, 0.873577, 0.870673, 0.862466, 0.884391, 0.899734, 0.897175, 0.883749, 0.88717, 0.884833, 0.894021, 0.944686, 0.933654, 0.88127, 0.848734, 0.869629, 0.954906, 0.962551, 0.917919, 0.915397]}, "RElbow": {"frame": [10, 11, 12, 13, 14, 15, 16, 17, 18, 19, 20, 21, 22, 23, 24, 25, 26, 27, 28, 29, 30, 31, 32], "x": [478.456, 470.678, 460.828, 449.213, 447.124, 441.276, 441.253, 441.31, 445.172, 447.184, 447.23, 449.216, 449.174, 449.149, 449.114, 447.175, 447.255, 447.282, 453.085, 460.931, 460.872, 453.035, 445.121], "y": [341.374, 351.087, 353.084, 355.11, 359.001, 359.039, 357.081, 364.838, 362.968, 359.046, 362.893, 359.023, 359.026, 357.115, 353.241, 351.172, 349.147, 339.437, 337.542, 337.548, 345.341, 357.045, 372.749], "conf": [0.923161, 0.898488, 0.956978, 0.890438, 0.90706, 0.833323, 0.833225, 0.842295, 0.904835, 0.890438, 0.898856, 0.859799, 0.873295, 0.874903, 0.928265, 0.983466, 0.934899, 0.947999, 0.896214, 0.957177, 0.912374, 0.853958, 0.865677]}, "RWrist": {"frame": [10, 11, 12, 13, 14, 15, 16, 17, 18, 19, 20, 21, 22, 23, 24, 25, 26, 27, 28, 29, 30, 31, 32], "x": [507.899, 507.897, 502.033, 496.168, 494.148, 490.319, 490.306, 492.164, 492.318, 494.147, 496.164, 496.137, 494.279, 494.154, 494.144, 492.184, 490.259, 488.28, 480.573, 486.387, 488.321, 480.477, 484.414], "y": [308.112, 319.875, 335.408, 339.471, 351.129, 355.129, 359.059, 362.917, 357.095, 353.11, 349.24, 341.398, 337.522, 337.402, 333.5, 323.753, 315.917, 306.214, 302.156, 294.409, 304.241, 319.758, 339.41], "conf": [0.869227, 0.961763, 0.914378, 0.924199, 0.97462, 0.886882, 0.84081, 0.869809, 0.917647, 0.940561, 0.901789, 0.893955, 0.983283, 0.986851, 0.943176, 0.903251, 0.84775, 0.871805, 0.84353, 0.786129, 0.844835, 0.882378, 0.854462]}, "LShoulder": {"frame": [10, 11, 12, 13, 14, 15, 16, 17, 18, 19, 20, 21, 22, 23, 24, 25, 26, 27, 28, 29, 30, 31, 32], "x": [462.937, 462.792, 460.947, 460.912, 460.907, 460.969, 460.917, 460.94, 460.813, 460.861, 460.839, 460.806, 460.8, 458.949, 456.995, 458.874, 457.008, 462.9, 466.77, 474.617, 476.543, 476.572, 476.591], "y": [292.465, 302.239, 302.227, 302.184, 302.141, 302.153, 300.2, 302.147, 300.198, 298.27, 298.292, 298.299, 296.342, 300.224, 300.278, 294.409, 292.441, 290.493, 290.502, 292.455, 300.203, 296.351, 304.135], "conf": [0.810274, 0.807135, 0.827082, 0.828291, 0.792636, 0.805565, 0.773343, 0.779579, 0.773638, 0.792583, 0.788726, 0.785062, 0.781914, 0.790747, 0.787177, 0.822033, 0.820722, 0.875752, 0.837983, 0.810813, 0.820224, 0.810821, 0.863152]}, "LElbow": {"frame": [10, 11, 12, 13, 14, 15, 16, 17, 18, 19, 20, 21, 22, 23, 24, 25, 26, 27, 28, 29, 30, 31, 32], "x": [482.486, 478.496, 466.77, 462.839, 462.813, 460.957, 460.941, 462.887, 462.803, 462.799, 460.926, 460.892, 462.843, 462.882, 460.883, 472.671, 476.543, 492.298, 498.082, 505.983, 509.791, 505.889, 494.172], "y": [337.469, 341.418, 351.191, 351.139, 351.211, 351.204, 351.204, 353.101, 351.167, 351.168, 351.209, 351.15, 345.335, 345.298, 351.143, 337.554, 337.539, 335.432, 333.541, 319.814, 331.591, 335.437, 337.509], "conf": [0.516561, 0.371936, 0.299667, 0.315834, 0.181697, 0.25728, 0.231858, 0.214932, 0.174011, 0.15754, 0.209922, 0.251862, 0.275827, 0.308171, 0.365523, 0.695173, 0.733364, 0.883505, 0.8232, 0.763041, 0.840055, 0.761102, 0.27388]}, "LWrist": {"frame": [10, 11, 12, 13, 14, 15, 16, 17, 18, 19, 20, 21, 22, 23, 24, 25, 26, 27, 28, 29, 30, 31, 32], "x": [503.987, 502.058, 492.278, 494.208, 490.299, 488.288, 484.387, 490.239, 492.174, 488.338, 490.315, 490.258, 496.173, 494.23, 492.218, 494.196, 494.162, 496.196, 498.136, 503.979, 502.038, 505.911, 505.932], "y": [310.056, 321.755, 341.378, 339.416, 353.113, 355.081, 360.981, 355.192, 353.122, 353.162, 351.19, 345.337, 337.425, 335.458, 323.795, 317.819, 312.04, 304.234, 304.054, 290.447, 300.208, 310.086, 335.548], "conf": [0.297162, 0.206461, 0.158247, 0.214431, 0.184006, 0.436894, 0.448475, 0.304438, 0.266729, 0.225141, 0.175384, 0.191984, 0.233289, 0.232265, 0.355803, 0.669093, 0.655389, 0.677525, 0.756224, 0.734818, 0.702509, 0.566437, 0.111287]}, "MidHip": {"frame": [10, 11, 12, 13, 14, 15, 16, 17, 18, 19, 20, 21, 22, 23, 24, 25, 26, 27, 28, 29, 30, 31, 32], "x": [441.279, 445.197, 445.291, 447.223, 449.169, 449.204, 449.202, 449.186, 449.128, 449.157, 449.164, 449.174, 449.195, 451.089, 453.028, 451.085, 449.138, 451.073, 458.909, 460.975, 460.957, 460.92, 460.948], "y": [398.134, 398.208, 398.228, 398.243, 398.251, 398.249, 398.195, 398.248, 398.211, 398.174, 398.207, 398.238, 398.251, 400.11, 398.25, 398.252, 394.236, 386.441, 382.575, 384.521, 386.504, 392.348, 398.251], "conf": [0.757942, 0.828152, 0.809328, 0.796161, 0.781817, 0.771848, 0.755479, 0.762187, 0.763671, 0.764368, 0.771482, 0.771611, 0.771135, 0.763041, 0.80868, 0.837907, 0.804012, 0.795329, 0.83586, 0.842003, 0.834419, 0.856506, 0.899227]}, "RHip": {"frame": [10, 11, 12, 13, 14, 15, 16, 17, 18, 19, 20, 21, 22, 23, 24, 25, 26, 27, 28, 29, 30, 31, 32], "x": [433.527, 439.346, 443.28, 445.22, 447.125, 447.143, 447.195, 447.173, 447.199, 447.219, 447.199, 447.191, 447.227, 447.214, 445.237, 443.191, 439.32, 439.334, 445.173, 447.195, 447.188, 447.109, 445.313], "y": [398.196, 398.275, 400.115, 400.134, 400.132, 400.139, 398.266, 400.14, 400.107, 398.237, 400.095, 400.116, 400.129, 400.192, 400.127, 400.182, 398.173, 398.104, 390.369, 396.199, 398.14, 400.114, 404.079], "conf": [0.81063, 0.809456, 0.821375, 0.835732, 0.840453, 0.836845, 0.819486, 0.819563, 0.820659, 0.827183, 0.833799, 0.839127, 0.830057, 0.827146, 0.856082, 0.818616, 0.806041, 0.780424, 0.808615, 0.812889, 0.840231, 0.885042, 0.834473]}, "RKnee": {"frame": [10, 11, 12, 13, 14, 15, 16, 17, 18, 19, 20, 21, 22, 23, 24, 25, 26, 27, 28, 29, 30, 31, 32],