{"Nose": {"frame": [0, 1, 2, 3], "x": [384.569, 339.41, 304.188, 257.079], "y": [259.078, 270.857, 282.597, 300.272], "conf": [0.814666, 0.764863, 0.83548, 0.631001]}, "Neck": {"frame": [0, 1, 2, 3], "x": [360.963, 319.854, 280.646, 233.625], "y": [294.334, 306.119, 319.845, 335.507], "conf": [0.84515, 0.948078, 0.902451, 0.896677]}, "RShoulder": {"frame": [0, 1, 2, 3], "x": [386.492, 351.221, 313.982, 266.958], "y": [288.489, 300.211, 308.089, 321.747], "conf": [0.861755, 0.820318, 0.782014, 0.812165]}, "RElbow": {"frame": [0, 1, 2, 3], "x": [443.3, 400.257, 364.853, 315.897], "y": [300.239, 292.394, 294.351, 298.256], "conf": [0.806298, 0.863547, 0.771593, 0.70414]}, "RWrist": {"frame": [0, 1, 2, 3], "x": [445.254, 427.517, 413.817, 353.237], "y": [276.786, 272.753, 263.012, 274.788], "conf": [0.847422, 0.870935, 0.852154, 0.844667]}, "LShoulder": {"frame": [0, 1, 2, 3], "x": [335.447, 288.537, 249.334, 198.429], "y": [304.116, 315.924, 331.549, 351.116], "conf": [0.873643, 0.848812, 0.779186, 0.781391]}, "LElbow": {"frame": [0, 1, 2, 3], "x": [325.721, 272.837, 214.11, 151.398], "y": [355.159, 368.798, 368.755, 370.844], "conf": [0.789151, 0.896357, 0.791973, 0.823932]}, "LWrist": {"frame": [0, 1, 2, 3], "x": [355.171, 261.051, 196.477, 167.045], "y": [390.372, 406.013, 372.705, 339.417], "conf": [0.650357, 0.830316, 0.767286, 0.829816]}, "MidHip": {"frame": [0, 1, 2, 3], "x": [382.511, 335.45, 294.353, 257.14], "y": [400.149, 411.9, 427.603, 445.141], "conf": [0.78294, 0.777879, 0.745222, 0.813745]}, "RHip": {"frame": [0, 1, 2, 3], "x": [400.125, 351.203, 315.904, 274.776], "y": [396.225, 404.113, 425.658, 443.272], "conf": [0.754965, 0.75138, 0.723593, 0.782062]}, "RKnee": {"frame": [0, 1, 2, 3], "x": [449.196, 419.738, 384.522, 337.496], "y": [447.133, 462.918, 488.294, 507.946], "conf": [0.844821, 0.864691, 0.847189, 0.894676]}, "RAnkle": {"frame": [0, 1, 2, 3], "x": [474.565, 478.491, 460.962, 400.119], "y": [525.539, 537.299, 556.917, 588.335], "conf": [0.817439, 0.883204, 0.874673, 0.839275]}, "LHip": {"frame": [0, 1, 2, 3], "x": [364.864, 317.823, 274.822, 239.478], "y": [406.056, 415.782, 429.601, 445.19], "conf": [0.70234, 0.745335, 0.770878, 0.757442]}, "LKnee": {"frame": [0, 1, 2, 3], "x": [429.516, 374.723, 306.211, 253.195], "y": [447.229, 462.96, 478.5, 498.092], "conf": [0.865407, 0.822288, 0.88417, 0.805438]}, "LAnkle": {"frame": [0, 1, 2, 3], "x": [429.527, 358.987, 278.662, 198.411], "y": [539.165, 552.999, 562.74, 572.49], "conf": [0.84218, 0.814876, 0.815486, 0.856472]}, "REye": {"frame": [0, 1, 2, 3], "x": [382.451, 335.41, 294.396, 245.458], "y": [257.056, 263.045, 276.726, 294.382], "conf": [0.790762, 0.737899, 0.806005, 0.631518]}, "LEye": {"frame": [0, 1, 2, 3], "x": [0, 339.393, 304.082, 0], "y": [0, 259.136, 274.682, 0], "conf": [0, 0.275558, 0.161853, 0]}, "REar": {"frame": [0, 1, 2, 3], "x": [366.834, 319.775, 278.691, 233.661], "y": [259.088, 272.743, 288.393, 304.194], "conf": [0.845335, 0.79511, 0.787493, 0.783032]}, "LEar": {"frame": [0, 1, 2, 3], "x": [349.26, 304.185, 0, 214.108], "y": [264.969, 274.823, 0, 310.083], "conf": [0.078843, 0.0885861, 0, 0.131279]}, "LBigToe": {"frame": [0, 1, 2, 3], "x": [460.872, 392.331, 306.098, 214.108], "y": [547.07, 556.953, 570.622, 584.328], "conf": [0.728629, 0.727431, 0.754847, 0.422197]}, "LSmallToe": {"frame": [0, 1, 2, 3], "x": [453.051, 386.428, 304.066, 212.02], "y": [543.224, 556.813, 568.673, 582.361], "conf": [0.565998, 0.729129, 0.688049, 0.375803]}, "LHeel": {"frame": [0, 1, 2, 3], "x": [419.732, 349.25, 270.865, 190.499], "y": [545.114, 558.932, 570.661, 578.412], "conf": [0.771766, 0.775045, 0.801178, 0.75049]}, "RBigToe": {"frame": [0, 1, 2, 3], "x": [480.539, 513.781, 503.95, 435.459], "y": [525.491, 523.578, 539.255, 574.574], "conf": [0.376447, 0.732147, 0.706382, 0.667628]}, "RSmallToe": {"frame": [0, 1, 2, 3], "x": [488.291, 509.908, 494.28, 431.514], "y": [529.471, 529.49, 549.075, 586.251], "conf": [0.475951, 0.777393, 0.703731, 0.754531]}, "RHeel": {"frame": [0, 1, 2, 3], "x": [470.715, 478.469, 462.849, 400.145], "y": [539.183, 547.098, 570.662, 603.95], "conf": [0.828394, 0.840479, 0.825371, 0.761375]}, "Background": {"frame": [], "x": [], "y": [], "conf": []}}