{"Nose": {"frame": [31, 32, 33, 34, 35, 36, 37, 38, 39, 40, 41, 42, 43, 44, 45, 46, 47], "x": [560.83, 570.62, 572.482, 570.695, 580.38, 598.029, 592.124, 574.482, 0, 0, 507.905, 0, 0, 472.627, 0, 0, 0], "y": [337.423, 329.617, 335.46, 351.08, 370.841, 380.577, 378.646, 382.497, 0, 0, 474.639, 0, 0, 382.519, 0, 0, 0], "conf": [0.318045, 0.131711, 0.295035, 0.56307, 0.63085, 0.738639, 0.75869, 0.0660133, 0, 0, 0.116532, 0, 0, 0.144814, 0, 0, 0]}, "Neck": {"frame": [31, 32, 33, 34, 35, 36, 37, 38, 39, 40, 41, 42, 43, 44, 45, 46, 47], "x": [541.142, 541.178, 541.167, 543.197, 552.955, 568.657, 570.543, 566.656, 556.89, 539.283, 523.556, 505.919, 494.233, 478.508, 462.882, 462.889, 458.92], "y": [353.161, 360.979, 368.801, 386.422, 406.007, 413.793, 409.906, 429.542, 445.13, 447.174, 462.803, 451.128, 429.487, 415.841, 384.582, 368.867, 366.887], "conf": [0.94661, 0.879286, 0.934422, 0.877803, 0.832591, 0.908171, 0.860482, 0.779699, 0.915396, 0.762672, 0.645386, 0.694743, 0.742448, 0.562985, 0.561295, 0.881049, 0.868006]}, "RShoulder": {"frame": [31, 32, 33, 34, 35, 36, 37, 38, 39, 40, 41, 42, 43, 44, 45, 46, 47], "x": [519.669, 521.621, 519.653, 521.568, 525.557, 541.151, 541.17, 584.303, 586.347, 556.835, 539.339, 498.088, 494.224, 472.652, 460.873, 476.642, 464.815], "y": [362.973, 366.857, 376.635, 398.196, 417.788, 427.617, 419.721, 421.708, 417.851, 439.347, 490.222, 454.997, 409.976, 411.865, 386.427, 366.741, 357.093], "conf": [0.824144, 0.88584, 0.801855, 0.873685, 0.865697, 0.810083, 0.854333, 0.81732, 0.828023, 0.570456, 0.659185, 0.517198, 0.691162, 0.601294, 0.357724, 0.836122, 0.796315]}, "RElbow": {"frame": [31, 32, 33, 34, 35, 36, 37, 38, 39, 40, 41, 42, 43, 44, 45, 46, 47], "x": [543.169, 527.545, 511.832, 507.922, 509.78, 494.295, 482.468, 543.194, 617.548, 0, 537.26, 545.167, 529.446, 503.988, 0, 519.648, 476.554], "y": [402.155, 419.754, 433.508, 453.04, 476.52, 449.168, 427.591, 415.919, 378.577, 0, 523.569, 421.726, 384.572, 374.695, 0, 398.183, 415.93], "conf": [0.91151, 0.891057, 0.879804, 0.89654, 0.938557, 0.889047, 0.778894, 0.725193, 0.739347, 0, 0.848797, 0.144208, 0.659258, 0.578047, 0, 0.168271, 0.278475]}, "RWrist": {"frame": [31, 32, 33, 34, 35, 36, 37, 38, 39, 40, 41, 42, 43, 44, 45, 46, 47], "x": [570.554, 564.722, 556.893, 539.297, 492.255, 460.945, 490.293, 511.868, 637.242, 0, 509.911, 568.61, 556.84, 545.154, 0, 0, 451.119], "y": [366.76, 384.405, 419.74, 474.593, 535.367, 480.458, 398.172, 384.494, 353.09, 0, 556.96, 431.495, 400.226, 400.209, 0, 0, 447.194], "conf": [0.858524, 0.849047, 0.894955, 0.870815, 0.828112, 0.91943, 0.616305, 0.579296, 0.540355, 0, 0.914718, 0.142436, 0.688519, 0.652752, 0, 0, 0.357372]}, "LShoulder": {"frame": [31, 32, 33, 34, 35, 36, 37, 38, 39, 40, 41, 42, 43, 44, 45, 46, 47], "x": [560.782, 560.847, 566.644, 570.634, 576.457, 590.257, 596.074, 547.101, 525.627, 523.548, 505.904, 503.969, 492.262, 466.826, 458.918, 449.153, 447.229], "y": [349.161, 353.157, 362.933, 378.635, 392.349, 398.282, 394.27, 445.17, 468.733, 456.961, 445.286, 456.96, 443.248, 417.839, 384.562, 378.585, 376.647], "conf": [0.823388, 0.831923, 0.798243, 0.870176, 0.829553, 0.860455, 0.778844, 0.680269, 0.810739, 0.804162, 0.80615, 0.509127, 0.544557, 0.523893, 0.818067, 0.848836, 0.859693]}, "LElbow": {"frame": [31, 32, 33, 34, 35, 36, 37, 38, 39, 40, 41, 42, 43, 44, 45, 46, 47], "x": [598.054, 599.914, 578.417, 596.074, 619.653, 623.495, 635.232, 539.208, 527.572, 535.321, 552.909, 543.22, 539.199, 507.847, 494.2, 490.229, 478.456], "y": [384.597, 398.09, 402.132, 400.073, 396.236, 378.568, 376.63, 488.354, 543.178, 503.941, 451.138, 413.855, 472.628, 378.619, 384.429, 400.081, 423.65], "conf": [0.823842, 0.836436, 0.514148, 0.864966, 0.815918, 0.797443, 0.608294, 0.83093, 0.794246, 0.82433, 0.81944, 0.430675, 0.152704, 0.545635, 0.923279, 0.913211, 0.903625]}, "LWrist": {"frame": [31, 32, 33, 34, 35, 36, 37, 38, 39, 40, 41, 42, 43, 44, 45, 46, 47], "x": [590.258, 588.309, 596.1, 631.278, 682.278, 676.394, 666.586, 558.826, 547.105, 539.21, 558.902, 570.576, 0, 549.027, 525.476, 488.298, 447.156], "y": [351.214, 366.927, 413.786, 417.762, 392.36, 355.164, 368.764, 482.418, 547.12, 541.294, 494.188, 433.439, 0, 398.277, 431.446, 451.072, 464.876], "conf": [0.870262, 0.845223, 0.552806, 0.817993, 0.717158, 0.700941, 0.412952, 0.35323, 0.334463, 0.906118, 0.858065, 0.86091, 0, 0.653544, 0.897916, 0.794792, 0.914789]}, "MidHip": {"frame": [31, 32, 33, 34, 35, 36, 37, 38, 39, 40, 41, 42, 43, 44, 45, 46, 47], "x": [541.267, 541.173, 541.266, 545.146, 549.066, 554.999, 572.561, 582.395, 584.352, 588.271, 601.918, 590.244, 586.236, 574.554, 556.908, 539.275, 509.881], "y": [445.257, 449.132, 458.935, 476.53, 492.18, 505.961, 507.929, 509.954, 494.238, 462.869, 451.139, 460.801, 439.369, 435.462, 437.405, 443.23, 455.048], "conf": [0.841605, 0.821534, 0.857156, 0.819613, 0.80962, 0.859376, 0.833991, 0.777221, 0.791262, 0.801043, 0.585996, 0.773494, 0.730661, 0.699958, 0.716859, 0.744084, 0.776182]}, "RHip": {"frame": [31, 32, 33, 34, 35, 36, 37, 38, 39, 40, 41, 42, 43, 44, 45, 46, 47], "x": [525.626, 525.562, 525.549, 529.472, 531.422, 543.143, 564.746, 600.022, 603.916, 607.823, 613.719, 582.34, 592.182, 584.297, 558.874, 541.172, 500.058], "y": [453.058, 460.801, 462.837, 478.612, 492.294, 507.872, 509.872, 509.844, 490.231, 455.049, 447.16, 474.568, 425.622, 427.525, 431.563, 435.406, 458.881], "conf": [0.783363, 0.817984, 0.854278, 0.772883, 0.785568, 0.849387, 0.768727, 0.780101, 0.765189, 0.72196, 0.520632, 0.733365, 0.659008, 0.631923, 0.62505, 0.632834, 0.698822]}, "RKnee": {"frame": [31, 32, 33, 34, 35, 36, 37, 38, 39, 40, 41, 42, 43, 44, 45, 46, 47], "x": [554.828, 550.971, 554.899, 562.754, 570.531, 570.651, 584.291, 603.952, 619.514, 633.197, 650.962, 598.053, 674.42, 664.698, 605.866, 523.564, 476.598], "y": [531.414, 537.328, 537.297, 541.229, 547.105, 566.714, 576.457, 570.622, 566.672, 535.349, 519.635, 541.288, 445.194, 447.212, 472.649, 505.967, 525.521], "conf": [0.84644, 0.849108, 0.912672, 0.87919, 0.864768, 0.886971, 0.817621, 0.869625, 0.828766, 0.789341, 0.174924, 0.829632, 0.778089, 0.86576, 0.766487, 0.873576, 0.890048]}, "RAnkle": {"frame": [31, 32, 33, 34, 35, 36, 37, 38, 39, 40, 41, 42, 43, 44, 45, 46, 47], "x": [525.653, 525.568, 525.635, 527.514, 529.463, 533.402, 556.813, 586.211, 611.741, 635.323, 0, 605.877, 688.146, 690.121, 666.588, 578.422, 472.636], "y": [621.598, 623.481, 623.548, 623.495, 625.492, 631.269, 619.527, 617.596, 633.308, 570.59, 0, 619.581, 382.561, 378.58, 417.849, 511.811, 603.887], "conf": [0.810513, 0.846003, 0.829142, 0.836176, 0.803145, 0.802601, 0.872697, 0.75936, 0.800394, 0.575092, 0, 0.879626, 0.296571, 0.612749, 0.706072, 0.479875, 0.784957]}, "LHip": {"frame": [31, 32, 33, 34, 35, 36, 37, 38, 39, 40, 41, 42, 43, 44, 45, 46, 47], "x": [556.956, 556.861, 558.822, 560.802, 566.641, 568.65, 584.318, 564.732, 566.656, 572.483, 605.859, 603.887, 574.545, 570.539, 556.872, 539.304, 521.61], "y": [435.441, 443.291, 449.172, 468.71, 490.233, 503.997, 507.82, 515.723, 505.941, 474.623, 451.093, 445.236, 456.989, 451.08, 445.167, 445.257, 455.015], "conf": [0.769251, 0.782059, 0.824075, 0.788686, 0.790545, 0.775932, 0.747595, 0.731248, 0.720485, 0.734787, 0.402932, 0.747602, 0.715879, 0.727889, 0.779016, 0.778756, 0.740515]}, "LKnee": {"frame": [31, 32, 33, 34, 35, 36, 37, 38, 39, 40, 41, 42, 43, 44, 45, 46, 47], "x": [598.059, 617.574, 623.491, 627.388, 619.686, 617.697, 607.823, 590.219, 588.336, 594.085, 650.903, 664.584, 594.12, 590.168, 586.179, 572.579, 568.616], "y": [404.105, 445.126, 490.282, 523.594, 539.33, 539.234, 539.327, 566.677, 556.875, 551.027, 521.647, 476.619, 539.227, 537.271, 535.329, 535.317, 537.289], "conf": [0.833437, 0.860036, 0.864724, 0.848528, 0.909997, 0.956406, 0.765254, 0.751778, 0.838941, 0.810509, 0.253867, 0.857578, 0.838998, 0.818935, 0.802646, 0.844796, 0.830927]},