{"Nose": {"frame": [31, 32, 33, 34, 35, 36, 37, 38, 39, 40, 41, 42, 43, 44, 45, 46, 47, 48, 49, 50], "x": [549.04, 552.944, 552.976, 553.003, 558.845, 572.615, 568.642, 0, 0, 478.541, 480.459, 476.507, 0, 0, 435.423, 0, 0, 0, 0, 0], "y": [313.975, 317.843, 329.629, 349.173, 370.741, 370.738, 368.79, 0, 0, 447.178, 460.852, 460.857, 0, 0, 370.812, 0, 0, 0, 0, 0], "conf": [0.311458, 0.413982, 0.604227, 0.369456, 0.668893, 0.763676, 0.827957, 0, 0, 0.115632, 0.189325, 0.336343, 0, 0, 0.0731927, 0, 0, 0, 0, 0]}, "Neck": {"frame": [31, 32, 33, 34, 35, 36, 37, 38, 39, 40, 41, 42, 43, 44, 45, 46, 47, 48, 49, 50], "x": [523.56, 523.55, 523.613, 527.48, 539.201, 545.128, 541.306, 541.203, 525.573, 509.918, 505.963, 490.301, 488.29, 482.453, 472.614, 464.877, 464.876, 462.874, 453.079, 433.545], "y": [347.263, 351.238, 364.823, 382.547, 400.2, 402.167, 400.083, 419.793, 445.157, 443.241, 447.263, 445.186, 427.568, 408.032, 382.531, 355.097, 353.077, 355.163, 366.812, 366.845], "conf": [0.906746, 0.926219, 0.91276, 0.91953, 0.933296, 0.854494, 0.913064, 0.838922, 0.88947, 0.779829, 0.337786, 0.73925, 0.638644, 0.652294, 0.631679, 0.827115, 0.899364, 0.878457, 0.86185, 0.844234]}, "RShoulder": {"frame": [31, 32, 33, 34, 35, 36, 37, 38, 39, 40, 41, 42, 43, 44, 45, 46, 47, 48, 49, 50], "x": [502.012, 504.024, 503.959, 505.993, 511.85, 521.651, 521.57, 558.874, 554.899, 523.601, 505.944, 492.24, 482.481, 484.386, 466.812, 476.624, 478.602, 476.528, 460.891, 437.38], "y": [351.108, 353.188, 368.78, 390.348, 413.822, 415.875, 413.879, 413.879, 417.769, 431.573, 451.13, 460.918, 409.949, 398.185, 394.299, 351.203, 343.362, 347.227, 353.125, 353.145], "conf": [0.871715, 0.871218, 0.877268, 0.827693, 0.85134, 0.84807, 0.851122, 0.867411, 0.785023, 0.690541, 0.227682, 0.560396, 0.520011, 0.442297, 0.447627, 0.870211, 0.850765, 0.830725, 0.865792, 0.766614]}, "RElbow": {"frame": [31, 32, 33, 34, 35, 36, 37, 38, 39, 40, 41, 42, 43, 44, 45, 46, 47, 48, 49, 50], "x": [523.636, 507.999, 494.224, 490.246, 492.169, 474.585, 462.896, 525.5, 586.282, 539.286, 513.828, 521.625, 527.545, 525.617, 523.556, 455, 505.949, 482.447, 443.217, 425.654], "y": [394.315, 411.908, 429.612, 441.332, 464.862, 433.548, 415.851, 400.179, 384.55, 478.535, 496.147, 478.476, 462.901, 447.198, 400.233, 382.572, 384.454, 400.199, 380.555, 386.494], "conf": [0.96346, 0.952915, 0.945902, 0.820081, 0.841734, 0.841095, 0.860062, 0.690063, 0.564897, 0.485536, 0.286655, 0.488368, 0.705203, 0.822775, 0.19619, 0.532004, 0.191037, 0.152161, 0.48154, 0.466157]}, "RWrist": {"frame": [31, 32, 33, 34, 35, 36, 37, 38, 39, 40, 41, 42, 43, 44, 45, 46, 47, 48, 49, 50], "x": [554.879, 543.191, 541.209, 521.656, 462.95, 441.329, 468.727, 492.304, 609.786, 539.209, 498.089, 513.813, 525.645, 537.283, 523.58, 417.804, 0, 468.732, 413.938, 390.337], "y": [351.27, 380.594, 425.66, 478.559, 513.803, 460.917, 398.16, 374.722, 368.863, 513.796, 527.54, 460.855, 488.291, 500.093, 445.138, 384.452, 0, 429.568, 370.81, 380.602], "conf": [0.941793, 0.860544, 0.870302, 0.837296, 0.852011, 0.909931, 0.477574, 0.639301, 0.304026, 0.48405, 0.323218, 0.395676, 0.633691, 0.815797, 0.477725, 0.525604, 0, 0.348316, 0.756125, 0.676804]}, "LShoulder": {"frame": [31, 32, 33, 34, 35, 36, 37, 38, 39, 40, 41, 42, 43, 44, 45, 46, 47, 48, 49, 50], "x": [541.255, 541.172, 543.209, 554.848, 560.838, 572.5, 570.517, 523.587, 503.94, 498.133, 507.833, 490.317, 478.556, 462.919, 466.745, 460.784, 453.094, 453.093, 447.235, 435.406], "y": [339.476, 349.181, 353.143, 372.721, 388.425, 388.432, 384.506, 431.563, 464.838, 447.219, 445.223, 429.615, 429.561, 404.107, 374.692, 362.923, 361.011, 368.775, 378.603, 378.562], "conf": [0.858339, 0.816823, 0.890965, 0.863104, 0.830085, 0.861967, 0.877661, 0.773633, 0.787218, 0.822096, 0.349178, 0.850186, 0.549285, 0.509911, 0.603013, 0.832844, 0.812248, 0.849479, 0.835412, 0.804653]}, "LElbow": {"frame": [31, 32, 33, 34, 35, 36, 37, 38, 39, 40, 41, 42, 43, 44, 45, 46, 47, 48, 49, 50], "x": [576.513, 560.79, 556.996, 586.296, 603.987, 603.848, 607.819, 513.777, 507.872, 509.982, 523.648, 535.312, 513.807, 492.265, 472.635, 462.955, 458.875, 458.918, 447.213, 443.259], "y": [382.588, 390.372, 384.405, 394.293, 384.512, 366.823, 370.78, 480.515, 531.414, 488.29, 445.172, 413.88, 396.232, 366.88, 366.875, 386.525, 415.813, 431.52, 443.232, 441.301], "conf": [0.870966, 0.427093, 0.802291, 0.870365, 0.861686, 0.846918, 0.705554, 0.710808, 0.85035, 0.869747, 0.392369, 0.855809, 0.191212, 0.414013, 0.840696, 0.795772, 0.884335, 0.910431, 0.920612, 0.901044]}, "LWrist": {"frame": [31, 32, 33, 34, 35, 36, 37, 38, 39, 40, 41, 42, 43, 44, 45, 46, 47, 48, 49, 50], "x": [572.479, 568.601, 580.382, 623.477, 662.647, 650.965, 633.262, 527.499, 517.735, 519.657, 539.226, 539.33, 0, 476.602, 431.516, 415.784, 404.119, 400.131, 398.276, 396.251], "y": [347.26, 366.89, 398.15, 413.955, 382.57, 347.25, 380.565, 490.249, 554.874, 529.433, 490.298, 445.241, 0, 355.158, 364.9, 392.301, 427.589, 451.125, 466.747, 466.795], "conf": [0.840248, 0.422668, 0.599244, 0.860696, 0.818029, 0.795864, 0.76584, 0.152366, 0.707198, 0.811984, 0.325958, 0.694713, 0, 0.247216, 0.856501, 0.758261, 0.771725, 0.823386, 0.894448, 0.862439]}, "MidHip": {"frame": [31, 32, 33, 34, 35, 36, 37, 38, 39, 40, 41, 42, 43, 44, 45, 46, 47, 48, 49, 50], "x": [523.593, 523.479, 523.571, 525.511, 525.625, 537.273, 552.9, 556.965, 566.654, 570.588, 578.422, 572.556, 570.619, 566.663, 556.896, 545.171, 525.629, 507.857, 478.506, 445.183], "y": [441.261, 445.265, 455.023, 476.485, 486.374, 494.216, 500.095, 496.19, 478.503, 455.002, 447.243, 451.1, 431.516, 429.539, 429.592, 429.617, 431.504, 447.267, 460.863, 464.864], "conf": [0.81571, 0.851158, 0.831793, 0.870152, 0.828671, 0.841672, 0.738717, 0.796744, 0.786489, 0.823739, 0.518594, 0.781823, 0.762955, 0.714453, 0.804502, 0.754936, 0.78733, 0.786572, 0.821206, 0.807756]}, "RHip": {"frame": [31, 32, 33, 34, 35, 36, 37, 38, 39, 40, 41, 42, 43, 44, 45, 46, 47, 48, 49, 50], "x": [509.793, 507.892, 507.953, 509.91, 511.848, 525.5, 545.128, 574.565, 586.223, 586.336, 572.551, 562.758, 580.384, 572.511, 566.644, 554.871, 529.451, 494.278, 464.847, 431.453], "y": [445.267, 449.172, 460.857, 478.557, 490.253, 496.135, 504.023, 494.194, 472.604, 445.25, 453.039, 466.783, 417.845, 415.908, 417.833, 419.795, 429.477, 449.168, 460.837, 464.777], "conf": [0.865832, 0.819834, 0.852024, 0.83482, 0.802791, 0.817471, 0.724166, 0.761283, 0.768148, 0.832037, 0.296466, 0.709065, 0.617956, 0.664165, 0.697567, 0.673402, 0.66687, 0.719249, 0.751789, 0.786066]}, "RKnee": {"frame": [31, 32, 33, 34, 35, 36, 37, 38, 39, 40, 41, 42, 43, 44, 45, 46, 47, 48, 49, 50], "x": [527.561, 527.566, 539.194, 549.054, 554.821, 551.042, 558.817, 586.172, 596.085, 613.742, 574.581, 574.523, 664.614, 660.741, 619.663, 541.196, 507.982, 462.907, 425.622, 398.12], "y": [527.522, 529.467, 533.373, 539.149, 541.299, 556.937, 570.61, 556.891, 541.273, 525.544, 537.295, 541.143, 431.564, 429.444, 445.11, 478.584, 494.156, 519.632, 525.563, 537.236], "conf": [0.845389, 0.836922, 0.887684, 0.856495, 0.911938, 0.883632, 0.815727, 0.857518, 0.709342, 0.753817, 0.372278, 0.869089, 0.842692, 0.82197, 0.802655, 0.259479, 0.883866, 0.857218, 0.832124, 0.868382]}, "RAnkle": {"frame": [31, 32, 33, 34, 35, 36, 37, 38, 39, 40, 41, 42, 43, 44, 45, 46, 47, 48, 49, 50], "x": [509.869, 509.829, 509.846, 509.977, 511.796, 519.645, 541.333, 566.68, 601.868, 607.874, 586.212, 586.188, 678.36, 682.203, 688.152, 562.78, 541.318, 433.525, 384.489, 366.823], "y": [617.585, 617.641, 617.677, 617.694, 619.609, 619.528, 615.625, 611.73, 572.607, 549.055, 613.677, 615.605, 378.632, 372.732, 396.213, 525.583, 558.911, 588.293, 603.931, 617.684], "conf": [0.887286, 0.909961, 0.888368, 0.883653, 0.87535, 0.854608, 0.7709, 0.678067, 0.60656, 0.462901, 0.493093, 0.869064, 0.216714, 0.686808, 0.696139, 0.113505, 0.827404, 0.837956, 0.859475, 0.901326]},