{"Nose": {"frame": [36, 37, 38, 39, 40, 41, 42, 43, 44, 45, 46, 47, 48], "x": [598.045, 586.259, 0, 0, 0, 494.283, 476.521, 0, 0, 453.034, 0, 0, 0], "y": [378.642, 370.835, 0, 0, 0, 460.922, 443.276, 0, 0, 351.116, 0, 0, 0], "conf": [0.681598, 0.425945, 0, 0, 0, 0.589293, 0.0911946, 0, 0, 0.0572796, 0, 0, 0]}, "Neck": {"frame": [36, 37, 38, 39, 40, 41, 42, 43, 44, 45, 46, 47, 48], "x": [564.731, 560.842, 556.822, 550.988, 537.317, 521.648, 511.86, 509.914, 498.087, 492.191, 490.22, 482.474, 476.627], "y": [409.929, 409.913, 429.574, 447.198, 443.188, 445.276, 427.543, 415.792, 396.209, 362.922, 349.261, 351.118, 353.14], "conf": [0.815043, 0.783878, 0.924681, 0.822575, 0.627281, 0.642673, 0.599772, 0.675859, 0.625572, 0.671496, 0.769547, 0.860387, 0.92453]}, "RShoulder": {"frame": [36, 37, 38, 39, 40, 41, 42, 43, 44, 45, 46, 47, 48], "x": [539.258, 541.273, 576.461, 574.549, 552.938, 525.582, 515.752, 525.512, 517.69, 494.189, 494.276, 494.182, 484.429], "y": [417.775, 415.948, 411.948, 431.493, 437.396, 462.899, 413.852, 425.593, 398.153, 362.97, 349.202, 339.479, 345.289], "conf": [0.8514, 0.826608, 0.821599, 0.694336, 0.451156, 0.38359, 0.398336, 0.427792, 0.301879, 0.478694, 0.751783, 0.851327, 0.806109]}, "RElbow": {"frame": [36, 37, 38, 39, 40, 41, 42, 43, 44, 45, 46, 47, 48], "x": [492.202, 492.298, 590.196, 623.551, 0, 539.289, 549.067, 545.157, 545.159, 0, 460.908, 472.663, 455.044], "y": [431.55, 425.605, 382.506, 402.152, 0, 484.444, 398.231, 462.792, 433.522, 0, 384.5, 349.246, 341.419], "conf": [0.833076, 0.755297, 0.814639, 0.79486, 0, 0.288511, 0.291898, 0.867159, 0.642285, 0, 0.244817, 0.297608, 0.688962]}, "RWrist": {"frame": [36, 37, 38, 39, 40, 41, 42, 43, 44, 45, 46, 47, 48], "x": [462.833, 494.282, 547.1, 648.933, 0, 537.282, 554.924, 554.842, 554.899, 0, 413.904, 462.786, 431.436], "y": [445.254, 384.456, 380.498, 368.833, 0, 494.262, 400.179, 509.966, 482.46, 0, 384.523, 347.245, 337.389], "conf": [0.878408, 0.593391, 0.739238, 0.766244, 0, 0.305675, 0.122419, 0.881907, 0.824636, 0, 0.172006, 0.542982, 0.964566]}, "LShoulder": {"frame": [36, 37, 38, 39, 40, 41, 42, 43, 44, 45, 46, 47, 48], "x": [588.287, 584.253, 537.238, 523.631, 523.509, 509.878, 505.95, 494.178, 478.608, 490.32, 478.527, 476.503, 472.617], "y": [398.158, 398.245, 445.281, 462.878, 445.143, 435.468, 429.613, 409.963, 386.436, 355.072, 351.097, 353.259, 364.874], "conf": [0.815276, 0.778139, 0.836291, 0.889915, 0.825602, 0.784276, 0.622948, 0.629835, 0.630186, 0.841565, 0.897314, 0.889688, 0.8229]}, "LElbow": {"frame": [36, 37, 38, 39, 40, 41, 42, 43, 44, 45, 46, 47, 48], "x": [617.609, 592.157, 529.48, 525.547, 539.304, 549.076, 537.315, 511.849, 507.991, 490.279, 480.507, 472.681, 462.975], "y": [366.826, 441.329, 486.336, 523.67, 476.479, 433.501, 402.092, 368.858, 368.849, 368.873, 384.412, 406.077, 429.485], "conf": [0.825101, 0.12767, 0.709678, 0.930337, 0.915572, 0.844668, 0.492256, 0.276995, 0.803776, 0.87258, 0.919782, 0.798895, 0.901619]}, "LWrist": {"frame": [36, 37, 38, 39, 40, 41, 42, 43, 44, 45, 46, 47, 48], "x": [664.7, 0, 527.523, 533.392, 550.998, 562.74, 553.003, 507.886, 484.402, 437.405, 411.902, 415.865, 413.831], "y": [353.219, 0, 513.811, 552.96, 521.621, 476.54, 400.204, 361.002, 355.103, 368.757, 384.601, 425.589, 447.264], "conf": [0.656015, 0, 0.782515, 0.800186, 0.536634, 0.763167, 0.402858, 0.0917133, 0.573546, 0.836483, 0.786965, 0.815572, 0.876988]}, "MidHip": {"frame": [36, 37, 38, 39, 40, 41, 42, 43, 44, 45, 46, 47, 48], "x": [558.913, 582.336, 586.257, 588.227, 592.189, 607.831, 592.188, 588.19, 582.351, 570.514, 551.025, 527.487, 503.961], "y": [504.012, 505.99, 502.057, 476.542, 453.079, 453.046, 433.443, 433.468, 435.449, 433.532, 437.421, 443.285, 456.99], "conf": [0.801884, 0.741017, 0.796002, 0.769904, 0.745704, 0.599622, 0.747217, 0.762868, 0.672612, 0.723166, 0.685702, 0.762078, 0.762674]}, "RHip": {"frame": [36, 37, 38, 39, 40, 41, 42, 43, 44, 45, 46, 47, 48], "x": [552.971, 574.562, 603.887, 607.828, 613.688, 617.532, 605.882, 599.948, 588.295, 572.493, 543.148, 521.588, 492.164], "y": [507.819, 507.962, 494.247, 464.818, 445.202, 445.261, 423.634, 423.645, 429.451, 429.567, 439.354, 445.168, 458.871], "conf": [0.819839, 0.740446, 0.77951, 0.713139, 0.763674, 0.525986, 0.667819, 0.657649, 0.695156, 0.665538, 0.627784, 0.738103, 0.773408]}, "RKnee": {"frame": [36, 37, 38, 39, 40, 41, 42, 43, 44, 45, 46, 47, 48], "x": [574.586, 588.331, 605.935, 619.682, 639.199, 652.933, 670.567, 682.299, 664.677, 603.884, 531.432, 494.259, 458.959], "y": [572.578, 572.636, 560.848, 541.168, 521.586, 498.092, 460.954, 441.316, 447.247, 476.628, 503.981, 519.667, 525.642], "conf": [0.892561, 0.799264, 0.788399, 0.807357, 0.73955, 0.374205, 0.85975, 0.842801, 0.868028, 0.736902, 0.801697, 0.847893, 0.851054]}, "RAnkle": {"frame": [36, 37, 38, 39, 40, 41, 42, 43, 44, 45, 46, 47, 48], "x": [539.31, 572.556, 592.187, 623.497, 637.247, 652.914, 694.018, 709.661, 707.75, 656.826, 605.873, 492.289, 427.575], "y": [619.572, 631.332, 617.689, 588.195, 541.177, 451.136, 384.49, 370.777, 376.665, 445.253, 523.561, 596.084, 604.007], "conf": [0.912941, 0.600504, 0.679768, 0.688852, 0.580927, 0.324808, 0.465643, 0.560534, 0.687158, 0.762645, 0.643185, 0.843058, 0.82552]}, "LHip": {"frame": [36, 37, 38, 39, 40, 41, 42, 43, 44, 45, 46, 47, 48], "x": [570.681, 586.337, 568.611, 570.55, 572.657, 603.917, 582.348, 576.459, 572.577, 568.589, 555.006, 539.243, 513.769], "y": [500.114, 503.965, 507.965, 488.285, 462.89, 456.964, 447.14, 447.259, 447.198, 443.278, 439.333, 443.261, 456.94], "conf": [0.781075, 0.645693, 0.813254, 0.730348, 0.720339, 0.494727, 0.729022, 0.712861, 0.727716, 0.715637, 0.740783, 0.752295, 0.742082]}, "LKnee": {"frame": [36, 37, 38, 39, 40, 41, 42, 43, 44, 45, 46, 47, 48], "x": [611.769, 596.094, 584.343, 588.305, 596.068, 656.782, 597.98, 592.157, 588.338, 586.278, 586.193, 576.493, 560.791], "y": [539.154, 570.519, 556.849, 554.844, 545.119, 503.998, 537.271, 535.345, 533.414, 529.51, 529.508, 527.568, 537.257], "conf": [0.865726, 0.647441, 0.817865, 0.851972, 0.726846, 0.39222, 0.802791, 0.803602, 0.813162, 0.852415, 0.861804, 0.806966, 0.826209]}, "LAnkle": {"frame": [36, 37, 38, 39, 40, 41, 42, 43, 44, 45, 46, 47, 48], "x": [635.19, 603.887, 598.044, 603.923, 603.954, 654.869, 603.895, 603.849, 603.877, 603.917, 609.789, 615.637, 609.791], "y": [601.894, 623.489, 609.812, 617.613, 617.68, 451.106, 617.586, 617.657, 617.549, 615.699, 615.65, 611.755, 607.867], "conf": [0.892444, 0.543643, 0.58875, 0.859954, 0.852405, 0.258933, 0.855655, 0.845807, 0.831858, 0.838037, 0.803892, 0.811472, 0.791533]}, "REye": {"frame": [36, 37, 38, 39, 40, 41, 42, 43, 44, 45, 46, 47, 48], "x": [590.187, 584.298, 0, 0, 0, 494.178, 0, 0, 0, 0, 0, 0, 0], "y": [374.727, 368.789, 0, 0, 0, 458.945, 0, 0, 0, 0, 0, 0, 0], "conf": [0.703567, 0.558071, 0, 0, 0, 0.0577685, 0, 0, 0, 0, 0, 0, 0]}, "LEye": {"frame": [36, 37, 38, 39, 40, 41, 42, 43, 44, 45, 46, 47, 48], "x": [0, 0, 0, 0, 0, 494.179, 474.557, 462.966, 0, 449.159, 0, 0, 443.287], "y": [0, 0, 0, 0, 0, 458.861, 437.406, 398.27, 0, 339.509, 0, 0, 321.876], "conf": [0, 0, 0, 0, 0, 0.655075, 0.149668, 0.055754, 0, 0.0671276, 0, 0, 0.0866331]}, "REar": {"frame": [36, 37, 38, 39, 40, 41, 42, 43, 44, 45, 46, 47, 48], "x": [578.413, 572.577, 556.883, 539.191, 0, 0, 492.25, 490.275, 0, 482.444, 478.6, 478.506, 476.605], "y": [384.438, 372.781, 398.261, 431.418, 0, 0, 415.816, 386.504, 0, 333.518, 321.77, 319.813, 319.84], "conf": [0.873256, 0.865287, 0.822114, 0.313161, 0, 0, 0.130158, 0.228508, 0, 0.124083, 0.501277, 0.495232, 0.467706]}, "LEar": {"frame": [36, 37, 38, 39, 40, 41, 42, 43, 44, 45, 46, 47, 48], "x": [0, 0, 537.221, 515.757, 509.897, 494.275, 476.564, 464.852, 453.086, 460.933, 458.853, 456.932, 447.245], "y": [0, 0, 413.761, 445.134, 443.244, 447.113, 433.512, 400.157, 366.895, 343.339, 333.523, 325.724, 323.732],