{"Nose": {"frame": [14, 15, 16, 17, 18, 19, 20, 21, 22, 23, 24, 25, 26, 27, 28, 29, 30], "x": [476.645, 478.58, 476.624, 476.633, 476.531, 0, 0, 0, 0, 0, 462.8, 0, 462.846, 462.976, 464.84, 466.796, 470.686], "y": [276.783, 274.819, 274.683, 272.915, 272.902, 0, 0, 0, 0, 0, 288.443, 0, 284.523, 280.639, 278.734, 282.632, 286.552], "conf": [0.189154, 0.118515, 0.0638522, 0.0537986, 0.0664572, 0, 0, 0, 0, 0, 0.0560339, 0, 0.441403, 0.314216, 0.447109, 0.28976, 0.367356]}, "Neck": {"frame": [14, 15, 16, 17, 18, 19, 20, 21, 22, 23, 24, 25, 26, 27, 28, 29, 30], "x": [443.296, 443.248, 443.257, 443.204, 441.293, 441.273, 441.304, 439.357, 435.468, 433.457, 431.553, 431.595, 435.432, 439.334, 439.372, 445.192, 445.138], "y": [308.138, 308.103, 308.126, 308.13, 308.127, 308.13, 308.138, 311.977, 312.015, 313.936, 310.023, 306.161, 306.141, 306.174, 308.107, 310.051, 317.853], "conf": [0.804106, 0.796293, 0.800407, 0.7869, 0.776653, 0.780248, 0.78063, 0.750083, 0.779266, 0.827205, 0.878003, 0.922521, 0.910585, 0.879028, 0.853473, 0.897976, 0.901233]}, "RShoulder": {"frame": [14, 15, 16, 17, 18, 19, 20, 21, 22, 23, 24, 25, 26, 27, 28, 29, 30], "x": [431.594, 431.571, 431.464, 429.625, 429.624, 429.624, 429.601, 429.579, 429.509, 425.626, 419.742, 415.918, 415.882, 415.912, 417.804, 419.739, 421.743], "y": [313.951, 313.956, 315.875, 315.885, 315.891, 315.888, 315.912, 317.808, 317.8, 317.844, 313.986, 308.091, 308.08, 310.049, 317.802, 319.806, 321.753], "conf": [0.875013, 0.878268, 0.885784, 0.879692, 0.884444, 0.884678, 0.883403, 0.884166, 0.879892, 0.855981, 0.843818, 0.900341, 0.905892, 0.870009, 0.85738, 0.885232, 0.877462]}, "RElbow": {"frame": [14, 15, 16, 17, 18, 19, 20, 21, 22, 23, 24, 25, 26, 27, 28, 29, 30], "x": [429.523, 429.517, 429.577, 431.457, 431.513, 431.559, 431.596, 431.598, 431.538, 431.493, 433.538, 439.354, 443.282, 447.114, 447.233, 447.193, 445.122], "y": [368.798, 368.758, 368.846, 368.835, 368.8, 368.761, 368.776, 368.88, 368.895, 368.861, 364.878, 357.084, 353.143, 351.216, 353.105, 357.116, 368.844], "conf": [0.940501, 0.948694, 0.947434, 0.954458, 0.953007, 0.94678, 0.93245, 0.923255, 0.936183, 0.954907, 0.898771, 0.847679, 0.947334, 0.971719, 0.973036, 0.927779, 0.962374]}, "RWrist": {"frame": [14, 15, 16, 17, 18, 19, 20, 21, 22, 23, 24, 25, 26, 27, 28, 29, 30], "x": [476.502, 476.457, 476.609, 478.474, 478.521, 478.61, 478.564, 478.511, 478.475, 478.455, 476.544, 476.582, 474.634, 474.61, 472.648, 470.701, 466.78], "y": [370.839, 372.722, 370.798, 368.79, 364.925, 362.955, 360.961, 359.025, 353.223, 349.15, 337.484, 325.724, 319.756, 308.142, 313.992, 321.857, 335.44], "conf": [0.859676, 0.862103, 0.886178, 0.927462, 0.884387, 0.856548, 0.857389, 0.880072, 0.92502, 0.904782, 0.956523, 0.924895, 0.888434, 0.855497, 0.828596, 0.839426, 0.881714]}, "LShoulder": {"frame": [14, 15, 16, 17, 18, 19, 20, 21, 22, 23, 24, 25, 26, 27, 28, 29, 30], "x": [449.119, 447.222, 449.192, 449.183, 447.262, 447.235, 449.106, 447.233, 447.139, 445.299, 445.262, 449.101, 457.006, 460.89, 460.805, 464.803, 462.843], "y": [306.181, 306.133, 306.123, 306.105, 306.082, 306.091, 306.092, 308.059, 308.097, 310.054, 308.058, 306.051, 304.211, 304.117, 304.236, 304.121, 306.203], "conf": [0.744919, 0.747795, 0.742577, 0.743382, 0.762807, 0.78023, 0.765052, 0.743762, 0.794047, 0.801778, 0.84999, 0.866224, 0.847978, 0.850294, 0.847143, 0.8357, 0.860717]}, "LElbow": {"frame": [14, 15, 16, 17, 18, 19, 20, 21, 22, 23, 24, 25, 26, 27, 28, 29, 30], "x": [449.137, 449.159, 451.08, 447.25, 447.214, 447.259, 447.236, 447.234, 449.144, 453.085, 451.091, 462.785, 480.471, 494.187, 492.205, 496.241, 494.258], "y": [362.899, 362.914, 362.91, 359.043, 357.067, 355.143, 357.031, 360.961, 357.055, 355.134, 355.128, 351.223, 349.172, 337.424, 335.421, 339.45, 343.37], "conf": [0.163178, 0.176396, 0.178108, 0.226301, 0.170582, 0.171899, 0.195233, 0.145794, 0.237103, 0.339477, 0.328123, 0.547137, 0.837916, 0.802965, 0.621423, 0.768886, 0.809114]}, "LWrist": {"frame": [14, 15, 16, 17, 18, 19, 20, 21, 22, 23, 24, 25, 26, 27, 28, 29, 30], "x": [476.585, 476.569, 476.542, 470.713, 474.546, 474.554, 474.602, 466.802, 470.725, 478.52, 474.554, 478.519, 488.35, 490.283, 488.28, 490.276, 486.376], "y": [366.892, 366.829, 366.814, 366.784, 360.98, 359.006, 357.065, 360.982, 353.152, 337.495, 335.503, 327.671, 319.791, 306.182, 308.07, 317.879, 323.822], "conf": [0.248972, 0.320019, 0.198508, 0.282596, 0.138678, 0.113041, 0.158371, 0.0926657, 0.172039, 0.3618, 0.285607, 0.210506, 0.835797, 0.764708, 0.711846, 0.767491, 0.740402]}, "MidHip": {"frame": [14, 15, 16, 17, 18, 19, 20, 21, 22, 23, 24, 25, 26, 27, 28, 29, 30], "x": [441.302, 441.305, 443.223, 443.193, 441.31, 441.307, 441.269, 441.303, 443.254, 445.276, 445.153, 445.16, 445.221, 447.209, 451.089, 451.08, 449.151], "y": [404.115, 404.117, 404.068, 404.06, 402.111, 402.126, 402.155, 406.071, 404.12, 409.923, 404.092, 400.107, 398.127, 394.245, 392.347, 398.153, 400.149], "conf": [0.700279, 0.708111, 0.738424, 0.725315, 0.736149, 0.735506, 0.727361, 0.716048, 0.735687, 0.829478, 0.8355, 0.87474, 0.879408, 0.814263, 0.750404, 0.81347, 0.854968]}, "RHip": {"frame": [14, 15, 16, 17, 18, 19, 20, 21, 22, 23, 24, 25, 26, 27, 28, 29, 30], "x": [435.473, 435.45, 435.422, 435.397, 433.523, 433.532, 433.516, 437.367, 437.375, 433.517, 431.436, 429.596, 431.464, 433.535, 441.276, 439.308, 437.371], "y": [407.984, 408.002, 406.032, 406.029, 402.181, 404.066, 404.093, 409.925, 408.004, 411.873, 408.021, 402.191, 402.114, 400.214, 400.238, 404.086, 409.934], "conf": [0.731095, 0.734988, 0.738845, 0.741208, 0.759229, 0.749962, 0.755574, 0.738582, 0.735941, 0.781685, 0.824469, 0.830001, 0.850651, 0.796214, 0.781696, 0.776551, 0.770912]}, "RKnee": {"frame": [14, 15, 16, 17, 18, 19, 20, 21, 22, 23, 24, 25, 26, 27, 28, 29, 30], "x": [460.937, 460.904, 460.87, 460.858, 460.85, 460.857, 460.869, 460.917, 460.974, 460.91, 458.929, 453.056, 449.151, 449.179, 453.081, 451.125, 449.119], "y": [488.341, 488.325, 488.316, 488.338, 488.346, 488.293, 488.296, 490.241, 490.211, 488.321, 490.21, 488.272, 484.435, 484.411, 484.378, 486.361, 484.415], "conf": [0.888378, 0.880178, 0.876638, 0.876898, 0.883886, 0.869682, 0.874962, 0.898521, 0.878575, 0.890093, 0.853229, 0.821532, 0.84175, 0.825244, 0.800488, 0.806979, 0.842687]}, "RAnkle": {"frame": [14, 15, 16, 17, 18, 19, 20, 21, 22, 23, 24, 25, 26, 27, 28, 29, 30], "x": [439.312, 439.36, 439.346, 439.323, 439.33, 439.368, 439.333, 439.38, 439.357, 437.419, 435.423, 433.524, 433.514, 433.5, 435.404, 433.523, 433.492], "y": [568.665, 568.65, 570.52, 570.567, 570.569, 570.533, 570.53, 570.543, 570.601, 570.602, 572.52, 570.628, 572.494, 570.678, 572.514, 572.512, 572.514], "conf": [0.767537, 0.772143, 0.773633, 0.782477, 0.77692, 0.770402, 0.771872, 0.767747, 0.795087, 0.804418, 0.847385, 0.853376, 0.857603, 0.849205, 0.831623, 0.845081, 0.857322]}, "LHip": {"frame": [14, 15, 16, 17, 18, 19, 20, 21, 22, 23, 24, 25, 26, 27, 28, 29, 30], "x": [445.154, 445.166, 445.291, 445.268, 445.217, 445.228, 445.183, 445.13, 447.103, 455.009, 455.033, 458.868, 458.919, 462.787, 464.818, 464.837, 462.922], "y": [404.069, 404.053, 402.176, 402.165, 402.085, 400.251, 402.114, 406.02, 402.189, 404.115, 400.249, 396.202, 386.471, 382.577, 382.54, 386.456, 394.269], "conf": [0.679115, 0.677528, 0.709014, 0.705209, 0.732757, 0.724845, 0.723463, 0.661102, 0.721172, 0.755532, 0.799801, 0.775384, 0.799882, 0.813755, 0.744934, 0.77459, 0.812263]}, "LKnee": {"frame": [14, 15, 16, 17, 18, 19, 20, 21, 22, 23, 24, 25, 26, 27, 28, 29, 30], "x": [445.261, 445.264, 445.266, 445.26, 445.218, 445.233, 445.236, 445.24, 453.051, 486.381, 511.833, 525.46, 523.657, 513.792, 496.159, 507.965, 523.562], "y": [488.271, 486.397, 488.269, 486.347, 486.329, 484.424, 484.411, 486.396, 484.394, 478.618, 447.245, 411.902, 366.835, 341.391, 339.419, 353.229, 388.397],