{"Nose": {"frame": [1, 2], "x": [184.65, 186.638], "y": [398.093, 398.092], "conf": [0.875413, 0.862755]}, "Neck": {"frame": [1, 2], "x": [192.47, 192.481], "y": [413.797, 413.798], "conf": [0.898229, 0.905555]}, "RShoulder": {"frame": [1, 2], "x": [176.781, 176.791], "y": [411.943, 411.952], "conf": [0.887203, 0.891697]}, "RElbow": {"frame": [1, 2], "x": [178.764, 178.737], "y": [435.462, 437.352], "conf": [0.702609, 0.711676]}, "RWrist": {"frame": [1, 2], "x": [165.119, 165.133], "y": [445.127, 445.139], "conf": [0.7228, 0.747295]}, "LShoulder": {"frame": [1, 2], "x": [208.12, 208.135], "y": [413.827, 413.824], "conf": [0.89353, 0.897545]}, "LElbow": {"frame": [1, 2], "x": [214.058, 214.115], "y": [445.122, 445.116], "conf": [0.929727, 0.918841]}, "LWrist": {"frame": [1, 2], "x": [184.635, 186.62], "y": [445.18, 445.181], "conf": [0.87527, 0.858441]}, "MidHip": {"frame": [1, 2], "x": [194.38, 194.391], "y": [470.72, 470.678], "conf": [0.870802, 0.872188]}, "RHip": {"frame": [1, 2], "x": [180.724, 180.728], "y": [470.711, 470.666], "conf": [0.88451, 0.882212]}, "RKnee": {"frame": [1, 2], "x": [174.871, 176.753], "y": [521.568, 519.693], "conf": [0.856559, 0.857855]}, "RAnkle": {"frame": [1, 2], "x": [180.647, 178.867], "y": [562.807, 562.795], "conf": [0.898127, 0.900369]}, "LHip": {"frame": [1, 2], "x": [202.298, 202.324], "y": [472.607, 470.687], "conf": [0.814011, 0.812742]}, "LKnee": {"frame": [1, 2], "x": [212.081, 212.102], "y": [523.498, 523.476], "conf": [0.946244, 0.940481]}, "LAnkle": {"frame": [1, 2], "x": [227.846, 227.877], "y": [570.681, 570.679], "conf": [0.943484, 0.93452]}, "REye": {"frame": [1, 2], "x": [180.794, 182.674], "y": [392.315, 392.316], "conf": [0.868512, 0.853285]}, "LEye": {"frame": [1, 2], "x": [192.419, 192.502], "y": [392.327, 392.324], "conf": [0.842764, 0.859372]}, "REar": {"frame": [1, 2], "x": [178.807, 178.831], "y": [388.461, 390.366], "conf": [0.58343, 0.697013]}, "LEar": {"frame": [1, 2], "x": [194.544, 196.34], "y": [392.304, 392.312], "conf": [0.794562, 0.738993]}, "LBigToe": {"frame": [1, 2], "x": [210.149, 210.163], "y": [580.413, 580.382], "conf": [0.903841, 0.904385]}, "LSmallToe": {"frame": [1, 2], "x": [217.965, 217.987], "y": [584.344, 584.317], "conf": [0.826345, 0.820427]}, "LHeel": {"frame": [1, 2], "x": [237.555, 239.446], "y": [576.455, 576.455], "conf": [0.831746, 0.832131]}, "RBigToe": {"frame": [1, 2], "x": [161.174, 161.181], "y": [572.671, 572.657], "conf": [0.847133, 0.850627]}, "RSmallToe": {"frame": [1, 2], "x": [163.022, 163.018], "y": [570.644, 570.631], "conf": [0.881482, 0.882815]}, "RHeel": {"frame": [1, 2], "x": [184.656, 184.645], "y": [570.527, 570.525], "conf": [0.921425, 0.911606]}, "Background": {"frame": [], "x": [], "y": [], "conf": []}}