{"Nose": {"frame": [33, 34, 35, 36, 37, 38, 39, 40, 41, 42, 43, 44, 45, 46, 47, 48, 49], "x": [646.967, 648.975, 645.065, 645.034, 646.938, 652.926, 658.803, 648.954, 0, 0, 586.257, 552.932, 0, 0, 0, 0, 0], "y": [323.719, 323.75, 333.481, 343.373, 364.83, 378.558, 368.883, 368.757, 0, 0, 460.879, 449.174, 0, 0, 0, 0, 0], "conf": [0.750361, 0.616147, 0.498571, 0.422827, 0.385536, 0.539619, 0.713948, 0.591218, 0, 0, 0.164843, 0.109783, 0, 0, 0, 0, 0]}, "Neck": {"frame": [33, 34, 35, 36, 37, 38, 39, 40, 41, 42, 43, 44, 45, 46, 47, 48, 49], "x": [617.64, 619.513, 619.548, 617.702, 619.636, 633.274, 633.374, 627.44, 621.527, 605.892, 599.949, 578.423, 558.884, 554.896, 552.987, 554.851, 552.944], "y": [353.21, 357.04, 364.899, 380.492, 394.309, 404.046, 400.079, 402.085, 413.93, 439.307, 437.386, 435.439, 415.863, 396.229, 366.93, 357.093, 364.816], "conf": [0.936581, 0.896958, 0.925095, 0.921655, 0.912056, 0.915329, 0.949982, 0.838785, 0.905342, 0.790425, 0.749996, 0.643517, 0.740758, 0.577882, 0.867608, 0.864701, 0.852544]}, "RShoulder": {"frame": [33, 34, 35, 36, 37, 38, 39, 40, 41, 42, 43, 44, 45, 46, 47, 48, 49], "x": [601.85, 601.927, 601.945, 599.933, 601.836, 613.654, 609.816, 615.657, 637.239, 629.369, 603.994, 574.564, 560.797, 560.786, 570.549, 572.612, 570.648], "y": [355.127, 361.001, 368.74, 384.58, 402.109, 415.909, 413.829, 411.874, 400.224, 423.638, 431.497, 431.531, 406.01, 388.446, 357.097, 347.27, 351.087], "conf": [0.880994, 0.870391, 0.946979, 0.861611, 0.878736, 0.837005, 0.840373, 0.82162, 0.856007, 0.733937, 0.715099, 0.434415, 0.68712, 0.40894, 0.762383, 0.883077, 0.882624]}, "RElbow": {"frame": [33, 34, 35, 36, 37, 38, 39, 40, 41, 42, 43, 44, 45, 46, 47, 48, 49], "x": [621.627, 617.714, 605.937, 601.863, 590.256, 584.278, 568.671, 572.485, 654.895, 672.478, 627.399, 0, 590.211, 0, 539.178, 594.147, 586.301], "y": [398.128, 402.177, 417.789, 439.317, 456.974, 456.978, 419.786, 415.751, 368.866, 400.148, 462.796, 0, 382.508, 0, 384.422, 372.765, 382.52], "conf": [0.93066, 0.956527, 0.896398, 0.910139, 0.816662, 0.85379, 0.808612, 0.918285, 0.770319, 0.806717, 0.485907, 0, 0.411916, 0, 0.239007, 0.206449, 0.147195]}, "RWrist": {"frame": [33, 34, 35, 36, 37, 38, 39, 40, 41, 42, 43, 44, 45, 46, 47, 48, 49], "x": [648.98, 646.994, 643.058, 648.88, 607.843, 554.868, 549.062, 560.833, 603.907, 684.298, 627.424, 0, 588.292, 0, 498.139, 0, 0], "y": [357.044, 366.921, 392.357, 431.595, 494.152, 494.189, 433.496, 382.582, 368.741, 374.711, 496.199, 0, 394.274, 0, 400.169, 0, 0], "conf": [0.901015, 0.93242, 0.813298, 0.891182, 0.853183, 0.918487, 0.803431, 0.792729, 0.776126, 0.732366, 0.492719, 0, 0.305651, 0, 0.0589193, 0, 0]}, "LShoulder": {"frame": [33, 34, 35, 36, 37, 38, 39, 40, 41, 42, 43, 44, 45, 46, 47, 48, 49], "x": [633.349, 635.339, 635.358, 637.187, 645.046, 652.851, 656.833, 641.111, 603.984, 588.211, 588.208, 572.657, 556.916, 541.172, 537.27, 531.422, 531.401], "y": [353.062, 353.086, 355.132, 368.746, 382.533, 388.412, 386.423, 398.129, 427.565, 453.027, 443.192, 431.489, 423.644, 398.121, 376.626, 370.744, 374.709], "conf": [0.865348, 0.829328, 0.862719, 0.901168, 0.889681, 0.890033, 0.812218, 0.716596, 0.834825, 0.868394, 0.856752, 0.729171, 0.709146, 0.693869, 0.778686, 0.851115, 0.823047]}, "LElbow": {"frame": [33, 34, 35, 36, 37, 38, 39, 40, 41, 42, 43, 44, 45, 46, 47, 48, 49], "x": [662.695, 664.613, 664.558, 662.684, 680.315, 694.04, 680.3, 650.945, 596.101, 590.235, 603.906, 611.754, 588.294, 529.477, 523.584, 535.362, 543.2], "y": [382.563, 382.552, 382.61, 394.296, 388.455, 378.613, 355.127, 429.596, 460.822, 498.133, 458.96, 421.75, 384.503, 368.865, 384.549, 413.934, 429.533], "conf": [0.850309, 0.887643, 0.792673, 0.877098, 0.869762, 0.816398, 0.874283, 0.349822, 0.81427, 0.843704, 0.458042, 0.792444, 0.421714, 0.356118, 0.456719, 0.910971, 0.946529]}, "LWrist": {"frame": [33, 34, 35, 36, 37, 38, 39, 40, 41, 42, 43, 44, 45, 46, 47, 48, 49], "x": [660.741, 664.672, 668.574, 688.143, 727.316, 743.073, 717.545, 676.403, 598.027, 598.004, 617.679, 617.524, 590.222, 541.197, 490.318, 492.194, 507.942], "y": [351.194, 355.176, 368.806, 408.032, 400.083, 362.927, 345.31, 423.701, 492.291, 525.631, 494.215, 453.093, 386.452, 364.909, 400.076, 441.306, 462.847], "conf": [0.695273, 0.797681, 0.683108, 0.811214, 0.868482, 0.762465, 0.783199, 0.431225, 0.857238, 0.846869, 0.236306, 0.73803, 0.290194, 0.265308, 0.832221, 0.853958, 0.946521]}, "MidHip": {"frame": [33, 34, 35, 36, 37, 38, 39, 40, 41, 42, 43, 44, 45, 46, 47, 48, 49], "x": [617.629, 617.669, 617.663, 619.522, 621.519, 621.556, 633.241, 641.145, 648.878, 649.003, 651.019, 650.936, 641.141, 635.225, 627.433, 617.614, 590.263], "y": [437.411, 441.303, 445.213, 458.877, 466.795, 478.605, 488.352, 492.202, 478.535, 460.827, 439.372, 431.555, 427.527, 419.798, 417.827, 417.803, 431.488], "conf": [0.821968, 0.857515, 0.921771, 0.8701, 0.847983, 0.872771, 0.850794, 0.784363, 0.839541, 0.830731, 0.813864, 0.783994, 0.721915, 0.760244, 0.761401, 0.814923, 0.757389]}, "RHip": {"frame": [33, 34, 35, 36, 37, 38, 39, 40, 41, 42, 43, 44, 45, 46, 47, 48, 49], "x": [603.995, 603.979, 603.883, 603.991, 609.781, 609.802, 619.682, 648.962, 664.581, 666.556, 668.526, 658.788, 650.898, 641.133, 635.22, 623.551, 596.071], "y": [445.226, 447.134, 449.102, 462.796, 474.544, 482.445, 490.305, 492.212, 474.616, 449.136, 429.581, 421.692, 413.878, 411.895, 408.004, 409.982, 427.582], "conf": [0.872065, 0.89604, 0.872989, 0.877614, 0.805434, 0.803128, 0.842788, 0.737549, 0.801624, 0.791483, 0.807377, 0.671861, 0.698893, 0.692054, 0.75267, 0.736413, 0.619393]}, "RKnee": {"frame": [33, 34, 35, 36, 37, 38, 39, 40, 41, 42, 43, 44, 45, 46, 47, 48, 49], "x": [633.245, 631.321, 633.24, 635.373, 645.069, 646.939, 646.949, 660.723, 674.443, 682.251, 697.884, 713.592, 723.452, 717.523, 690.107, 594.144, 549.082], "y": [519.692, 517.69, 515.751, 523.49, 525.512, 535.296, 551.005, 547.077, 537.311, 515.756, 502.008, 468.758, 429.537, 413.934, 413.894, 447.233, 476.61], "conf": [0.88928, 0.855079, 0.90319, 0.925312, 0.905425, 0.874701, 0.831907, 0.663782, 0.782897, 0.803757, 0.659718, 0.847136, 0.839922, 0.866191, 0.788523, 0.55771, 0.852469]}, "RAnkle": {"frame": [33, 34, 35, 36, 37, 38, 39, 40, 41, 42, 43, 44, 45, 46, 47, 48, 49], "x": [611.715, 609.83, 609.833, 613.691, 615.66, 615.697, 619.641, 650.876, 662.667, 684.202, 695.966, 711.703, 729.396, 750.814, 745.017, 633.229, 541.214], "y": [599.928, 598.053, 598.021, 598.057, 599.984, 599.972, 597.991, 588.23, 588.316, 554.88, 502.054, 427.599, 362.912, 351.095, 398.262, 502.043, 550.995], "conf": [0.815015, 0.807477, 0.801099, 0.826068, 0.872167, 0.887071, 0.847776, 0.624311, 0.739869, 0.697636, 0.540439, 0.656108, 0.431053, 0.791209, 0.794454, 0.622264, 0.85346]}, "LHip": {"frame": [33, 34, 35, 36, 37, 38, 39, 40, 41, 42, 43, 44, 45, 46, 47, 48, 49], "x": [629.411, 631.356, 633.24, 633.278, 635.255, 635.26, 639.206, 633.31, 633.213, 633.279, 637.234, 645.047, 633.289, 629.348, 619.542, 605.944, 590.193], "y": [431.454, 431.545, 439.328, 449.148, 462.917, 478.444, 484.446, 492.218, 486.386, 468.747, 447.204, 445.243, 435.424, 431.587, 431.557, 429.597, 435.404], "conf": [0.779267, 0.816438, 0.807492, 0.841717, 0.892033, 0.902821, 0.759466, 0.624625, 0.804898, 0.790024, 0.801879, 0.743717, 0.747214, 0.759944, 0.820657, 0.780234, 0.755808]}, "LKnee": {"frame": [33, 34, 35, 36, 37, 38, 39, 40, 41, 42, 43, 44, 45, 46, 47, 48, 49], "x": [670.563, 682.191, 686.198, 684.263, 682.265, 680.275, 670.498, 658.778, 648.874, 650.92, 652.873, 654.827, 650.949, 648.967, 645.083, 635.168, 633.2], "y": [415.926, 439.327, 472.671, 496.167, 509.971, 509.977, 509.914, 541.179, 533.382, 525.629, 517.698, 519.621, 509.902, 509.874, 509.943, 507.984, 509.8], "conf": [0.870014, 0.885778, 0.854449, 0.876146, 0.929634, 0.941104, 0.882753, 0.615868, 0.763196, 0.863471, 0.788069, 0.806493, 0.888516, 0.895238, 0.848159, 0.904076, 0.878176]},