{"Nose": {"frame": [33, 34, 35, 36, 37, 38, 39, 40, 41, 42, 43, 44, 45, 46, 47, 48, 49, 50, 51, 52, 53], "x": [643.115, 647.015, 647.036, 648.852, 650.856, 660.713, 664.559, 650.936, 0, 586.191, 590.162, 560.85, 0, 529.441, 527.568, 537.291, 523.489, 521.654, 509.83, 502.066, 496.161], "y": [333.521, 335.45, 339.421, 351.264, 366.907, 378.561, 378.623, 372.758, 0, 435.419, 455.023, 445.21, 0, 398.22, 374.691, 362.896, 343.352, 345.276, 360.992, 382.539, 415.817], "conf": [0.204127, 0.31943, 0.354452, 0.496592, 0.545338, 0.66952, 0.743142, 0.78739, 0, 0.057356, 0.192924, 0.17265, 0, 0.411843, 0.200512, 0.0964677, 0.256169, 0.104408, 0.302819, 0.522184, 0.933544]}, "Neck": {"frame": [33, 34, 35, 36, 37, 38, 39, 40, 41, 42, 43, 44, 45, 46, 47, 48, 49, 50, 51, 52, 53], "x": [617.614, 617.643, 617.708, 619.612, 621.622, 635.221, 635.256, 633.291, 627.391, 617.556, 609.788, 588.315, 586.242, 576.464, 570.575, 568.59, 564.755, 556.972, 552.969, 543.182, 529.451], "y": [366.901, 368.82, 370.81, 384.446, 398.204, 404.107, 402.128, 404.123, 419.756, 437.404, 437.355, 437.396, 425.624, 402.088, 388.43, 366.78, 355.116, 355.113, 366.853, 396.272, 429.603], "conf": [0.939771, 0.930741, 0.918917, 0.961601, 0.904242, 0.916608, 0.92694, 0.883981, 0.839141, 0.818815, 0.711664, 0.746804, 0.785597, 0.807091, 0.742513, 0.726115, 0.724885, 0.847176, 0.877964, 0.864099, 0.868949]}, "RShoulder": {"frame": [33, 34, 35, 36, 37, 38, 39, 40, 41, 42, 43, 44, 45, 46, 47, 48, 49, 50, 51, 52, 53], "x": [601.875, 601.91, 599.959, 601.878, 601.961, 615.68, 611.785, 617.65, 649.037, 635.335, 617.689, 588.189, 584.318, 580.426, 570.648, 568.678, 568.596, 566.636, 552.919, 535.325, 509.943], "y": [368.908, 374.687, 382.551, 396.186, 407.996, 413.943, 413.876, 413.923, 406.021, 425.626, 431.544, 451.122, 404.088, 415.807, 400.195, 362.945, 351.248, 347.283, 353.169, 384.491, 427.549], "conf": [0.91525, 0.872136, 0.890399, 0.890827, 0.865549, 0.88845, 0.858769, 0.892873, 0.865256, 0.780668, 0.731185, 0.725151, 0.837803, 0.734893, 0.636005, 0.623245, 0.705383, 0.702814, 0.813637, 0.690142, 0.733876]}, "RElbow": {"frame": [33, 34, 35, 36, 37, 38, 39, 40, 41, 42, 43, 44, 45, 46, 47, 48, 49, 50, 51, 52, 53], "x": [619.61, 617.507, 602.04, 590.271, 588.287, 584.306, 570.625, 580.433, 668.61, 676.374, 619.574, 607.829, 615.658, 605.865, 598.059, 588.229, 547.114, 578.433, 537.284, 523.534, 505.966], "y": [413.89, 417.869, 429.608, 445.174, 458.87, 449.125, 417.875, 415.916, 370.791, 409.911, 505.92, 468.712, 394.292, 455.016, 421.687, 417.801, 398.215, 386.446, 384.463, 407.979, 447.198], "conf": [1.00061, 0.938395, 0.975942, 0.917159, 0.849887, 0.874831, 0.827979, 0.873838, 0.734737, 0.773166, 0.472599, 0.719352, 0.672274, 0.867758, 0.49603, 0.130622, 0.136784, 0.0921025, 0.84257, 0.295798, 0.485993]}, "RWrist": {"frame": [33, 34, 35, 36, 37, 38, 39, 40, 41, 42, 43, 44, 45, 46, 47, 48, 49, 50, 51, 52, 53], "x": [646.998, 645.037, 641.131, 637.228, 601.885, 552.909, 552.898, 572.509, 633.291, 695.888, 594.085, 601.976, 619.53, 615.665, 601.897, 0, 505.921, 0, 511.794, 509.9, 494.228], "y": [370.834, 384.525, 409.957, 447.207, 502.029, 484.424, 431.466, 388.449, 372.721, 384.548, 543.23, 494.128, 392.331, 504.02, 453.096, 0, 390.346, 0, 400.135, 413.804, 447.176], "conf": [0.842643, 0.888267, 0.819332, 0.871855, 0.862695, 0.839012, 0.805095, 0.763037, 0.536892, 0.85747, 0.319037, 0.826614, 0.546959, 0.871221, 0.809828, 0, 0.168843, 0, 0.869418, 0.394851, 0.366395]}, "LShoulder": {"frame": [33, 34, 35, 36, 37, 38, 39, 40, 41, 42, 43, 44, 45, 46, 47, 48, 49, 50, 51, 52, 53], "x": [633.304, 633.335, 637.192, 639.201, 648.885, 654.899, 660.732, 648.964, 603.862, 596.062, 601.887, 588.269, 586.347, 570.635, 564.732, 568.628, 564.71, 554.963, 554.934, 556.806, 554.825], "y": [362.935, 364.826, 364.844, 374.707, 386.432, 396.257, 396.278, 398.207, 439.315, 451.086, 443.19, 423.7, 443.288, 392.318, 378.614, 366.884, 360.964, 366.883, 378.644, 407.996, 433.529], "conf": [0.796177, 0.811018, 0.859113, 0.830275, 0.900398, 0.860883, 0.840644, 0.847121, 0.837317, 0.814058, 0.832392, 0.82532, 0.778043, 0.832973, 0.774664, 0.855802, 0.783103, 0.91169, 0.851592, 0.855703, 0.827063]}, "LElbow": {"frame": [33, 34, 35, 36, 37, 38, 39, 40, 41, 42, 43, 44, 45, 46, 47, 48, 49, 50, 51, 52, 53], "x": [654.83, 651.035, 650.881, 664.547, 680.363, 694.068, 682.256, 0, 600.009, 601.912, 619.5, 621.578, 609.778, 586.295, 578.459, 556.876, 551.03, 552.973, 554.844, 543.152, 552.905], "y": [396.283, 398.136, 400.152, 400.198, 398.299, 382.497, 366.835, 0, 494.227, 494.228, 507.831, 423.639, 458.952, 364.925, 357.038, 380.485, 402.097, 415.818, 429.455, 453.03, 482.419], "conf": [0.813949, 0.832296, 0.72818, 0.908626, 0.951495, 0.862387, 0.872372, 0, 0.851748, 0.915588, 0.775995, 0.824255, 0.788063, 0.693149, 0.81192, 0.804382, 0.865944, 0.921372, 0.899715, 0.872403, 0.816445]}, "LWrist": {"frame": [33, 34, 35, 36, 37, 38, 39, 40, 41, 42, 43, 44, 45, 46, 47, 48, 49, 50, 51, 52, 53], "x": [662.613, 662.692, 664.72, 686.185, 721.432, 744.904, 723.425, 0, 617.552, 600.008, 590.267, 625.451, 619.598, 541.306, 539.311, 507.826, 500.056, 503.971, 511.897, 509.791, 509.838], "y": [366.925, 374.664, 396.182, 419.759, 411.923, 368.782, 353.094, 0, 507.903, 523.658, 549.028, 458.906, 470.718, 366.898, 360.964, 368.91, 398.174, 415.847, 415.887, 431.493, 462.878], "conf": [0.826173, 0.709149, 0.70864, 0.82539, 0.844089, 0.883503, 0.801574, 0, 0.43647, 0.890249, 0.671027, 0.667702, 0.873228, 0.65823, 0.806056, 0.821721, 0.845852, 0.860323, 0.870761, 0.927131, 0.886571]}, "MidHip": {"frame": [33, 34, 35, 36, 37, 38, 39, 40, 41, 42, 43, 44, 45, 46, 47, 48, 49, 50, 51, 52, 53], "x": [619.509, 619.58, 619.587, 619.685, 627.383, 627.427, 635.234, 646.995, 649.046, 651.005, 662.653, 662.622, 654.828, 650.889, 648.926, 635.252, 619.553, 603.83, 584.356, 562.755, 551.018], "y": [445.172, 445.231, 449.122, 460.961, 474.568, 482.469, 492.169, 492.288, 482.418, 462.872, 443.201, 451.092, 431.539, 423.664, 429.484, 429.57, 429.571, 431.575, 443.261, 458.967, 476.457], "conf": [0.881637, 0.892276, 0.88207, 0.890508, 0.817969, 0.811375, 0.891578, 0.773101, 0.855728, 0.83365, 0.797332, 0.769874, 0.791714, 0.774614, 0.820136, 0.835887, 0.883708, 0.865994, 0.839689, 0.818636, 0.852972]}, "RHip": {"frame": [33, 34, 35, 36, 37, 38, 39, 40, 41, 42, 43, 44, 45, 46, 47, 48, 49, 50, 51, 52, 53], "x": [605.871, 607.835, 605.84, 605.903, 615.605, 617.549, 625.484, 646.995, 666.546, 670.509, 678.324, 650.904, 664.589, 656.813, 650.984, 635.212, 609.825, 588.308, 570.499, 545.17, 531.433], "y": [449.182, 451.124, 458.874, 464.87, 476.605, 488.295, 492.3, 494.173, 478.469, 458.918, 431.579, 464.812, 417.847, 413.867, 419.756, 429.486, 431.443, 433.491, 441.279, 453.068, 472.6], "conf": [0.826487, 0.796953, 0.831163, 0.817851, 0.842487, 0.830422, 0.833646, 0.685045, 0.855003, 0.791283, 0.781523, 0.805904, 0.738579, 0.694938, 0.729863, 0.702062, 0.78361, 0.803565, 0.824064, 0.765818, 0.804186]}, "RKnee": {"frame": [33, 34, 35, 36, 37, 38, 39, 40, 41, 42, 43, 44, 45, 46, 47, 48, 49, 50, 51, 52, 53], "x": [633.306, 633.215, 633.332, 637.228, 647.047, 647.05, 648.992, 662.61, 674.397, 680.339, 690.118, 656.775, 725.38, 733.233, 713.546, 664.688, 603.832, 570.624, 539.29, 509.852, 496.128], "y": [521.663, 521.559, 521.576, 523.483, 525.515, 535.357, 551.04, 541.265, 539.289, 519.659, 500.107, 521.656, 447.158, 429.582, 443.218, 462.968, 488.356, 494.219, 502.072, 509.849, 519.65], "conf": [0.903237, 0.893079, 0.922941, 0.918412, 0.942679, 0.892173, 0.880269, 0.543356, 0.8069, 0.806409, 0.717613, 0.841458, 0.917004, 0.855854, 0.886555, 0.659412, 0.899808, 0.91632, 0.893514, 0.948586, 0.87601]}, "RAnkle": {"frame": [33, 34, 35, 36, 37, 38, 39, 40, 41, 42, 43, 44, 45, 46, 47, 48, 49, 50, 51, 52, 53],