{"Nose": {"frame": [29, 30, 31, 32, 33, 34, 35, 36, 37, 38, 39, 40, 41, 42, 43, 44, 45, 46, 47, 48, 50, 51, 52, 53], "x": [566.681, 570.546, 570.534, 570.646, 570.63, 572.534, 586.253, 594.137, 582.327, 0, 0, 504.021, 0, 482.476, 527.474, 447.27, 0, 0, 0, 0, 441.299, 429.605, 423.635, 413.938], "y": [319.859, 323.777, 321.771, 327.645, 337.461, 362.905, 376.669, 372.727, 366.939, 0, 0, 451.079, 0, 455.039, 384.584, 380.584, 0, 0, 0, 0, 317.797, 306.18, 304.163, 302.24], "conf": [0.193824, 0.154238, 0.619902, 0.547176, 0.498711, 0.765512, 0.752505, 0.759697, 0.639586, 0, 0, 0.0732833, 0, 0.121745, 0.149301, 0.48857, 0, 0, 0, 0, 0.106339, 0.161263, 0.225549, 0.391283]}, "Neck": {"frame": [29, 30, 31, 32, 33, 34, 35, 36, 37, 38, 39, 40, 41, 42, 43, 44, 45, 46, 47, 48, 50, 51, 52, 53], "x": [539.224, 539.346, 539.327, 541.229, 541.164, 543.206, 556.906, 562.776, 558.87, 560.813, 551.028, 539.196, 0, 509.92, 511.885, 494.278, 498.153, 500.058, 498.116, 492.282, 466.81, 460.815, 449.125, 443.259], "y": [353.066, 353.185, 353.206, 364.829, 372.766, 394.293, 409.905, 402.159, 406.028, 421.688, 443.279, 443.279, 0, 431.428, 417.825, 396.255, 362.944, 351.205, 351.167, 355.115, 353.197, 349.182, 339.471, 337.522], "conf": [0.952193, 0.956387, 0.936448, 0.89408, 0.906953, 0.856293, 0.895834, 0.839769, 0.817143, 0.757561, 0.848417, 0.740979, 0, 0.688847, 0.712103, 0.733668, 0.766677, 0.877845, 0.886191, 0.911305, 0.842367, 0.816985, 0.789109, 0.798745]}, "RShoulder": {"frame": [29, 30, 31, 32, 33, 34, 35, 36, 37, 38, 39, 40, 41, 42, 43, 44, 45, 46, 47, 48, 50, 51, 52, 53], "x": [513.823, 517.691, 519.677, 521.604, 519.627, 521.602, 533.354, 539.206, 541.155, 586.279, 576.508, 551.015, 0, 519.66, 525.492, 500.052, 509.819, 511.874, 513.784, 507.872, 474.598, 462.811, 447.258, 435.464], "y": [353.198, 359.015, 359.059, 366.924, 384.448, 402.17, 423.659, 415.924, 415.831, 413.833, 419.785, 433.526, 0, 423.637, 423.672, 413.801, 359.043, 343.378, 339.409, 349.227, 349.216, 339.396, 337.396, 335.444], "conf": [0.877737, 0.825221, 0.828004, 0.89294, 0.881728, 0.84216, 0.781876, 0.853122, 0.869101, 0.752665, 0.756734, 0.617464, 0, 0.558397, 0.512213, 0.62422, 0.769125, 0.815017, 0.844535, 0.869387, 0.778759, 0.740705, 0.710656, 0.696304]}, "RElbow": {"frame": [29, 30, 31, 32, 33, 34, 35, 36, 37, 38, 39, 40, 41, 42, 43, 44, 45, 46, 47, 48, 50, 51, 52, 53], "x": [541.167, 543.151, 539.345, 525.511, 509.876, 509.808, 503.999, 490.296, 496.217, 570.619, 617.679, 560.829, 0, 549.064, 543.208, 541.297, 543.177, 541.256, 511.81, 494.23, 462.823, 449.108, 433.442, 425.641], "y": [400.117, 400.22, 408.001, 427.55, 443.267, 462.913, 472.638, 433.482, 427.523, 384.498, 398.168, 480.556, 0, 451.125, 476.462, 443.264, 398.192, 384.491, 400.139, 400.136, 407.987, 402.179, 400.161, 398.237], "conf": [1.00015, 0.947549, 0.946151, 0.930549, 0.934717, 0.927314, 0.793505, 0.814674, 0.668625, 0.203126, 0.823281, 0.175916, 0, 0.436521, 0.696727, 0.745716, 0.146121, 0.242079, 0.252063, 0.463751, 0.502222, 0.469871, 0.195825, 0.195808]}, "RWrist": {"frame": [29, 30, 31, 32, 33, 34, 35, 36, 37, 38, 39, 40, 41, 42, 43, 44, 45, 46, 47, 48, 50, 51, 52, 53], "x": [570.679, 570.604, 568.598, 562.768, 556.855, 533.409, 472.638, 460.937, 482.433, 525.595, 641.125, 554.961, 0, 543.176, 556.851, 553.002, 0, 0, 451.079, 464.846, 429.515, 417.764, 406.071, 400.237], "y": [353.153, 353.203, 366.848, 394.295, 439.344, 507.904, 519.651, 451.112, 400.207, 380.526, 351.228, 527.491, 0, 478.615, 523.628, 486.369, 0, 0, 413.856, 406.052, 413.794, 419.74, 431.56, 433.443], "conf": [0.905707, 0.902454, 0.885728, 0.820131, 0.83828, 0.867924, 0.819338, 0.851758, 0.646289, 0.288821, 0.728519, 0.091097, 0, 0.573827, 0.756074, 0.825123, 0, 0, 0.303637, 0.617514, 0.76476, 0.592218, 0.255674, 0.521011]}, "LShoulder": {"frame": [29, 30, 31, 32, 33, 34, 35, 36, 37, 38, 39, 40, 41, 42, 43, 44, 45, 46, 47, 48, 50, 51, 52, 53], "x": [556.996, 560.85, 558.828, 562.809, 564.75, 570.656, 586.214, 588.285, 580.437, 539.267, 523.646, 523.628, 0, 504.012, 492.305, 492.145, 492.219, 488.336, 484.399, 478.587, 462.896, 457.002, 449.212, 447.089], "y": [351.083, 351.141, 351.101, 353.214, 364.921, 380.601, 392.296, 388.424, 396.226, 431.557, 462.788, 447.16, 0, 433.526, 415.791, 382.546, 364.896, 355.101, 359.037, 366.81, 362.925, 353.086, 347.275, 343.371], "conf": [0.86052, 0.841303, 0.837786, 0.827207, 0.838884, 0.904198, 0.848556, 0.806525, 0.746703, 0.79158, 0.865347, 0.848634, 0, 0.77706, 0.597492, 0.84459, 0.869089, 0.868916, 0.807836, 0.902445, 0.856972, 0.867079, 0.835088, 0.891168]}, "LElbow": {"frame": [29, 30, 31, 32, 33, 34, 35, 36, 37, 38, 39, 40, 41, 42, 43, 44, 45, 46, 47, 48, 50, 51, 52, 53], "x": [588.328, 601.99, 600.026, 586.313, 580.392, 605.899, 629.379, 619.573, 603.95, 529.471, 525.601, 539.33, 0, 527.572, 527.531, 515.793, 505.936, 496.194, 494.25, 488.353, 462.892, 456.966, 447.19, 443.273], "y": [384.559, 382.421, 386.482, 386.465, 398.226, 396.224, 384.401, 359.009, 382.498, 474.597, 523.534, 478.493, 0, 435.444, 382.506, 370.743, 384.461, 411.94, 425.626, 429.571, 423.68, 413.853, 404.124, 402.158], "conf": [0.89315, 0.908624, 0.858087, 0.612079, 0.766328, 0.826032, 0.844321, 0.822631, 0.374845, 0.747854, 0.890802, 0.902611, 0, 0.463931, 0.355525, 0.842894, 0.8878, 0.869381, 0.862028, 0.920865, 0.892767, 0.90352, 0.892218, 0.872863]}, "LWrist": {"frame": [29, 30, 31, 32, 33, 34, 35, 36, 37, 38, 39, 40, 41, 42, 43, 44, 45, 46, 47, 48, 50, 51, 52, 53], "x": [588.164, 588.237, 588.204, 603.858, 594.117, 654.854, 680.331, 666.6, 623.511, 527.51, 529.504, 552.937, 0, 543.182, 523.488, 486.39, 458.952, 445.266, 445.142, 437.356, 415.925, 413.906, 402.12, 411.863], "y": [349.21, 347.219, 355.103, 382.579, 413.893, 415.855, 378.6, 339.499, 380.562, 500.113, 552.92, 529.443, 0, 476.572, 366.919, 357.073, 382.517, 411.927, 421.676, 427.551, 431.56, 435.4, 445.173, 447.118], "conf": [0.881846, 0.851112, 0.885329, 0.495857, 0.598573, 0.839373, 0.684239, 0.821787, 0.260008, 0.80446, 0.830245, 0.642177, 0, 0.67033, 0.489475, 0.833845, 0.755766, 0.798186, 0.827868, 0.819324, 0.914447, 0.882043, 0.892942, 0.873615]}, "MidHip": {"frame": [29, 30, 31, 32, 33, 34, 35, 36, 37, 38, 39, 40, 41, 42, 43, 44, 45, 46, 47, 48, 50, 51, 52, 53], "x": [541.135, 543.174, 541.226, 541.241, 541.318, 550.974, 549.077, 558.847, 572.599, 586.274, 588.218, 594.087, 0, 598.008, 592.145, 588.283, 574.553, 556.954, 539.217, 511.795, 462.831, 447.203, 431.569, 427.54], "y": [443.246, 445.18, 445.218, 449.11, 460.937, 476.613, 490.318, 496.225, 505.898, 494.286, 476.624, 456.963, 0, 433.493, 433.476, 433.496, 433.49, 431.565, 443.292, 451.132, 458.929, 447.127, 445.229, 445.243], "conf": [0.842473, 0.814015, 0.846224, 0.848187, 0.860345, 0.826873, 0.814657, 0.812336, 0.743415, 0.833461, 0.814109, 0.754455, 0, 0.745046, 0.749274, 0.730137, 0.79009, 0.776252, 0.773106, 0.741287, 0.784979, 0.813348, 0.796176, 0.778692]}, "RHip": {"frame": [29, 30, 31, 32, 33, 34, 35, 36, 37, 38, 39, 40, 41, 42, 43, 44, 45, 46, 47, 48, 50, 51, 52, 53], "x": [525.51, 529.454, 527.502, 525.637, 527.521, 537.277, 535.329, 551.026, 574.539, 603.895, 605.917, 613.682, 0, 607.859, 603.879, 598.008, 586.19, 560.832, 529.491, 507.854, 449.222, 435.455, 421.737, 415.821], "y": [449.116, 451.096, 451.119, 458.878, 464.855, 480.453, 492.268, 502.021, 505.984, 492.271, 466.82, 447.181, 0, 425.582, 421.711, 429.463, 429.5, 429.548, 445.199, 453.056, 456.99, 445.28, 443.28, 445.181], "conf": [0.8355, 0.774243, 0.786081, 0.794823, 0.801268, 0.785737, 0.816421, 0.757663, 0.653834, 0.805068, 0.752931, 0.761241, 0, 0.640953, 0.665553, 0.64869, 0.762217, 0.643417, 0.648925, 0.674225, 0.714001, 0.743632, 0.708694, 0.761633]}, "RKnee": {"frame": [29, 30, 31, 32, 33, 34, 35, 36, 37, 38, 39, 40, 41, 42, 43, 44, 45, 46, 47, 48, 50, 51, 52, 53],