{"Nose": {"frame": [44, 45, 46, 47, 48, 49, 50, 51, 52, 53, 54, 55, 56], "x": [556.875, 0, 0, 523.663, 519.668, 0, 0, 496.173, 472.677, 431.614, 392.318, 343.366, 292.425], "y": [447.151, 0, 0, 368.934, 364.857, 0, 0, 351.211, 351.198, 351.142, 355.125, 366.776, 366.764], "conf": [0.228867, 0, 0, 0.0824683, 0.0770785, 0, 0, 0.382872, 0.30464, 0.486389, 0.077638, 0.331977, 0.340699]}, "Neck": {"frame": [44, 45, 46, 47, 48, 49, 50, 51, 52, 53, 54, 55, 56], "x": [586.324, 582.375, 572.595, 558.894, 556.858, 556.837, 552.955, 537.322, 505.89, 460.978, 417.87, 372.757, 319.886], "y": [443.286, 429.453, 406.073, 396.185, 366.902, 362.96, 366.839, 376.656, 376.623, 376.613, 384.508, 388.374, 384.448], "conf": [0.789697, 0.75296, 0.679722, 0.645272, 0.84326, 0.824733, 0.80586, 0.797696, 0.81666, 0.857875, 0.893311, 0.85505, 0.975681]}, "RShoulder": {"frame": [44, 45, 46, 47, 48, 49, 50, 51, 52, 53, 54, 55, 56], "x": [586.294, 588.238, 570.572, 568.602, 560.837, 564.721, 555.002, 535.299, 496.207, 449.126, 409.924, 353.152, 300.234], "y": [447.203, 433.479, 390.41, 392.324, 364.835, 353.171, 357.043, 370.752, 378.593, 382.56, 392.297, 394.241, 386.487], "conf": [0.734582, 0.735198, 0.795627, 0.4981, 0.7315, 0.781387, 0.703327, 0.783026, 0.780813, 0.865035, 0.789397, 0.875221, 0.860102]}, "RElbow": {"frame": [44, 45, 46, 47, 48, 49, 50, 51, 52, 53, 54, 55, 56], "x": [611.734, 613.704, 596.102, 609.792, 554.9, 600.018, 560.844, 525.592, 478.539, 431.58, 382.491, 331.544, 276.738], "y": [462.87, 462.865, 376.617, 407.975, 400.099, 386.51, 413.94, 415.769, 406.023, 417.823, 429.484, 415.825, 417.829], "conf": [0.675877, 0.83319, 0.536835, 0.416594, 0.510684, 0.253176, 0.210642, 0.875136, 0.834559, 0.845376, 0.962856, 0.886515, 0.787095]}, "RWrist": {"frame": [44, 45, 46, 47, 48, 49, 50, 51, 52, 53, 54, 55, 56], "x": [613.722, 633.304, 588.301, 605.953, 525.47, 574.553, 535.318, 494.166, 449.108, 396.196, 339.479, 302.189, 276.72], "y": [484.411, 496.224, 382.611, 445.216, 411.925, 423.672, 431.529, 431.44, 425.589, 445.185, 447.178, 429.479, 415.866], "conf": [0.624976, 0.895373, 0.335416, 0.739318, 0.434281, 0.402772, 0.218961, 0.861146, 0.75262, 0.885994, 0.859929, 0.896222, 0.839813]}, "LShoulder": {"frame": [44, 45, 46, 47, 48, 49, 50, 51, 52, 53, 54, 55, 56], "x": [588.184, 572.515, 584.309, 552.972, 552.959, 551.022, 545.138, 539.256, 509.81, 474.555, 431.461, 394.309, 339.422], "y": [433.506, 419.768, 427.607, 396.251, 368.883, 368.809, 374.667, 382.418, 374.664, 368.799, 382.442, 384.511, 382.53], "conf": [0.855814, 0.809187, 0.613972, 0.618232, 0.862846, 0.869059, 0.79739, 0.889185, 0.897452, 0.89471, 0.891875, 0.897074, 0.898099]}, "LElbow": {"frame": [44, 45, 46, 47, 48, 49, 50, 51, 52, 53, 54, 55, 56], "x": [619.537, 599.99, 615.593, 586.187, 578.447, 570.575, 558.907, 541.149, 505.936, 490.203, 468.733, 437.422, 390.348], "y": [429.506, 400.228, 462.859, 368.844, 384.577, 413.827, 427.556, 431.532, 415.876, 402.103, 398.103, 384.54, 386.499], "conf": [0.898751, 0.755182, 0.681619, 0.85391, 0.825275, 0.952755, 0.891695, 0.962379, 0.96309, 0.873421, 0.818246, 0.870945, 0.849286]}, "LWrist": {"frame": [44, 45, 46, 47, 48, 49, 50, 51, 52, 53, 54, 55, 56], "x": [619.515, 605.942, 621.628, 554.873, 535.376, 527.568, 515.73, 494.202, 456.963, 455.045, 478.513, 466.753, 415.905], "y": [472.683, 400.132, 505.878, 380.549, 409.917, 433.485, 445.237, 435.436, 419.8, 415.878, 415.909, 408.035, 429.456], "conf": [0.820515, 0.793907, 0.704277, 0.770624, 0.788877, 0.840463, 0.890603, 0.846853, 0.840186, 0.841898, 0.695878, 0.812763, 0.878258]}, "MidHip": {"frame": [44, 45, 46, 47, 48, 49, 50, 51, 52, 53, 54, 55, 56], "x": [662.715, 654.859, 650.909, 648.884, 631.367, 603.985, 588.322, 568.67, 541.133, 507.929, 476.533, 437.419, 372.747], "y": [445.241, 429.527, 425.635, 429.47, 427.548, 431.498, 443.217, 449.211, 458.87, 460.867, 462.799, 458.966, 449.216], "conf": [0.744227, 0.775644, 0.79148, 0.792951, 0.787163, 0.857033, 0.797188, 0.812397, 0.855889, 0.882129, 0.842019, 0.768974, 0.743972]}, "RHip": {"frame": [44, 45, 46, 47, 48, 49, 50, 51, 52, 53, 54, 55, 56], "x": [650.916, 662.703, 656.827, 650.919, 633.284, 597.995, 578.435, 554.83, 523.655, 494.133, 466.781, 443.294, 374.703], "y": [460.831, 415.865, 413.876, 417.837, 417.839, 431.565, 443.257, 449.137, 458.896, 462.897, 462.893, 460.814, 451.131], "conf": [0.671458, 0.712033, 0.73728, 0.745824, 0.719681, 0.765575, 0.743957, 0.799186, 0.840375, 0.873676, 0.731456, 0.691993, 0.630163]}, "RKnee": {"frame": [44, 45, 46, 47, 48, 49, 50, 51, 52, 53, 54, 55, 56], "x": [654.845, 731.237, 737.109, 709.694, 652.875, 580.425, 551.04, 509.981, 482.486, 484.381, 468.74, 472.604, 435.407], "y": [515.775, 435.431, 415.887, 439.306, 460.886, 480.478, 505.886, 503.964, 505.974, 529.488, 539.187, 533.348, 513.776], "conf": [0.773284, 0.812872, 0.838331, 0.853517, 0.532058, 0.83707, 0.825165, 0.874822, 0.890542, 0.834104, 0.819013, 0.784615, 0.830575]}, "RAnkle": {"frame": [44, 45, 46, 47, 48, 49, 50, 51, 52, 53, 54, 55, 56], "x": [668.54, 741.081, 746.951, 739.12, 711.605, 629.381, 529.507, 494.259, 525.661, 552.917, 541.243, 539.312, 507.826], "y": [584.339, 368.883, 341.422, 360.995, 429.533, 509.858, 570.645, 582.338, 570.548, 574.509, 535.309, 570.674, 554.884], "conf": [0.870704, 0.665931, 0.77226, 0.682182, 0.782787, 0.571555, 0.862992, 0.861157, 0.891561, 0.872329, 0.815732, 0.929578, 0.888634]}, "LHip": {"frame": [44, 45, 46, 47, 48, 49, 50, 51, 52, 53, 54, 55, 56], "x": [668.555, 648.983, 645.071, 643.098, 633.205, 617.562, 601.966, 584.333, 556.816, 523.492, 480.458, 433.529, 374.718], "y": [433.51, 443.206, 435.416, 433.47, 429.57, 431.467, 441.319, 453.043, 457.001, 455.047, 460.934, 458.908, 449.111], "conf": [0.658655, 0.792011, 0.767626, 0.75437, 0.847837, 0.86005, 0.800618, 0.789919, 0.828915, 0.795504, 0.846925, 0.770688, 0.744765]}, "LKnee": {"frame": [44, 45, 46, 47, 48, 49, 50, 51, 52, 53, 54, 55, 56], "x": [723.384, 662.65, 654.883, 654.85, 648.984, 645.056, 635.331, 627.445, 602.011, 551.009, 476.598, 382.43, 327.638], "y": [478.64, 511.827, 509.817, 509.857, 509.81, 509.823, 509.915, 521.595, 521.614, 527.54, 537.302, 511.896, 507.923], "conf": [0.812451, 0.848824, 0.855951, 0.85808, 0.903999, 0.830747, 0.880271, 0.813463, 0.883749, 0.865775, 0.858275, 0.84867, 0.887104]}, "LAnkle": {"frame": [44, 45, 46, 47, 48, 49, 50, 51, 52, 53, 54, 55, 56], "x": [727.261, 666.695, 668.54, 668.605, 670.494, 674.413, 676.434, 676.398, 662.647, 617.542, 545.127, 456.988, 378.62], "y": [431.56, 584.297, 582.357, 582.341, 580.425, 578.448, 572.659, 574.513, 570.498, 551.027, 572.585, 543.194, 570.664], "conf": [0.767505, 0.862704, 0.83494, 0.829276, 0.818011, 0.800342, 0.860414, 0.848675, 0.827302, 0.826986, 0.834508, 0.762277, 0.859496]}, "REye": {"frame": [44, 45, 46, 47, 48, 49, 50, 51, 52, 53, 54, 55, 56], "x": [0, 0, 0, 0, 0, 0, 0, 0, 0, 0, 0, 0, 0], "y": [0, 0, 0, 0, 0, 0, 0, 0, 0, 0, 0, 0, 0], "conf": [0, 0, 0, 0, 0, 0, 0, 0, 0, 0, 0, 0, 0]}, "LEye": {"frame": [44, 45, 46, 47, 48, 49, 50, 51, 52, 53, 54, 55, 56], "x": [556.828, 0, 0, 523.573, 515.758, 0, 0, 500.077, 476.479, 435.446, 396.19, 349.152, 294.411], "y": [445.142, 0, 0, 366.934, 355.097, 0, 0, 347.244, 345.339, 345.302, 351.156, 359.059, 359.003], "conf": [0.255884, 0, 0, 0.12864, 0.112843, 0, 0, 0.417165, 0.347507, 0.449021, 0.0999851, 0.370855, 0.327154]}, "REar": {"frame": [44, 45, 46, 47, 48, 49, 50, 51, 52, 53, 54, 55, 56], "x": [562.801, 560.781, 552.94, 554.843, 543.245, 545.183, 541.299, 535.294, 501.999, 0, 419.744, 0, 0], "y": [433.446, 413.967, 384.49, 364.856, 339.493, 335.512, 335.499, 337.557, 339.486, 0, 351.098, 0, 0], "conf": [0.0532885, 0.317438, 0.402516, 0.278425, 0.298914, 0.354668, 0.34564, 0.127417, 0.179555, 0, 0.296361, 0, 0]}, "LEar": {"frame": [44, 45, 46, 47, 48, 49, 50, 51, 52, 53, 54, 55, 56], "x": [558.908, 541.282, 537.232, 527.5, 525.535, 523.588, 523.519, 509.977, 480.485, 447.108, 400.143, 353.192, 304.163],