{"Nose": {"frame": [2, 3, 4, 5, 6, 7, 8, 9, 10, 11, 12], "x": [709.669, 695.924, 682.272, 668.564, 658.744, 648.904, 637.21, 631.346, 631.255, 631.254, 633.215], "y": [272.732, 263.073, 259.187, 259.185, 261.033, 259.158, 259.102, 257.1, 253.222, 243.509, 239.532], "conf": [0.906346, 0.905137, 0.940152, 0.918913, 0.87565, 0.942566, 0.945469, 0.934494, 0.875177, 0.917383, 0.935276]}, "Neck": {"frame": [2, 3, 4, 5, 6, 7, 8, 9, 10, 11, 12], "x": [731.301, 721.435, 711.579, 697.863, 690.09, 680.268, 668.637, 666.615, 662.667, 650.954, 654.866], "y": [294.37, 290.359, 288.402, 286.46, 286.503, 286.477, 280.625, 276.701, 272.809, 272.755, 270.786], "conf": [0.824188, 0.842057, 0.887673, 0.871856, 0.811341, 0.857191, 0.821045, 0.867926, 0.806839, 0.866576, 0.842086]}, "RShoulder": {"frame": [2, 3, 4, 5, 6, 7, 8, 9, 10, 11, 12], "x": [742.996, 729.305, 719.532, 709.742, 697.927, 686.171, 680.373, 680.368, 664.634, 639.185, 633.362], "y": [288.539, 280.647, 274.825, 272.885, 272.906, 272.86, 268.931, 266.922, 261.11, 272.829, 272.876], "conf": [0.848016, 0.774604, 0.791422, 0.83593, 0.851778, 0.780085, 0.827995, 0.7675, 0.62969, 0.775872, 0.864922]}, "RElbow": {"frame": [2, 3, 4, 5, 6, 7, 8, 9, 10, 11, 12], "x": [715.606, 711.64, 699.963, 698.019, 696.038, 682.317, 684.226, 696.053, 652.898, 656.828, 645.033], "y": [333.505, 333.57, 325.735, 333.496, 333.48, 321.85, 319.867, 274.833, 321.818, 317.814, 331.609], "conf": [0.560845, 0.455374, 0.645529, 0.619357, 0.669999, 0.479813, 0.255247, 0.108973, 0.103393, 0.497647, 0.113285]}, "RWrist": {"frame": [2, 3, 4, 5, 6, 7, 8, 9, 10, 11, 12], "x": [680.287, 666.691, 664.6, 652.959, 654.846, 648.896, 646.943, 0, 0, 629.364, 0], "y": [317.818, 321.722, 321.787, 329.638, 327.668, 317.829, 292.417, 0, 0, 327.664, 0], "conf": [0.61378, 0.648648, 0.882313, 0.616078, 0.732033, 0.70049, 0.592847, 0, 0, 0.486459, 0]}, "LShoulder": {"frame": [2, 3, 4, 5, 6, 7, 8, 9, 10, 11, 12], "x": [727.296, 711.73, 698.026, 686.189, 682.185, 670.519, 662.687, 652.955, 658.783, 664.61, 680.24], "y": [304.156, 300.235, 298.259, 292.476, 296.323, 298.271, 294.349, 288.513, 276.791, 270.888, 263.005], "conf": [0.884154, 0.860072, 0.817887, 0.80579, 0.82127, 0.771689, 0.790901, 0.857991, 0.770508, 0.861412, 0.824449]}, "LElbow": {"frame": [2, 3, 4, 5, 6, 7, 8, 9, 10, 11, 12], "x": [697.967, 695.975, 690.105, 682.345, 680.215, 666.56, 654.898, 654.88, 666.623, 695.938, 727.294], "y": [351.194, 353.088, 353.217, 355.182, 357.064, 359.008, 353.218, 347.246, 329.652, 304.23, 294.387], "conf": [0.950486, 0.942749, 0.879048, 0.898544, 0.869831, 0.891963, 0.851177, 0.824279, 0.894188, 0.892008, 0.838806]}, "LWrist": {"frame": [2, 3, 4, 5, 6, 7, 8, 9, 10, 11, 12], "x": [668.622, 662.635, 652.896, 648.923, 639.224, 633.187, 619.525, 611.767, 615.696, 639.16, 666.667], "y": [319.764, 323.764, 333.593, 337.432, 337.417, 335.54, 335.393, 331.596, 321.893, 317.853, 313.942], "conf": [0.851123, 0.849528, 0.8865, 0.927499, 0.882757, 0.943577, 0.913629, 0.826098, 0.893259, 0.809276, 0.798803]}, "MidHip": {"frame": [2, 3, 4, 5, 6, 7, 8, 9, 10, 11, 12], "x": [758.638, 750.879, 743.013, 731.316, 727.242, 717.579, 715.634, 713.648, 707.708, 692.1, 682.216], "y": [396.175, 386.47, 384.509, 382.539, 382.447, 380.489, 378.609, 374.728, 380.551, 384.418, 384.482], "conf": [0.791563, 0.72849, 0.789188, 0.788217, 0.803542, 0.756216, 0.748049, 0.756559, 0.742393, 0.803089, 0.840483]}, "RHip": {"frame": [2, 3, 4, 5, 6, 7, 8, 9, 10, 11, 12], "x": [748.86, 745.013, 731.243, 723.416, 711.736, 701.861, 699.947, 697.997, 692.092, 674.446, 662.654], "y": [392.322, 384.516, 384.451, 380.588, 380.51, 378.573, 378.564, 376.624, 380.565, 384.503, 384.527], "conf": [0.686954, 0.660175, 0.699543, 0.733843, 0.771812, 0.764622, 0.740004, 0.709533, 0.694038, 0.774207, 0.809521]}, "RKnee": {"frame": [2, 3, 4, 5, 6, 7, 8, 9, 10, 11, 12], "x": [703.863, 696.039, 684.214, 678.387, 666.593, 656.777, 652.906, 654.854, 656.816, 654.872, 652.967], "y": [453.08, 451.13, 456.969, 458.9, 451.089, 447.27, 445.255, 445.254, 449.134, 462.858, 462.884], "conf": [0.826507, 0.903624, 0.844072, 0.824576, 0.866686, 0.833472, 0.881628, 0.860375, 0.82427, 0.835525, 0.817123]}, "RAnkle": {"frame": [2, 3, 4, 5, 6, 7, 8, 9, 10, 11, 12], "x": [725.372, 696.035, 680.319, 678.321, 682.394, 688.179, 696.05, 701.849, 711.687, 715.628, 713.673], "y": [539.195, 539.28, 541.251, 541.134, 523.596, 523.567, 519.676, 513.82, 509.887, 503.965, 492.305], "conf": [0.864452, 0.88332, 0.883467, 0.85616, 0.718998, 0.833797, 0.847308, 0.792585, 0.866685, 0.78321, 0.845991]}, "LHip": {"frame": [2, 3, 4, 5, 6, 7, 8, 9, 10, 11, 12], "x": [762.6, 758.652, 748.883, 744.912, 737.115, 735.175, 733.24, 729.3, 717.579, 709.727, 701.896], "y": [398.162, 392.313, 386.488, 384.497, 382.603, 380.602, 380.534, 378.574, 382.429, 382.601, 384.498], "conf": [0.821719, 0.801498, 0.769883, 0.843992, 0.800455, 0.785165, 0.764731, 0.754123, 0.759914, 0.794536, 0.753324]}, "LKnee": {"frame": [2, 3, 4, 5, 6, 7, 8, 9, 10, 11, 12], "x": [743.003, 725.332, 699.901, 684.26, 682.335, 682.301, 676.425, 672.489, 666.661, 664.656, 658.78], "y": [480.487, 476.482, 462.931, 456.989, 447.1, 439.328, 439.375, 439.316, 447.15, 460.862, 458.941], "conf": [0.854321, 0.829336, 0.841483, 0.837622, 0.913686, 0.844726, 0.802233, 0.801164, 0.902509, 0.901528, 0.837284]}, "LAnkle": {"frame": [2, 3, 4, 5, 6, 7, 8, 9, 10, 11, 12], "x": [821.369, 803.699, 776.235, 742.994, 690.089, 662.69, 647.049, 650.904, 651.012, 650.992, 656.836], "y": [507.989, 500.09, 492.256, 494.173, 523.557, 525.51, 537.277, 539.237, 547.126, 562.777, 568.67], "conf": [0.874055, 0.80356, 0.85749, 0.887055, 0.711741, 0.870273, 0.830864, 0.866175, 0.796573, 0.810714, 0.814344]}, "REye": {"frame": [2, 3, 4, 5, 6, 7, 8, 9, 10, 11, 12], "x": [709.678, 694.011, 680.32, 666.518, 651.054, 641.177, 633.349, 625.438, 621.547, 621.513, 623.535], "y": [263.01, 259.021, 257.083, 257.037, 257.116, 257.062, 255.201, 247.337, 243.498, 241.377, 229.726], "conf": [0.686292, 0.903106, 0.918295, 0.931956, 0.910128, 0.891065, 0.946577, 0.849383, 0.914748, 0.928702, 0.887147]}, "LEye": {"frame": [2, 3, 4, 5, 6, 7, 8, 9, 10, 11, 12], "x": [713.61, 699.922, 692.047, 680.199, 664.706, 652.887, 647.006, 635.343, 635.234, 635.253, 637.206], "y": [266.933, 259.091, 257.11, 257.043, 257.067, 255.199, 253.239, 245.451, 243.404, 239.493, 227.858], "conf": [0.883754, 0.920009, 0.885527, 0.905572, 0.942009, 0.893106, 0.883111, 0.902026, 0.964127, 0.938249, 0.909651]}, "REar": {"frame": [2, 3, 4, 5, 6, 7, 8, 9, 10, 11, 12], "x": [0, 0, 0, 0, 0, 0, 0, 0, 0, 0, 0], "y": [0, 0, 0, 0, 0, 0, 0, 0, 0, 0, 0], "conf": [0, 0, 0, 0, 0, 0, 0, 0, 0, 0, 0]}, "LEar": {"frame": [2, 3, 4, 5, 6, 7, 8, 9, 10, 11, 12], "x": [729.386, 719.479, 709.742, 695.94, 680.411, 670.49, 664.612, 654.895, 650.997, 650.977, 654.862], "y": [268.931, 259.16, 257.143, 257.038, 255.223, 255.118, 251.274, 245.411, 243.348, 239.45, 227.761], "conf": [0.844381, 0.861624, 0.911702, 0.891343, 0.894034, 0.833987, 0.877514, 0.833842, 0.937818, 0.878031, 0.874955]}, "LBigToe": {"frame": [2, 3, 4, 5, 6, 7, 8, 9, 10, 11, 12], "x": [807.712, 792.049, 762.616, 721.452, 650.932, 637.187, 627.432, 629.386, 621.509, 619.609, 623.512], "y": [551.01, 539.261, 527.484, 527.536, 541.269, 539.312, 541.229, 539.161, 545.128, 570.664, 582.387], "conf": [0.682249, 0.772248, 0.752854, 0.725572, 0.619395, 0.857666, 0.671225, 0.69796, 0.711468, 0.814817, 0.781165]}, "LSmallToe": {"frame": [2, 3, 4, 5, 6, 7, 8, 9, 10, 11, 12], "x": [821.409, 805.633, 774.391, 729.304, 662.702, 649.051, 635.219, 633.24, 631.365, 633.299, 635.33], "y": [543.152, 533.411, 523.539, 525.524, 543.245, 543.148, 545.16, 541.295, 554.873, 576.477, 586.299], "conf": [0.616603, 0.685803, 0.776443, 0.827318, 0.562521, 0.852146, 0.687213, 0.763388, 0.790607, 0.79352, 0.815985]}, "LHeel": {"frame": [2, 3, 4, 5, 6, 7, 8, 9, 10, 11, 12],