{"Nose": {"frame": [0, 1, 2, 3, 4, 5, 6, 7, 8, 9, 10, 11, 12, 13, 15], "x": [149.383, 147.489, 147.509, 147.53, 149.307, 151.389, 151.422, 151.35, 157.201, 161.093, 163.036, 163.002, 163.05, 163.107, 163.05], "y": [339.482, 341.414, 341.42, 341.408, 341.439, 343.321, 343.34, 343.341, 339.467, 337.565, 337.487, 337.393, 337.42, 335.559, 335.537], "conf": [0.835848, 0.860322, 0.863527, 0.870576, 0.849792, 0.807311, 0.818274, 0.814987, 0.837875, 0.887696, 0.893135, 0.891996, 0.915253, 0.946181, 0.905706]}, "Neck": {"frame": [0, 1, 2, 3, 4, 5, 6, 7, 8, 9, 10, 11, 12, 13, 15], "x": [151.362, 151.323, 151.333, 151.406, 157.211, 157.204, 157.228, 159.213, 163.03, 163.149, 165.015, 165.137, 167.006, 167.012, 167.026], "y": [353.071, 353.153, 353.16, 353.122, 353.23, 353.156, 351.203, 351.227, 351.254, 351.212, 351.194, 351.176, 351.18, 351.182, 351.173], "conf": [0.943814, 0.943492, 0.939742, 0.927497, 0.894858, 0.900248, 0.903264, 0.912805, 0.965115, 0.991563, 0.978424, 0.952017, 0.929161, 0.929238, 0.92368]}, "RShoulder": {"frame": [0, 1, 2, 3, 4, 5, 6, 7, 8, 9, 10, 11, 12, 13, 15], "x": [133.732, 133.775, 133.832, 135.715, 141.55, 139.576, 137.613, 141.521, 145.432, 147.419, 147.513, 149.404, 149.462, 149.474, 149.481], "y": [353.059, 353.223, 355.075, 353.217, 355.074, 353.097, 347.294, 349.212, 351.159, 351.217, 351.272, 351.217, 351.198, 351.183, 351.14], "conf": [0.923549, 0.899317, 0.864858, 0.868616, 0.836065, 0.829611, 0.821904, 0.814798, 0.873554, 0.932732, 0.9574, 0.959998, 0.947011, 0.934736, 0.923768]}, "RElbow": {"frame": [0, 1, 2, 3, 4, 5, 6, 7, 8, 9, 10, 11, 12, 13, 15], "x": [119.987, 120.004, 118.151, 119.992, 121.967, 127.794, 129.75, 131.67, 133.642, 133.756, 141.571, 147.473, 149.411, 151.317, 153.28], "y": [382.505, 382.48, 382.417, 382.409, 380.568, 380.596, 380.603, 382.442, 382.444, 382.517, 382.556, 384.516, 382.517, 382.477, 380.527], "conf": [0.906648, 0.926844, 0.916934, 0.908326, 0.843488, 0.853052, 0.854831, 0.879766, 0.868054, 0.899943, 0.826542, 0.843889, 0.829728, 0.806148, 0.745995]}, "RWrist": {"frame": [0, 1, 2, 3, 4, 5, 6, 7, 8, 9, 10, 11, 12, 13, 15], "x": [125.851, 120.073, 120.092, 120.065, 129.77, 131.731, 133.634, 133.635, 133.664, 131.809, 133.771, 135.723, 139.566, 139.611, 143.535], "y": [366.812, 362.934, 357.076, 355.16, 359.039, 357.068, 359.059, 364.84, 366.817, 366.931, 368.888, 376.684, 380.508, 380.605, 384.461], "conf": [0.839584, 0.845788, 0.842447, 0.863368, 0.808789, 0.826295, 0.811455, 0.850812, 0.840079, 0.890217, 0.834773, 0.816814, 0.791606, 0.799571, 0.796465]}, "LShoulder": {"frame": [0, 1, 2, 3, 4, 5, 6, 7, 8, 9, 10, 11, 12, 13, 15], "x": [167.11, 167.008, 165.172, 167.041, 172.868, 174.827, 176.783, 176.848, 178.748, 178.854, 180.733, 180.859, 182.734, 182.735, 182.756], "y": [353.087, 353.116, 353.1, 353.064, 353.198, 353.21, 353.21, 353.192, 353.108, 351.26, 351.211, 351.224, 351.233, 351.207, 351.218], "conf": [0.918626, 0.939508, 0.951136, 0.930237, 0.883743, 0.888335, 0.896372, 0.908943, 0.960185, 0.969309, 0.971946, 0.941918, 0.926775, 0.927251, 0.923595]}, "LElbow": {"frame": [0, 1, 2, 3, 4, 5, 6, 7, 8, 9, 10, 11, 12, 13, 15], "x": [176.754, 174.872, 167.012, 165.131, 167.055, 165.12, 168.969, 168.971, 174.845, 178.665, 180.783, 184.663, 192.421, 194.385, 194.519], "y": [384.485, 384.462, 382.456, 382.43, 384.437, 384.42, 384.551, 384.505, 384.412, 384.452, 382.612, 382.565, 382.545, 382.525, 382.625], "conf": [0.899259, 0.877406, 0.885479, 0.910778, 0.902781, 0.918536, 0.878062, 0.891242, 0.897787, 0.924216, 0.962971, 0.929351, 0.939717, 0.962998, 0.987003]}, "LWrist": {"frame": [0, 1, 2, 3, 4, 5, 6, 7, 8, 9, 10, 11, 12, 13, 15], "x": [147.417, 145.46, 143.509, 143.525, 147.384, 147.478, 147.508, 149.369, 149.474, 149.427, 153.295, 159.21, 163.01, 163.102, 165.011], "y": [370.75, 366.93, 366.869, 366.82, 366.935, 366.826, 366.886, 366.87, 366.939, 368.842, 370.77, 372.791, 380.534, 382.515, 384.449], "conf": [0.954453, 0.921449, 0.910191, 0.902841, 0.998899, 0.975789, 1.00602, 1.00724, 0.967827, 0.947393, 0.888195, 0.866362, 0.873733, 0.902492, 0.936312]}, "MidHip": {"frame": [0, 1, 2, 3, 4, 5, 6, 7, 8, 9, 10, 11, 12, 13, 15], "x": [169.022, 169.028, 170.946, 172.873, 174.846, 174.886, 174.873, 174.855, 174.843, 174.834, 174.849, 174.828, 174.839, 172.934, 172.932], "y": [413.886, 413.912, 413.954, 413.944, 415.77, 415.745, 413.929, 413.934, 413.927, 413.93, 413.926, 413.918, 413.881, 413.849, 413.82], "conf": [0.905269, 0.906193, 0.902194, 0.901199, 0.910629, 0.904473, 0.900709, 0.898695, 0.896747, 0.889994, 0.886231, 0.882378, 0.883597, 0.875146, 0.868376]}, "RHip": {"frame": [0, 1, 2, 3, 4, 5, 6, 7, 8, 9, 10, 11, 12, 13, 15], "x": [161.115, 161.125, 161.18, 163.011, 163.081, 163.112, 163.097, 163.081, 163.064, 163.057, 163.075, 163.065, 163.079, 163.049, 163.063], "y": [413.939, 415.76, 415.824, 415.814, 415.854, 415.804, 413.946, 413.942, 413.955, 413.959, 413.954, 413.951, 413.899, 413.875, 413.835], "conf": [0.928715, 0.927791, 0.930132, 0.942852, 0.944544, 0.946817, 0.949574, 0.94415, 0.946229, 0.937089, 0.933072, 0.934911, 0.937767, 0.927746, 0.929355]}, "RKnee": {"frame": [0, 1, 2, 3, 4, 5, 6, 7, 8, 9, 10, 11, 12, 13, 15], "x": [149.414, 149.402, 149.408, 149.439, 149.433, 149.432, 149.432, 149.446, 149.459, 149.47, 149.456, 149.464, 149.457, 149.46, 149.466], "y": [462.928, 462.897, 464.838, 462.968, 464.83, 462.898, 462.875, 462.851, 462.921, 464.813, 464.862, 466.747, 466.809, 466.766, 464.888], "conf": [0.936563, 0.955388, 0.920188, 0.932632, 0.926825, 0.961997, 0.963586, 0.959581, 0.935722, 0.904369, 0.899685, 0.894438, 0.888013, 0.891511, 0.893388]}, "RAnkle": {"frame": [0, 1, 2, 3, 4, 5, 6, 7, 8, 9, 10, 11, 12, 13, 15], "x": [161.104, 161.137, 161.136, 161.136, 161.183, 161.184, 161.166, 161.122, 161.128, 161.13, 161.143, 161.118, 161.12, 161.134, 161.13], "y": [511.799, 511.803, 511.871, 511.801, 511.799, 511.794, 509.984, 509.964, 511.802, 511.843, 511.854, 511.848, 511.859, 511.865, 511.895], "conf": [0.897498, 0.90943, 0.894219, 0.904867, 0.913915, 0.915199, 0.911268, 0.899011, 0.894091, 0.89008, 0.89234, 0.891212, 0.88811, 0.89062, 0.887964]}, "LHip": {"frame": [0, 1, 2, 3, 4, 5, 6, 7, 8, 9, 10, 11, 12, 13, 15], "x": [180.763, 180.768, 180.799, 180.842, 182.734, 182.78, 182.772, 182.756, 182.742, 182.72, 182.715, 182.695, 182.703, 182.668, 182.664], "y": [413.835, 413.844, 413.87, 413.857, 413.928, 413.919, 413.9, 413.913, 413.892, 413.889, 413.879, 413.864, 413.841, 413.811, 413.789], "conf": [0.92102, 0.924273, 0.937231, 0.918801, 0.903921, 0.878902, 0.869856, 0.875028, 0.876122, 0.875152, 0.87454, 0.879638, 0.878123, 0.880735, 0.873141]}, "LKnee": {"frame": [0, 1, 2, 3, 4, 5, 6, 7, 8, 9, 10, 11, 12, 13, 15], "x": [194.414, 194.429, 194.477, 194.464, 194.458, 194.467, 194.481, 194.499, 194.525, 194.544, 194.544, 194.533, 194.527, 194.531, 196.321], "y": [462.943, 464.799, 468.726, 466.766, 464.85, 464.824, 464.859, 464.792, 464.849, 468.722, 468.727, 468.721, 468.706, 466.821, 468.718], "conf": [0.921536, 0.921272, 0.894784, 0.906456, 0.919569, 0.91871, 0.912961, 0.927303, 0.917882, 0.895835, 0.896575, 0.899306, 0.90017, 0.901767, 0.895421]}, "LAnkle": {"frame": [0, 1, 2, 3, 4, 5, 6, 7, 8, 9, 10, 11, 12, 13, 15], "x": [210.206, 211.997, 212.083, 212.158, 212.146, 212.149, 212.111, 212.122, 212.126, 212.152, 212.149, 212.134, 212.141, 212.143, 212.13], "y": [515.787, 517.713, 519.639, 517.695, 519.65, 519.695, 521.556, 519.674, 519.702, 523.503, 523.521, 523.491, 521.665, 521.638, 521.641], "conf": [0.901627, 0.91272, 0.917823, 0.891391, 0.901535, 0.908071, 0.922606, 0.915731, 0.916043, 0.944879, 0.94293, 0.947284, 0.940716, 0.93911, 0.943482]}, "REye": {"frame": [0, 1, 2, 3, 4, 5, 6, 7, 8, 9, 10, 11, 12, 13, 15], "x": [147.416, 145.497, 147.317, 147.336, 147.365, 149.36, 149.397, 149.357, 151.348, 153.348, 159.158, 159.147, 159.202, 161.113, 161.072],