{"Nose": {"frame": [0, 1, 2, 3, 4, 5, 6, 7, 8, 9, 10, 11, 12, 13, 14, 15, 16, 17, 18, 19], "x": [196.405, 194.526, 194.348, 192.458, 196.342, 196.327, 196.384, 196.515, 198.388, 200.329, 198.349, 196.431, 198.343, 196.478, 196.493, 196.462, 198.338, 196.424, 196.444, 196.337], "y": [429.559, 429.455, 427.581, 427.591, 427.563, 427.529, 427.629, 427.582, 427.616, 427.625, 429.514, 429.518, 429.436, 427.61, 427.627, 427.606, 427.588, 427.565, 425.622, 423.648], "conf": [0.956422, 0.932628, 0.891349, 0.858754, 0.856966, 0.809002, 0.870079, 0.831106, 0.811325, 0.776916, 0.816993, 0.826403, 0.855264, 0.862912, 0.872486, 0.865631, 0.869912, 0.914218, 0.874759, 0.861475]}, "Neck": {"frame": [0, 1, 2, 3, 4, 5, 6, 7, 8, 9, 10, 11, 12, 13, 14, 15, 16, 17, 18, 19], "x": [196.413, 194.497, 194.513, 194.529, 196.409, 198.37, 200.338, 202.255, 204.231, 204.235, 204.234, 200.383, 200.347, 202.257, 200.38, 200.377, 200.337, 198.458, 198.4, 196.514], "y": [439.38, 437.395, 437.427, 437.389, 439.339, 439.355, 439.381, 439.336, 439.321, 439.314, 439.376, 439.334, 439.326, 439.348, 439.31, 437.38, 435.419, 435.419, 435.395, 435.431], "conf": [0.890388, 0.902578, 0.905709, 0.90589, 0.887624, 0.877697, 0.867821, 0.865289, 0.856599, 0.860718, 0.864133, 0.861095, 0.869925, 0.863744, 0.861552, 0.860515, 0.877483, 0.87581, 0.888172, 0.889361]}, "RShoulder": {"frame": [0, 1, 2, 3, 4, 5, 6, 7, 8, 9, 10, 11, 12, 13, 14, 15, 16, 17, 18, 19], "x": [178.844, 178.824, 180.718, 180.758, 180.84, 184.652, 186.642, 186.619, 188.585, 188.577, 188.591, 184.711, 184.65, 184.694, 184.678, 184.665, 182.753, 182.747, 182.728, 180.835], "y": [437.423, 439.324, 441.308, 439.323, 443.191, 441.3, 441.334, 439.326, 437.421, 437.418, 439.36, 439.317, 439.329, 439.369, 439.321, 437.37, 433.549, 435.416, 433.521, 435.436], "conf": [0.869253, 0.857294, 0.856291, 0.84294, 0.845172, 0.830724, 0.826112, 0.818368, 0.821527, 0.822439, 0.827268, 0.829898, 0.842438, 0.838395, 0.829048, 0.829596, 0.849886, 0.84544, 0.861099, 0.881501]}, "RElbow": {"frame": [0, 1, 2, 3, 4, 5, 6, 7, 8, 9, 10, 11, 12, 13, 14, 15, 16, 17, 18, 19], "x": [165.062, 163.064, 163.02, 163.061, 163.128, 165.081, 165.113, 165.19, 167.04, 166.993, 166.99, 165.168, 165.185, 167.024, 165.157, 165.159, 169.029, 178.711, 180.829, 182.737], "y": [470.676, 462.909, 460.788, 458.938, 458.945, 458.937, 458.932, 458.852, 453.083, 451.105, 449.222, 453.068, 455.015, 457.008, 458.95, 460.824, 462.88, 468.752, 464.863, 462.851], "conf": [0.82679, 0.922695, 0.931012, 0.935076, 0.942052, 0.941309, 0.941832, 0.904395, 0.879759, 0.910331, 0.918066, 0.898689, 0.904125, 0.911722, 0.945555, 0.965648, 0.869294, 0.820083, 0.764797, 0.769457]}, "RWrist": {"frame": [0, 1, 2, 3, 4, 5, 6, 7, 8, 9, 10, 11, 12, 13, 14, 15, 16, 17, 18, 19], "x": [165.085, 163.165, 163.169, 165.024, 165.147, 167.088, 170.925, 172.929, 176.826, 176.823, 176.823, 174.877, 174.813, 170.947, 170.939, 168.982, 167.092, 167.073, 174.822, 174.826], "y": [453.025, 445.231, 437.418, 433.458, 433.433, 433.504, 433.502, 433.445, 431.522, 431.495, 431.456, 431.486, 431.501, 431.588, 433.543, 441.316, 447.099, 458.858, 462.851, 462.966], "conf": [0.838398, 0.896177, 0.872052, 0.930366, 0.917414, 0.868425, 0.855004, 0.854276, 0.916718, 0.931482, 0.932237, 0.910293, 0.908632, 0.884472, 0.846925, 0.850108, 0.880835, 0.816262, 0.780461, 0.733046]}, "LShoulder": {"frame": [0, 1, 2, 3, 4, 5, 6, 7, 8, 9, 10, 11, 12, 13, 14, 15, 16, 17, 18, 19], "x": [212.139, 210.154, 210.124, 210.137, 211.996, 212.136, 214.076, 217.944, 219.905, 219.912, 219.896, 216.052, 216.05, 216.056, 216.046, 216.037, 217.974, 215.983, 214.067, 212.202], "y": [441.272, 437.387, 435.433, 435.473, 435.478, 437.391, 437.426, 441.255, 441.269, 441.267, 443.179, 441.305, 441.266, 439.367, 439.334, 437.386, 435.441, 435.405, 435.411, 435.406], "conf": [0.892401, 0.90119, 0.917773, 0.909896, 0.916693, 0.894416, 0.853009, 0.830908, 0.836897, 0.843945, 0.850909, 0.853546, 0.846547, 0.841549, 0.833881, 0.832521, 0.837131, 0.857568, 0.875989, 0.892261]}, "LElbow": {"frame": [0, 1, 2, 3, 4, 5, 6, 7, 8, 9, 10, 11, 12, 13, 14, 15, 16, 17, 18, 19], "x": [212.119, 204.211, 198.426, 196.432, 196.474, 198.421, 200.356, 202.31, 204.218, 202.311, 202.279, 200.356, 202.289, 206.181, 208.109, 208.202, 212.014, 214.005, 217.994, 223.776], "y": [470.649, 462.965, 462.828, 460.953, 460.926, 460.92, 460.894, 460.983, 462.812, 460.972, 462.793, 462.847, 462.824, 462.781, 462.793, 462.86, 464.794, 464.87, 464.825, 462.965], "conf": [0.91651, 0.890671, 0.929917, 0.983558, 0.963018, 0.95595, 0.938668, 0.916531, 0.905048, 0.915567, 0.91442, 0.898647, 0.899596, 0.909756, 0.912971, 0.947415, 0.952755, 0.91286, 0.885132, 0.912534]}, "LWrist": {"frame": [0, 1, 2, 3, 4, 5, 6, 7, 8, 9, 10, 11, 12, 13, 14, 15, 16, 17, 18, 19], "x": [182.766, 178.86, 178.859, 180.72, 180.829, 182.736, 186.617, 192.426, 194.343, 194.358, 194.382, 194.355, 192.525, 192.507, 192.465, 190.512, 188.6, 190.53, 194.333, 194.382], "y": [456.963, 447.265, 445.301, 445.146, 441.281, 439.372, 441.286, 443.205, 443.259, 443.179, 443.213, 443.296, 443.275, 443.245, 443.295, 445.151, 447.272, 458.865, 462.78, 464.854], "conf": [0.869103, 0.981425, 1.00538, 0.969827, 0.894961, 0.88301, 0.856863, 0.927188, 0.964388, 0.963454, 0.968622, 0.959582, 0.937084, 0.934476, 0.940083, 0.939383, 0.882818, 0.880886, 0.931723, 0.889398]}, "MidHip": {"frame": [0, 1, 2, 3, 4, 5, 6, 7, 8, 9, 10, 11, 12, 13, 14, 15, 16, 17, 18, 19], "x": [210.1, 210.063, 210.07, 210.129, 212.004, 212.068, 212.098, 212.059, 212.002, 210.2, 210.197, 210.165, 210.153, 210.151, 210.143, 210.113, 210.025, 208.185, 206.226, 202.272], "y": [496.218, 496.152, 496.13, 496.184, 496.209, 496.221, 496.236, 498.122, 498.155, 498.108, 498.13, 498.098, 498.108, 498.115, 498.088, 496.235, 498.085, 496.156, 494.305, 496.164], "conf": [0.900527, 0.912322, 0.919354, 0.922682, 0.924447, 0.925866, 0.924684, 0.912971, 0.906484, 0.917075, 0.913854, 0.914102, 0.913084, 0.91534, 0.913698, 0.90345, 0.875091, 0.881008, 0.86502, 0.849786]}, "RHip": {"frame": [0, 1, 2, 3, 4, 5, 6, 7, 8, 9, 10, 11, 12, 13, 14, 15, 16, 17, 18, 19], "x": [196.372, 196.369, 196.407, 196.49, 198.417, 200.324, 200.368, 198.451, 198.4, 196.533, 198.333, 196.505, 196.469, 196.461, 196.465, 196.424, 196.343, 196.322, 194.485, 194.347], "y": [498.109, 496.222, 496.198, 498.093, 498.12, 498.141, 498.16, 500.059, 500.073, 498.152, 498.163, 498.144, 498.166, 498.167, 498.13, 498.117, 498.108, 496.185, 496.139, 496.182], "conf": [0.901855, 0.90384, 0.906307, 0.87784, 0.857604, 0.855924, 0.853256, 0.852795, 0.852167, 0.863734, 0.863053, 0.870183, 0.875039, 0.880785, 0.878183, 0.886657, 0.883362, 0.894235, 0.90937, 0.883261]}, "RKnee": {"frame": [0, 1, 2, 3, 4, 5, 6, 7, 8, 9, 10, 11, 12, 13, 14, 15, 16, 17, 18, 19], "x": [190.492, 190.548, 192.412, 192.416, 192.465, 194.352, 194.359, 192.476, 192.444, 192.457, 192.433, 192.442, 192.436, 192.433, 190.539, 188.604, 186.652, 184.661, 180.855, 180.804], "y": [547.083, 547.063, 545.159, 545.169, 547.134, 547.086, 547.129, 549.02, 549.014, 549.051, 547.133, 545.188, 545.173, 545.116, 547.119, 547.114, 547.124, 545.124, 549.062, 550.973], "conf": [0.83337, 0.84552, 0.855942, 0.853298, 0.861549, 0.873362, 0.87291, 0.860454, 0.851723, 0.859494, 0.849691, 0.853847, 0.855292, 0.863565, 0.838908, 0.823178, 0.81858, 0.842342, 0.862081, 0.870273]}, "RAnkle": {"frame": [0, 1, 2, 3, 4, 5, 6, 7, 8, 9, 10, 11, 12, 13, 14, 15, 16, 17, 18, 19], "x": [194.463, 194.492, 194.498, 194.493, 194.545, 196.355, 196.328, 194.546, 194.527, 194.532, 194.501, 194.486, 194.485, 194.472, 194.447, 194.403, 194.366, 192.512, 192.454, 186.641], "y": [592.2, 592.199, 592.179, 592.164, 592.182, 592.183, 592.143, 592.202, 592.208, 592.168, 592.144, 590.275, 592.204, 592.149, 592.199, 594.082, 592.146, 592.182, 592.204, 594.081],